temperature,humidity,year,month,day_of_week,hour,quarter,is_weekend,comfort
23.718,60.385,2023,6,5,1,2,1,8
23.715,60.377,2023,6,5,2,2,1,8
23.716,60.358,2023,6,5,2,2,1,8
23.719,60.426,2023,6,5,2,2,1,8
23.712,60.435,2023,6,5,2,2,1,8
23.705,60.458,2023,6,5,2,2,1,8
23.705,60.46,2023,6,5,2,2,1,8
23.706,60.465,2023,6,5,2,2,1,8
23.704,60.531,2023,6,5,2,2,1,8
23.704,60.57,2023,6,5,2,2,1,8
23.7,60.539,2023,6,5,2,2,1,8
23.698,60.583,2023,6,5,2,2,1,8
23.695,60.612,2023,6,5,2,2,1,8
23.692,60.643,2023,6,5,2,2,1,8
23.69,60.785,2023,6,5,2,2,1,8
23.686,60.837,2023,6,5,2,2,1,8
23.679,60.845,2023,6,5,2,2,1,8
23.666,60.858,2023,6,5,2,2,1,8
23.655,60.843,2023,6,5,2,2,1,8
23.649,60.868,2023,6,5,2,2,1,8
23.642,60.944,2023,6,5,2,2,1,8
23.626,60.964,2023,6,5,2,2,1,8
23.612,60.978,2023,6,5,2,2,1,8
23.586,61.48,2023,6,5,2,2,1,8
23.419,62.143,2023,6,5,2,2,1,8
23.171,62.814,2023,6,5,2,2,1,8
22.915,63.615,2023,6,5,2,2,1,9
22.709,64.35,2023,6,5,2,2,1,9
22.571,64.772,2023,6,5,2,2,1,9
22.46,65.147,2023,6,5,2,2,1,9
22.373,65.432,2023,6,5,2,2,1,9
22.292,65.733,2023,6,5,3,2,1,9
22.22,66.077,2023,6,5,3,2,1,9
22.18,66.13,2023,6,5,3,2,1,9
22.158,66.161,2023,6,5,3,2,1,9
22.136,66.238,2023,6,5,3,2,1,9
22.116,66.27,2023,6,5,3,2,1,9
22.105,66.273,2023,6,5,3,2,1,9
22.086,66.273,2023,6,5,3,2,1,9
22.066,66.374,2023,6,5,3,2,1,9
22.039,66.418,2023,6,5,3,2,1,9
22.011,66.599,2023,6,5,3,2,1,9
21.986,66.686,2023,6,5,3,2,1,9
21.978,66.458,2023,6,5,3,2,1,9
21.965,65.949,2023,6,5,3,2,1,9
21.937,65.615,2023,6,5,3,2,1,9
21.918,65.54,2023,6,5,3,2,1,9
21.901,65.578,2023,6,5,3,2,1,9
21.893,65.626,2023,6,5,3,2,1,9
21.887,65.622,2023,6,5,3,2,1,9
21.881,65.645,2023,6,5,3,2,1,9
21.885,65.692,2023,6,5,3,2,1,9
21.902,65.772,2023,6,5,3,2,1,9
21.925,65.78,2023,6,5,3,2,1,9
21.953,65.777,2023,6,5,3,2,1,9
21.973,65.776,2023,6,5,3,2,1,9
21.981,65.775,2023,6,5,3,2,1,9
21.986,65.774,2023,6,5,3,2,1,9
21.985,65.735,2023,6,5,3,2,1,9
21.959,65.673,2023,6,5,3,2,1,9
21.92,65.723,2023,6,5,3,2,1,9
21.89,65.832,2023,6,5,4,2,1,9
21.864,65.906,2023,6,5,4,2,1,9
21.841,65.935,2023,6,5,4,2,1,9
21.831,65.938,2023,6,5,4,2,1,9
21.831,65.981,2023,6,5,4,2,1,9
21.846,66.015,2023,6,5,4,2,1,9
21.859,66.017,2023,6,5,4,2,1,9
21.876,65.925,2023,6,5,4,2,1,9
21.886,65.844,2023,6,5,4,2,1,9
21.897,65.788,2023,6,5,4,2,1,9
21.904,65.701,2023,6,5,4,2,1,9
21.902,65.666,2023,6,5,4,2,1,9
21.895,65.655,2023,6,5,4,2,1,9
21.884,65.687,2023,6,5,4,2,1,9
21.881,65.747,2023,6,5,4,2,1,9
21.891,65.697,2023,6,5,4,2,1,9
21.903,65.618,2023,6,5,4,2,1,9
21.914,65.535,2023,6,5,4,2,1,9
21.918,65.601,2023,6,5,4,2,1,9
21.911,65.614,2023,6,5,4,2,1,9
21.915,65.541,2023,6,5,4,2,1,9
21.927,65.524,2023,6,5,4,2,1,9
21.93,65.423,2023,6,5,4,2,1,9
21.918,65.399,2023,6,5,4,2,1,9
21.915,65.396,2023,6,5,4,2,1,9
21.912,65.4,2023,6,5,4,2,1,9
21.91,65.456,2023,6,5,4,2,1,9
21.921,65.413,2023,6,5,4,2,1,9
21.932,65.404,2023,6,5,4,2,1,9
21.936,65.394,2023,6,5,4,2,1,9
21.938,65.392,2023,6,5,5,2,1,9
21.933,65.393,2023,6,5,5,2,1,9
21.927,65.394,2023,6,5,5,2,1,9
21.902,65.446,2023,6,5,5,2,1,9
21.864,65.568,2023,6,5,5,2,1,9
21.811,65.73,2023,6,5,5,2,1,9
21.768,65.881,2023,6,5,5,2,1,9
21.735,66.017,2023,6,5,5,2,1,9
21.707,66.055,2023,6,5,5,2,1,9
21.695,66.159,2023,6,5,5,2,1,9
21.669,66.194,2023,6,5,5,2,1,9
21.644,66.299,2023,6,5,5,2,1,9
21.632,66.325,2023,6,5,5,2,1,9
21.62,66.366,2023,6,5,5,2,1,9
21.612,66.412,2023,6,5,5,2,1,9
21.612,66.412,2023,6,5,5,2,1,9
21.606,66.418,2023,6,5,5,2,1,9
21.601,66.453,2023,6,5,5,2,1,9
21.601,66.457,2023,6,5,5,2,1,9
21.61,66.458,2023,6,5,5,2,1,9
21.625,66.397,2023,6,5,5,2,1,9
21.653,66.329,2023,6,5,5,2,1,9
21.667,66.317,2023,6,5,5,2,1,9
21.673,66.293,2023,6,5,5,2,1,9
21.669,66.317,2023,6,5,5,2,1,9
21.667,66.321,2023,6,5,5,2,1,9
21.664,66.322,2023,6,5,5,2,1,9
21.658,66.435,2023,6,5,5,2,1,9
21.647,66.454,2023,6,5,5,2,1,9
21.639,66.46,2023,6,5,5,2,1,9
21.618,66.51,2023,6,5,6,2,1,9
21.602,66.568,2023,6,5,6,2,1,9
21.588,66.633,2023,6,5,6,2,1,9
21.577,66.655,2023,6,5,6,2,1,9
21.562,66.71,2023,6,5,6,2,1,9
21.534,66.726,2023,6,5,6,2,1,9
21.524,66.807,2023,6,5,6,2,1,9
21.523,66.849,2023,6,5,6,2,1,9
21.513,66.96,2023,6,5,6,2,1,9
21.505,67.01,2023,6,5,6,2,1,9
21.51,67.002,2023,6,5,6,2,1,9
21.508,67.008,2023,6,5,6,2,1,9
21.508,66.996,2023,6,5,6,2,1,9
21.514,66.986,2023,6,5,6,2,1,9
21.526,66.981,2023,6,5,6,2,1,9
21.528,66.982,2023,6,5,6,2,1,9
21.533,66.981,2023,6,5,6,2,1,9
21.549,66.98,2023,6,5,6,2,1,9
21.554,66.98,2023,6,5,6,2,1,9
21.561,66.979,2023,6,5,6,2,1,9
21.58,66.968,2023,6,5,6,2,1,9
21.593,66.867,2023,6,5,6,2,1,9
21.612,66.787,2023,6,5,6,2,1,9
21.631,66.725,2023,6,5,6,2,1,9
21.641,66.706,2023,6,5,6,2,1,9
21.645,66.624,2023,6,5,6,2,1,9
21.638,66.599,2023,6,5,6,2,1,9
21.635,66.645,2023,6,5,6,2,1,9
21.623,66.704,2023,6,5,6,2,1,9
21.621,66.771,2023,6,5,6,2,1,9
21.612,66.836,2023,6,5,7,2,1,9
21.609,66.912,2023,6,5,7,2,1,9
21.6,66.985,2023,6,5,7,2,1,9
21.595,67.076,2023,6,5,7,2,1,9
21.593,67.107,2023,6,5,7,2,1,9
21.597,67.104,2023,6,5,7,2,1,9
21.593,67.113,2023,6,5,7,2,1,9
21.604,67.152,2023,6,5,7,2,1,9
21.624,67.118,2023,6,5,7,2,1,9
21.625,66.994,2023,6,5,7,2,1,9
21.631,66.889,2023,6,5,7,2,1,9
21.622,66.958,2023,6,5,7,2,1,9
21.622,66.898,2023,6,5,7,2,1,9
21.624,66.889,2023,6,5,7,2,1,9
21.635,66.951,2023,6,5,7,2,1,9
21.66,66.825,2023,6,5,7,2,1,9
21.666,66.64,2023,6,5,7,2,1,9
21.669,66.588,2023,6,5,7,2,1,9
21.661,66.657,2023,6,5,7,2,1,9
21.667,66.661,2023,6,5,7,2,1,9
21.67,66.767,2023,6,5,7,2,1,9
21.679,66.72,2023,6,5,7,2,1,9
21.702,66.708,2023,6,5,7,2,1,9
21.704,66.712,2023,6,5,7,2,1,9
21.706,66.746,2023,6,5,7,2,1,9
21.707,66.815,2023,6,5,7,2,1,9
21.704,66.944,2023,6,5,7,2,1,9
21.723,66.957,2023,6,5,7,2,1,9
21.741,66.995,2023,6,5,7,2,1,9
21.77,67.068,2023,6,5,8,2,1,9
21.789,66.982,2023,6,5,8,2,1,9
21.816,66.9,2023,6,5,8,2,1,9
21.848,66.84,2023,6,5,8,2,1,9
21.877,66.834,2023,6,5,8,2,1,9
21.897,66.728,2023,6,5,8,2,1,9
21.921,66.628,2023,6,5,8,2,1,9
21.946,66.444,2023,6,5,8,2,1,9
21.963,66.45,2023,6,5,8,2,1,9
21.98,66.34,2023,6,5,8,2,1,9
21.995,66.25,2023,6,5,8,2,1,9
21.998,66.089,2023,6,5,8,2,1,9
22.021,66.054,2023,6,5,8,2,1,9
22.045,66.034,2023,6,5,8,2,1,9
22.084,65.88,2023,6,5,8,2,1,9
22.107,65.792,2023,6,5,8,2,1,9
22.146,65.757,2023,6,5,8,2,1,9
22.189,65.688,2023,6,5,8,2,1,9
22.2,65.666,2023,6,5,8,2,1,9
22.208,65.72,2023,6,5,8,2,1,9
22.233,65.639,2023,6,5,8,2,1,9
22.258,65.52,2023,6,5,8,2,1,9
22.276,65.46,2023,6,5,8,2,1,9
22.293,65.361,2023,6,5,8,2,1,9
22.297,65.349,2023,6,5,8,2,1,9
22.325,65.236,2023,6,5,8,2,1,9
22.316,65.207,2023,6,5,8,2,1,9
22.293,65.355,2023,6,5,8,2,1,9
22.296,65.465,2023,6,5,8,2,1,9
22.332,65.477,2023,6,5,8,2,1,9
22.373,65.339,2023,6,5,9,2,1,9
22.41,64.963,2023,6,5,9,2,1,9
22.43,64.842,2023,6,5,9,2,1,9
22.41,64.901,2023,6,5,9,2,1,9
22.401,65.024,2023,6,5,9,2,1,9
22.451,65.283,2023,6,5,9,2,1,9
22.587,64.707,2023,6,5,9,2,1,9
22.773,63.959,2023,6,5,9,2,1,9
22.968,63.348,2023,6,5,9,2,1,9
23.15,62.566,2023,6,5,9,2,1,9
23.316,62.038,2023,6,5,9,2,1,8
23.447,61.752,2023,6,5,9,2,1,8
23.573,61.491,2023,6,5,9,2,1,8
23.704,60.947,2023,6,5,9,2,1,8
23.791,60.634,2023,6,5,9,2,1,8
23.871,60.515,2023,6,5,9,2,1,8
23.956,60.323,2023,6,5,9,2,1,8
24.055,60.3,2023,6,5,9,2,1,8
24.152,60.152,2023,6,5,9,2,1,8
24.23,60.057,2023,6,5,9,2,1,8
24.317,59.93,2023,6,5,9,2,1,8
24.406,59.655,2023,6,5,9,2,1,8
24.458,59.407,2023,6,5,9,2,1,8
24.501,59.378,2023,6,5,9,2,1,8
24.572,59.281,2023,6,5,9,2,1,8
24.651,58.961,2023,6,5,9,2,1,8
24.696,58.864,2023,6,5,9,2,1,8
24.746,58.579,2023,6,5,9,2,1,8
24.754,58.496,2023,6,5,9,2,1,8
24.761,58.528,2023,6,5,9,2,1,8
24.796,58.597,2023,6,5,10,2,1,7
24.844,58.586,2023,6,5,10,2,1,7
24.91,58.397,2023,6,5,10,2,1,7
24.975,57.983,2023,6,5,10,2,1,7
25.039,57.712,2023,6,5,10,2,1,7
25.086,57.396,2023,6,5,10,2,1,7
25.133,57.281,2023,6,5,10,2,1,7
25.17,57.339,2023,6,5,10,2,1,7
25.218,57.516,2023,6,5,10,2,1,7
25.283,57.418,2023,6,5,10,2,1,7
25.34,57.006,2023,6,5,10,2,1,7
25.365,56.697,2023,6,5,10,2,1,7
25.366,56.918,2023,6,5,10,2,1,7
25.399,57.008,2023,6,5,10,2,1,7
25.444,56.86,2023,6,5,10,2,1,7
25.496,56.745,2023,6,5,10,2,1,7
25.543,56.673,2023,6,5,10,2,1,7
25.597,56.668,2023,6,5,10,2,1,7
25.665,56.697,2023,6,5,10,2,1,7
25.75,56.629,2023,6,5,10,2,1,7
25.849,56.302,2023,6,5,10,2,1,7
25.946,56.039,2023,6,5,10,2,1,6
26.044,55.772,2023,6,5,10,2,1,6
26.135,55.589,2023,6,5,10,2,1,6
26.225,55.404,2023,6,5,10,2,1,6
26.304,55.112,2023,6,5,10,2,1,6
26.377,54.584,2023,6,5,10,2,1,6
26.448,54.057,2023,6,5,10,2,1,6
26.507,52.998,2023,6,5,10,2,1,6
26.564,52.229,2023,6,5,10,2,1,6
26.65,52.48,2023,6,5,11,2,1,6
26.737,52.353,2023,6,5,11,2,1,6
26.81,51.632,2023,6,5,11,2,1,6
26.866,50.655,2023,6,5,11,2,1,6
26.922,50.638,2023,6,5,11,2,1,6
27.001,50.842,2023,6,5,11,2,1,5
27.071,50.83,2023,6,5,11,2,1,5
27.149,50.858,2023,6,5,11,2,1,5
27.214,50.094,2023,6,5,11,2,1,5
27.358,49.384,2023,6,5,11,2,1,5
27.405,48.678,2023,6,5,11,2,1,5
27.419,47.783,2023,6,5,11,2,1,5
27.446,47.491,2023,6,5,11,2,1,5
27.479,47.085,2023,6,5,11,2,1,5
27.518,46.633,2023,6,5,11,2,1,5
27.552,46.223,2023,6,5,11,2,1,5
27.584,46.302,2023,6,5,11,2,1,5
27.604,46.653,2023,6,5,11,2,1,5
27.598,46.552,2023,6,5,11,2,1,5
27.585,45.887,2023,6,5,11,2,1,5
27.537,45.969,2023,6,5,11,2,1,5
27.515,45.704,2023,6,5,11,2,1,5
27.479,45.287,2023,6,5,11,2,1,5
27.436,44.362,2023,6,5,11,2,1,5
27.394,44.654,2023,6,5,11,2,1,5
27.377,44.91,2023,6,5,11,2,1,5
27.376,45.223,2023,6,5,11,2,1,5
27.394,45.197,2023,6,5,11,2,1,5
27.413,45.117,2023,6,5,12,2,1,5
27.411,45.505,2023,6,5,12,2,1,5
27.418,45.422,2023,6,5,12,2,1,5
27.417,44.495,2023,6,5,12,2,1,5
27.412,44.28,2023,6,5,12,2,1,5
27.407,44.034,2023,6,5,12,2,1,5
27.408,43.586,2023,6,5,12,2,1,5
27.415,42.256,2023,6,5,12,2,1,5
27.438,41.679,2023,6,5,12,2,1,5
27.443,39.375,2023,6,5,12,2,1,5
27.426,39.383,2023,6,5,12,2,1,5
27.417,39.195,2023,6,5,12,2,1,5
27.414,39.833,2023,6,5,12,2,1,5
27.412,38.759,2023,6,5,12,2,1,5
27.412,39.204,2023,6,5,12,2,1,5
27.425,39.961,2023,6,5,12,2,1,5
27.424,38.074,2023,6,5,12,2,1,5
27.431,38.251,2023,6,5,12,2,1,5
27.44,38.478,2023,6,5,12,2,1,5
27.432,37.902,2023,6,5,12,2,1,5
27.439,37.855,2023,6,5,12,2,1,5
27.456,38.234,2023,6,5,12,2,1,5
27.485,38.663,2023,6,5,12,2,1,5
27.525,38.724,2023,6,5,12,2,1,5
27.554,39.414,2023,6,5,12,2,1,5
27.567,38.861,2023,6,5,12,2,1,5
27.575,38.702,2023,6,5,12,2,1,5
27.571,37.734,2023,6,5,12,2,1,5
27.569,37.86,2023,6,5,12,2,1,5
27.581,38.21,2023,6,5,12,2,1,5
27.598,38.874,2023,6,5,13,2,1,5
27.581,37.708,2023,6,5,13,2,1,5
27.58,37.375,2023,6,5,13,2,1,5
27.586,37.884,2023,6,5,13,2,1,5
27.594,37.624,2023,6,5,13,2,1,5
27.612,37.856,2023,6,5,13,2,1,5
27.634,38.413,2023,6,5,13,2,1,5
27.663,38.502,2023,6,5,13,2,1,5
27.689,38.105,2023,6,5,13,2,1,5
27.682,37.965,2023,6,5,13,2,1,5
27.668,37.036,2023,6,5,13,2,1,4
27.657,37.344,2023,6,5,13,2,1,4
27.67,37.612,2023,6,5,13,2,1,4
27.696,38.118,2023,6,5,13,2,1,5
27.732,38.607,2023,6,5,13,2,1,5
27.751,37.891,2023,6,5,13,2,1,4
27.751,37.747,2023,6,5,13,2,1,4
27.753,38.064,2023,6,5,13,2,1,4
27.76,37.812,2023,6,5,13,2,1,4
27.76,37.311,2023,6,5,13,2,1,4
27.753,37.412,2023,6,5,13,2,1,4
27.732,37.481,2023,6,5,13,2,1,4
27.722,38.773,2023,6,5,13,2,1,5
27.688,37.563,2023,6,5,13,2,1,4
27.652,36.518,2023,6,5,13,2,1,4
27.632,36.011,2023,6,5,13,2,1,4
27.598,35.436,2023,6,5,13,2,1,4
27.555,36.162,2023,6,5,13,2,1,4
27.508,35.203,2023,6,5,13,2,1,4
27.486,35.407,2023,6,5,13,2,1,4
27.481,35.065,2023,6,5,14,2,1,4
27.485,35.928,2023,6,5,14,2,1,4
27.517,36.349,2023,6,5,14,2,1,4
27.553,35.668,2023,6,5,14,2,1,4
27.549,35.15,2023,6,5,14,2,1,4
27.523,35.599,2023,6,5,14,2,1,4
27.512,35.771,2023,6,5,14,2,1,4
27.522,36.334,2023,6,5,14,2,1,4
27.505,36.787,2023,6,5,14,2,1,4
27.484,36.319,2023,6,5,14,2,1,4
27.474,35.587,2023,6,5,14,2,1,4
27.478,35.086,2023,6,5,14,2,1,4
27.487,33.945,2023,6,5,14,2,1,4
27.505,34.48,2023,6,5,14,2,1,4
27.532,34.995,2023,6,5,14,2,1,4
27.555,35.282,2023,6,5,14,2,1,4
27.58,35.403,2023,6,5,14,2,1,4
27.582,36.104,2023,6,5,14,2,1,4
27.55,35.917,2023,6,5,14,2,1,4
27.522,36.196,2023,6,5,14,2,1,4
27.524,36.765,2023,6,5,14,2,1,4
27.52,37.215,2023,6,5,14,2,1,5
27.5,37.878,2023,6,5,14,2,1,5
27.478,38.198,2023,6,5,14,2,1,5
27.469,38.566,2023,6,5,14,2,1,5
27.449,38.603,2023,6,5,14,2,1,5
27.431,38.847,2023,6,5,14,2,1,5
27.409,38.967,2023,6,5,14,2,1,5
27.384,39.247,2023,6,5,14,2,1,5
27.374,39.14,2023,6,5,15,2,1,5
27.37,38.915,2023,6,5,15,2,1,5
27.362,38.691,2023,6,5,15,2,1,5
27.349,38.296,2023,6,5,15,2,1,5
27.343,38.354,2023,6,5,15,2,1,5
27.343,38.004,2023,6,5,15,2,1,5
27.321,37.302,2023,6,5,15,2,1,5
27.271,37.537,2023,6,5,15,2,1,5
27.258,37.755,2023,6,5,15,2,1,5
27.259,37.748,2023,6,5,15,2,1,5
27.239,37.974,2023,6,5,15,2,1,5
27.216,38.199,2023,6,5,15,2,1,5
27.199,38.275,2023,6,5,15,2,1,5
27.194,38.399,2023,6,5,15,2,1,5
27.2,38.466,2023,6,5,15,2,1,5
27.209,38.473,2023,6,5,15,2,1,5
27.21,38.401,2023,6,5,15,2,1,5
27.17,38.226,2023,6,5,15,2,1,5
27.117,38.144,2023,6,5,15,2,1,5
27.07,38.193,2023,6,5,15,2,1,5
27.041,38.286,2023,6,5,15,2,1,5
27.006,38.401,2023,6,5,15,2,1,5
26.979,38.33,2023,6,5,15,2,1,5
26.968,38.53,2023,6,5,15,2,1,5
26.98,38.501,2023,6,5,15,2,1,5
26.987,38.377,2023,6,5,15,2,1,5
26.984,38.3,2023,6,5,15,2,1,5
26.959,37.847,2023,6,5,15,2,1,5
26.934,38.14,2023,6,5,15,2,1,5
26.925,38.224,2023,6,5,15,2,1,5
26.929,38.328,2023,6,5,16,2,1,5
26.958,38.479,2023,6,5,16,2,1,5
26.982,38.491,2023,6,5,16,2,1,5
26.978,38.116,2023,6,5,16,2,1,5
26.945,37.73,2023,6,5,16,2,1,5
26.899,37.735,2023,6,5,16,2,1,5
26.879,37.87,2023,6,5,16,2,1,5
26.856,37.888,2023,6,5,16,2,1,5
26.835,37.942,2023,6,5,16,2,1,5
26.846,37.996,2023,6,5,16,2,1,5
26.864,37.963,2023,6,5,16,2,1,5
26.883,37.688,2023,6,5,16,2,1,5
26.901,37.495,2023,6,5,16,2,1,5
26.929,37.462,2023,6,5,16,2,1,5
26.956,37.542,2023,6,5,16,2,1,5
26.988,37.62,2023,6,5,16,2,1,5
27.009,37.107,2023,6,5,16,2,1,5
27.022,36.937,2023,6,5,16,2,1,5
27.012,36.932,2023,6,5,16,2,1,5
27.004,37.043,2023,6,5,16,2,1,5
27.003,36.953,2023,6,5,16,2,1,5
27.01,36.959,2023,6,5,16,2,1,5
27.032,36.807,2023,6,5,16,2,1,5
27.039,36.643,2023,6,5,16,2,1,5
27.043,36.733,2023,6,5,16,2,1,5
27.044,36.537,2023,6,5,16,2,1,5
27.022,36.471,2023,6,5,16,2,1,5
27.014,36.764,2023,6,5,16,2,1,5
27.026,36.641,2023,6,5,16,2,1,5
27.031,36.276,2023,6,5,16,2,1,5
27.021,36.461,2023,6,5,17,2,1,5
27.027,36.417,2023,6,5,17,2,1,5
27.035,36.583,2023,6,5,17,2,1,5
27.044,36.572,2023,6,5,17,2,1,5
27.063,36.74,2023,6,5,17,2,1,5
27.078,36.548,2023,6,5,17,2,1,5
27.102,36.311,2023,6,5,17,2,1,5
27.114,36.061,2023,6,5,17,2,1,5
27.116,35.97,2023,6,5,17,2,1,5
27.123,35.883,2023,6,5,17,2,1,5
27.12,35.813,2023,6,5,17,2,1,5
27.121,35.615,2023,6,5,17,2,1,5
27.115,35.202,2023,6,5,17,2,1,5
27.092,34.922,2023,6,5,17,2,1,5
27.073,35.324,2023,6,5,17,2,1,5
27.069,35.806,2023,6,5,17,2,1,5
27.08,35.529,2023,6,5,17,2,1,5
27.094,35.37,2023,6,5,17,2,1,5
27.11,35.424,2023,6,5,17,2,1,5
27.142,35.557,2023,6,5,17,2,1,5
27.245,35.523,2023,6,5,17,2,1,4
27.274,35.212,2023,6,5,17,2,1,4
27.324,35.096,2023,6,5,17,2,1,4
27.354,34.491,2023,6,5,17,2,1,4
27.378,34.318,2023,6,5,17,2,1,4
27.402,34.284,2023,6,5,17,2,1,4
27.434,34.376,2023,6,5,17,2,1,4
27.473,34.78,2023,6,5,17,2,1,4
27.505,34.926,2023,6,5,17,2,1,4
27.521,35.049,2023,6,5,18,2,1,4
27.525,35.24,2023,6,5,18,2,1,4
27.52,35.463,2023,6,5,18,2,1,4
27.528,35.34,2023,6,5,18,2,1,4
27.523,34.966,2023,6,5,18,2,1,4
27.502,34.431,2023,6,5,18,2,1,4
27.491,34.559,2023,6,5,18,2,1,4
27.505,34.592,2023,6,5,18,2,1,4
27.527,34.29,2023,6,5,18,2,1,4
27.552,34.509,2023,6,5,18,2,1,4
27.575,34.681,2023,6,5,18,2,1,4
27.59,34.466,2023,6,5,18,2,1,4
27.612,34.445,2023,6,5,18,2,1,4
27.626,34.434,2023,6,5,18,2,1,4
27.636,34.353,2023,6,5,18,2,1,4
27.642,34.235,2023,6,5,18,2,1,4
27.653,33.506,2023,6,5,18,2,1,4
27.659,33.37,2023,6,5,18,2,1,4
27.674,33.16,2023,6,5,18,2,1,4
27.699,33.028,2023,6,5,18,2,1,4
27.718,32.523,2023,6,5,18,2,1,4
27.727,32.104,2023,6,5,18,2,1,3
27.737,32.457,2023,6,5,18,2,1,3
27.752,32.469,2023,6,5,18,2,1,3
27.771,32.68,2023,6,5,18,2,1,3
27.801,32.882,2023,6,5,18,2,1,3
27.812,32.851,2023,6,5,18,2,1,3
27.801,32.561,2023,6,5,18,2,1,3
27.785,32.373,2023,6,5,18,2,1,3
27.758,31.85,2023,6,5,18,2,1,3
27.731,31.811,2023,6,5,19,2,1,3
27.715,32.146,2023,6,5,19,2,1,3
27.707,32.236,2023,6,5,19,2,1,3
27.7,31.846,2023,6,5,19,2,1,3
27.681,31.865,2023,6,5,19,2,1,3
27.67,31.968,2023,6,5,19,2,1,3
27.662,31.878,2023,6,5,19,2,1,3
27.654,31.597,2023,6,5,19,2,1,3
27.655,31.783,2023,6,5,19,2,1,3
27.653,31.382,2023,6,5,19,2,1,3
27.637,31.415,2023,6,5,19,2,1,3
27.613,31.376,2023,6,5,19,2,1,3
27.579,31.388,2023,6,5,19,2,1,3
27.563,31.706,2023,6,5,19,2,1,4
27.558,31.947,2023,6,5,19,2,1,4
27.555,31.954,2023,6,5,19,2,1,4
27.561,32.139,2023,6,5,19,2,1,4
27.553,32.22,2023,6,5,19,2,1,4
27.534,31.508,2023,6,5,19,2,1,3
27.503,31.627,2023,6,5,19,2,1,4
27.506,31.757,2023,6,5,19,2,1,4
27.522,31.802,2023,6,5,19,2,1,4
27.54,31.797,2023,6,5,19,2,1,4
27.564,30.818,2023,6,5,19,2,1,3
27.566,30.857,2023,6,5,19,2,1,3
27.566,30.92,2023,6,5,19,2,1,3
27.563,30.83,2023,6,5,19,2,1,3
27.563,30.799,2023,6,5,19,2,1,3
27.57,31.006,2023,6,5,19,2,1,3
27.577,31.084,2023,6,5,19,2,1,3
27.581,30.576,2023,6,5,20,2,1,3
27.582,30.495,2023,6,5,20,2,1,3
27.591,30.074,2023,6,5,20,2,1,3
27.596,30.406,2023,6,5,20,2,1,3
27.601,30.468,2023,6,5,20,2,1,3
27.598,30.534,2023,6,5,20,2,1,3
27.594,30.507,2023,6,5,20,2,1,3
27.585,30.414,2023,6,5,20,2,1,3
27.589,30.545,2023,6,5,20,2,1,3
27.599,30.461,2023,6,5,20,2,1,3
27.597,30.645,2023,6,5,20,2,1,3
27.594,30.688,2023,6,5,20,2,1,3
27.598,30.78,2023,6,5,20,2,1,3
27.598,30.932,2023,6,5,20,2,1,3
27.593,31.05,2023,6,5,20,2,1,3
27.592,31.631,2023,6,5,20,2,1,3
27.597,33.375,2023,6,5,20,2,1,4
27.601,34.184,2023,6,5,20,2,1,4
27.621,34.959,2023,6,5,20,2,1,4
27.632,35.559,2023,6,5,20,2,1,4
27.651,35.958,2023,6,5,20,2,1,4
27.673,36.212,2023,6,5,20,2,1,4
27.697,36.259,2023,6,5,20,2,1,4
27.703,35.975,2023,6,5,20,2,1,4
27.672,36.128,2023,6,5,20,2,1,4
27.659,36.299,2023,6,5,20,2,1,4
27.652,36.086,2023,6,5,20,2,1,4
27.646,36.168,2023,6,5,20,2,1,4
27.65,36.178,2023,6,5,20,2,1,4
27.639,35.986,2023,6,5,20,2,1,4
27.63,36.246,2023,6,5,21,2,1,4
27.635,36.36,2023,6,5,21,2,1,4
27.636,36.338,2023,6,5,21,2,1,4
27.636,36.391,2023,6,5,21,2,1,4
27.638,36.412,2023,6,5,21,2,1,4
27.645,36.418,2023,6,5,21,2,1,4
27.649,36.517,2023,6,5,21,2,1,4
27.652,36.657,2023,6,5,21,2,1,4
27.65,36.746,2023,6,5,21,2,1,4
27.639,36.66,2023,6,5,21,2,1,4
27.629,36.727,2023,6,5,21,2,1,4
27.621,36.611,2023,6,5,21,2,1,4
27.614,36.577,2023,6,5,21,2,1,4
27.604,36.756,2023,6,5,21,2,1,4
27.595,36.739,2023,6,5,21,2,1,4
27.589,36.775,2023,6,5,21,2,1,4
27.579,38.264,2023,6,5,21,2,1,5
27.569,37.398,2023,6,5,21,2,1,5
27.555,36.997,2023,6,5,21,2,1,4
27.536,36.916,2023,6,5,21,2,1,4
27.505,36.914,2023,6,5,21,2,1,4
27.482,36.952,2023,6,5,21,2,1,5
27.461,37.06,2023,6,5,21,2,1,5
27.443,37.211,2023,6,5,21,2,1,5
27.421,37.294,2023,6,5,21,2,1,5
27.403,37.441,2023,6,5,21,2,1,5
27.381,37.664,2023,6,5,21,2,1,5
27.356,37.69,2023,6,5,21,2,1,5
27.328,37.771,2023,6,5,21,2,1,5
27.305,37.949,2023,6,5,21,2,1,5
27.285,38.142,2023,6,5,22,2,1,5
27.265,38.147,2023,6,5,22,2,1,5
27.24,38.238,2023,6,5,22,2,1,5
27.223,38.31,2023,6,5,22,2,1,5
27.215,38.347,2023,6,5,22,2,1,5
27.196,38.442,2023,6,5,22,2,1,5
27.181,38.46,2023,6,5,22,2,1,5
27.163,38.546,2023,6,5,22,2,1,5
27.143,38.757,2023,6,5,22,2,1,5
27.128,38.837,2023,6,5,22,2,1,5
27.125,38.854,2023,6,5,22,2,1,5
27.12,38.937,2023,6,5,22,2,1,5
27.112,39.277,2023,6,5,22,2,1,5
27.102,39.475,2023,6,5,22,2,1,5
27.087,40.077,2023,6,5,22,2,1,5
27.071,40.432,2023,6,5,22,2,1,5
27.049,40.643,2023,6,5,22,2,1,5
27.032,40.943,2023,6,5,22,2,1,5
27.007,41.256,2023,6,5,22,2,1,5
26.979,41.576,2023,6,5,22,2,1,6
26.955,41.75,2023,6,5,22,2,1,6
26.931,41.963,2023,6,5,22,2,1,6
26.91,42.166,2023,6,5,22,2,1,6
26.894,42.35,2023,6,5,22,2,1,6
26.881,42.645,2023,6,5,22,2,1,6
26.854,42.853,2023,6,5,22,2,1,6
26.822,42.982,2023,6,5,22,2,1,6
26.803,43.109,2023,6,5,22,2,1,6
26.783,43.239,2023,6,5,22,2,1,6
26.759,43.456,2023,6,5,22,2,1,6
26.738,43.536,2023,6,5,23,2,1,6
26.72,43.758,2023,6,5,23,2,1,6
26.702,43.833,2023,6,5,23,2,1,6
26.682,43.986,2023,6,5,23,2,1,6
26.664,44.045,2023,6,5,23,2,1,6
26.641,44.221,2023,6,5,23,2,1,6
26.62,44.366,2023,6,5,23,2,1,6
26.598,44.48,2023,6,5,23,2,1,6
26.58,44.622,2023,6,5,23,2,1,6
26.561,44.725,2023,6,5,23,2,1,6
26.544,44.769,2023,6,5,23,2,1,6
26.526,44.848,2023,6,5,23,2,1,6
26.516,44.925,2023,6,5,23,2,1,6
26.504,44.994,2023,6,5,23,2,1,6
26.488,45.022,2023,6,5,23,2,1,6
26.473,45.165,2023,6,5,23,2,1,6
26.458,45.275,2023,6,5,23,2,1,6
26.445,45.373,2023,6,5,23,2,1,6
26.435,45.481,2023,6,5,23,2,1,6
26.416,45.613,2023,6,5,23,2,1,6
26.394,45.668,2023,6,5,23,2,1,6
26.376,45.757,2023,6,5,23,2,1,6
26.36,45.974,2023,6,5,23,2,1,6
26.357,46.025,2023,6,5,23,2,1,6
26.357,45.84,2023,6,5,23,2,1,6
26.353,45.789,2023,6,5,23,2,1,6
26.353,45.85,2023,6,5,23,2,1,6
26.357,45.909,2023,6,5,23,2,1,6
26.362,45.828,2023,6,5,23,2,1,6
26.36,45.743,2023,6,5,23,2,1,6
26.36,45.781,2023,6,6,0,2,1,6
26.364,45.9,2023,6,6,0,2,1,6
26.382,45.909,2023,6,6,0,2,1,6
26.394,45.784,2023,6,6,0,2,1,6
26.407,45.669,2023,6,6,0,2,1,6
26.413,45.636,2023,6,6,0,2,1,6
26.416,45.542,2023,6,6,0,2,1,6
26.408,45.555,2023,6,6,0,2,1,6
26.393,45.641,2023,6,6,0,2,1,6
26.383,45.652,2023,6,6,0,2,1,6
26.361,45.653,2023,6,6,0,2,1,6
26.344,45.655,2023,6,6,0,2,1,6
26.332,45.721,2023,6,6,0,2,1,6
26.331,45.812,2023,6,6,0,2,1,6
26.331,45.838,2023,6,6,0,2,1,6
26.332,45.791,2023,6,6,0,2,1,6
26.332,45.72,2023,6,6,0,2,1,6
26.329,45.664,2023,6,6,0,2,1,6
26.321,45.567,2023,6,6,0,2,1,6
26.308,45.535,2023,6,6,0,2,1,6
26.296,45.51,2023,6,6,0,2,1,6
26.284,45.357,2023,6,6,0,2,1,6
26.266,45.212,2023,6,6,0,2,1,6
26.248,45.108,2023,6,6,0,2,1,6
26.225,45.034,2023,6,6,0,2,1,6
26.193,44.942,2023,6,6,0,2,1,6
26.166,45.113,2023,6,6,0,2,1,6
26.151,45.12,2023,6,6,0,2,1,6
26.144,44.949,2023,6,6,0,2,1,6
26.116,45.013,2023,6,6,1,2,1,6
26.086,45.206,2023,6,6,1,2,1,6
26.064,45.284,2023,6,6,1,2,1,6
26.032,45.366,2023,6,6,1,2,1,6
25.993,45.586,2023,6,6,1,2,1,6
25.95,45.752,2023,6,6,1,2,1,6
25.917,45.887,2023,6,6,1,2,1,6
25.886,46.018,2023,6,6,1,2,1,7
25.866,46.172,2023,6,6,1,2,1,7
25.856,46.292,2023,6,6,1,2,1,7
25.834,46.519,2023,6,6,1,2,1,7
25.81,46.581,2023,6,6,1,2,1,7
25.783,46.668,2023,6,6,1,2,1,7
25.763,46.811,2023,6,6,1,2,1,7
25.752,46.843,2023,6,6,1,2,1,7
25.739,46.847,2023,6,6,1,2,1,7
25.726,46.841,2023,6,6,1,2,1,7
25.708,46.744,2023,6,6,1,2,1,7
25.695,46.727,2023,6,6,1,2,1,7
25.685,46.725,2023,6,6,1,2,1,7
25.678,46.826,2023,6,6,1,2,1,7
25.679,46.85,2023,6,6,1,2,1,7
25.679,46.85,2023,6,6,1,2,1,7
25.683,46.743,2023,6,6,1,2,1,7
25.687,46.724,2023,6,6,1,2,1,7
25.686,46.625,2023,6,6,1,2,1,7
25.675,46.697,2023,6,6,1,2,1,7
25.655,46.803,2023,6,6,1,2,1,7
25.644,46.844,2023,6,6,1,2,1,7
25.628,46.75,2023,6,6,1,2,1,7
25.607,46.845,2023,6,6,2,2,1,7
25.592,47.029,2023,6,6,2,2,1,7
25.581,47.105,2023,6,6,2,2,1,7
25.562,47.115,2023,6,6,2,2,1,7
25.539,47.123,2023,6,6,2,2,1,7
25.509,47.224,2023,6,6,2,2,1,7
25.477,47.348,2023,6,6,2,2,1,7
25.46,47.487,2023,6,6,2,2,1,7
25.435,47.394,2023,6,6,2,2,1,7
25.424,47.383,2023,6,6,2,2,1,7
25.404,47.386,2023,6,6,2,2,1,7
25.384,47.496,2023,6,6,2,2,1,7
25.373,47.511,2023,6,6,2,2,1,7
25.361,47.514,2023,6,6,2,2,1,7
25.34,47.478,2023,6,6,2,2,1,7
25.322,47.401,2023,6,6,2,2,1,7
25.291,47.392,2023,6,6,2,2,1,7
25.271,47.457,2023,6,6,2,2,1,7
25.252,47.514,2023,6,6,2,2,1,7
25.237,47.522,2023,6,6,2,2,1,7
25.217,47.641,2023,6,6,2,2,1,7
25.208,47.808,2023,6,6,2,2,1,7
25.208,47.899,2023,6,6,2,2,1,7
25.203,47.976,2023,6,6,2,2,1,7
25.19,48.091,2023,6,6,2,2,1,7
25.176,48.159,2023,6,6,2,2,1,7
25.154,48.289,2023,6,6,2,2,1,7
25.134,48.417,2023,6,6,2,2,1,7
25.112,48.561,2023,6,6,2,2,1,7
25.093,48.665,2023,6,6,2,2,1,7
25.075,48.784,2023,6,6,3,2,1,7
25.063,48.811,2023,6,6,3,2,1,7
25.056,48.917,2023,6,6,3,2,1,7
25.052,48.892,2023,6,6,3,2,1,7
25.046,48.825,2023,6,6,3,2,1,7
25.04,48.819,2023,6,6,3,2,1,7
25.025,48.82,2023,6,6,3,2,1,7
25.004,48.872,2023,6,6,3,2,1,7
24.994,48.941,2023,6,6,3,2,1,7
24.992,48.949,2023,6,6,3,2,1,7
24.987,48.859,2023,6,6,3,2,1,7
24.971,48.827,2023,6,6,3,2,1,7
24.955,48.825,2023,6,6,3,2,1,7
24.936,48.825,2023,6,6,3,2,1,7
24.917,48.804,2023,6,6,3,2,1,7
24.904,48.757,2023,6,6,3,2,1,7
24.898,48.671,2023,6,6,3,2,1,7
24.889,48.581,2023,6,6,3,2,1,7
24.871,48.575,2023,6,6,3,2,1,7
24.854,48.671,2023,6,6,3,2,1,7
24.844,48.7,2023,6,6,3,2,1,7
24.839,48.642,2023,6,6,3,2,1,7
24.83,48.667,2023,6,6,3,2,1,7
24.811,48.703,2023,6,6,3,2,1,7
24.797,48.708,2023,6,6,3,2,1,7
24.785,48.753,2023,6,6,3,2,1,7
24.768,48.727,2023,6,6,3,2,1,8
24.725,48.803,2023,6,6,3,2,1,8
24.686,48.915,2023,6,6,3,2,1,8
24.656,49.016,2023,6,6,3,2,1,8
24.638,49.094,2023,6,6,4,2,1,8
24.624,49.103,2023,6,6,4,2,1,8
24.606,49.107,2023,6,6,4,2,1,8
24.586,49.115,2023,6,6,4,2,1,8
24.572,49.113,2023,6,6,4,2,1,8
24.562,49.117,2023,6,6,4,2,1,8
24.552,49.219,2023,6,6,4,2,1,8
24.542,49.272,2023,6,6,4,2,1,8
24.535,49.342,2023,6,6,4,2,1,8
24.528,49.365,2023,6,6,4,2,1,8
24.527,49.377,2023,6,6,4,2,1,8
24.545,49.31,2023,6,6,4,2,1,8
24.56,49.248,2023,6,6,4,2,1,8
24.572,49.153,2023,6,6,4,2,1,8
24.583,49.011,2023,6,6,4,2,1,8
24.602,48.87,2023,6,6,4,2,1,8
24.617,48.852,2023,6,6,4,2,1,8
24.632,48.848,2023,6,6,4,2,1,8
24.643,48.744,2023,6,6,4,2,1,8
24.648,48.721,2023,6,6,4,2,1,8
24.655,48.718,2023,6,6,4,2,1,8
24.658,48.826,2023,6,6,4,2,1,8
24.659,48.927,2023,6,6,4,2,1,8
24.653,49.068,2023,6,6,4,2,1,8
24.644,49.078,2023,6,6,4,2,1,8
24.639,49.078,2023,6,6,4,2,1,8
24.635,49.101,2023,6,6,4,2,1,8
24.635,49.204,2023,6,6,4,2,1,8
24.642,49.228,2023,6,6,4,2,1,8
24.65,49.182,2023,6,6,4,2,1,8
24.653,49.118,2023,6,6,5,2,1,8
24.655,49.104,2023,6,6,5,2,1,8
24.655,49.093,2023,6,6,5,2,1,8
24.656,49.096,2023,6,6,5,2,1,8
24.654,48.998,2023,6,6,5,2,1,8
24.651,48.979,2023,6,6,5,2,1,8
24.649,48.975,2023,6,6,5,2,1,8
24.648,48.914,2023,6,6,5,2,1,8
24.65,48.854,2023,6,6,5,2,1,8
24.649,48.734,2023,6,6,5,2,1,8
24.647,48.622,2023,6,6,5,2,1,8
24.645,48.577,2023,6,6,5,2,1,8
24.643,48.479,2023,6,6,5,2,1,8
24.641,48.454,2023,6,6,5,2,1,8
24.642,48.416,2023,6,6,5,2,1,8
24.64,48.347,2023,6,6,5,2,1,8
24.641,48.337,2023,6,6,5,2,1,8
24.64,48.332,2023,6,6,5,2,1,8
24.64,48.246,2023,6,6,5,2,1,8
24.64,48.212,2023,6,6,5,2,1,8
24.638,48.208,2023,6,6,5,2,1,8
24.636,48.182,2023,6,6,5,2,1,8
24.639,48.097,2023,6,6,5,2,1,8
24.635,48.082,2023,6,6,5,2,1,8
24.632,48.059,2023,6,6,5,2,1,8
24.625,48.031,2023,6,6,5,2,1,8
24.623,47.989,2023,6,6,5,2,1,8
24.621,47.965,2023,6,6,5,2,1,8
24.612,48.155,2023,6,6,5,2,1,8
24.6,48.311,2023,6,6,5,2,1,8
24.586,48.422,2023,6,6,6,2,1,8
24.575,48.559,2023,6,6,6,2,1,8
24.572,48.593,2023,6,6,6,2,1,8
24.569,48.674,2023,6,6,6,2,1,8
24.565,48.718,2023,6,6,6,2,1,8
24.565,48.726,2023,6,6,6,2,1,8
24.566,48.726,2023,6,6,6,2,1,8
24.569,48.726,2023,6,6,6,2,1,8
24.571,48.725,2023,6,6,6,2,1,8
24.573,48.726,2023,6,6,6,2,1,8
24.574,48.726,2023,6,6,6,2,1,8
24.575,48.71,2023,6,6,6,2,1,8
24.578,48.64,2023,6,6,6,2,1,8
24.58,48.556,2023,6,6,6,2,1,8
24.582,48.234,2023,6,6,6,2,1,8
24.585,48.0,2023,6,6,6,2,1,8
24.584,47.943,2023,6,6,6,2,1,8
24.585,47.799,2023,6,6,6,2,1,8
24.585,47.743,2023,6,6,6,2,1,8
24.587,47.596,2023,6,6,6,2,1,8
24.591,47.47,2023,6,6,6,2,1,8
24.593,47.401,2023,6,6,6,2,1,8
24.598,47.327,2023,6,6,6,2,1,8
24.605,47.301,2023,6,6,6,2,1,8
24.612,47.288,2023,6,6,6,2,1,8
24.618,47.292,2023,6,6,6,2,1,8
24.622,47.313,2023,6,6,6,2,1,8
24.629,47.311,2023,6,6,6,2,1,8
24.634,47.276,2023,6,6,6,2,1,8
24.639,47.194,2023,6,6,6,2,1,8
24.643,47.262,2023,6,6,7,2,1,8
24.647,47.294,2023,6,6,7,2,1,8
24.652,47.309,2023,6,6,7,2,1,8
24.665,47.412,2023,6,6,7,2,1,8
24.673,47.466,2023,6,6,7,2,1,8
24.682,47.553,2023,6,6,7,2,1,8
24.693,47.651,2023,6,6,7,2,1,8
24.708,47.686,2023,6,6,7,2,1,8
24.718,47.689,2023,6,6,7,2,1,8
24.738,47.728,2023,6,6,7,2,1,8
24.758,47.799,2023,6,6,7,2,1,8
24.777,47.858,2023,6,6,7,2,1,8
24.793,47.929,2023,6,6,7,2,1,7
24.807,47.936,2023,6,6,7,2,1,7
24.827,48.042,2023,6,6,7,2,1,7
24.841,48.073,2023,6,6,7,2,1,7
24.859,48.077,2023,6,6,7,2,1,7
24.885,48.175,2023,6,6,7,2,1,7
24.898,48.168,2023,6,6,7,2,1,7
24.919,48.184,2023,6,6,7,2,1,7
24.94,48.233,2023,6,6,7,2,1,7
24.953,48.213,2023,6,6,7,2,1,7
24.963,48.162,2023,6,6,7,2,1,7
24.975,48.163,2023,6,6,7,2,1,7
24.992,48.094,2023,6,6,7,2,1,7
25.006,48.071,2023,6,6,7,2,1,7
25.013,48.058,2023,6,6,7,2,1,7
25.022,48.071,2023,6,6,7,2,1,7
25.04,48.158,2023,6,6,7,2,1,7
25.054,48.175,2023,6,6,7,2,1,7
25.07,48.175,2023,6,6,8,2,1,7
25.086,48.124,2023,6,6,8,2,1,7
25.103,48.133,2023,6,6,8,2,1,7
25.13,48.165,2023,6,6,8,2,1,7
25.138,48.191,2023,6,6,8,2,1,7
25.147,48.284,2023,6,6,8,2,1,7
25.164,48.292,2023,6,6,8,2,1,7
25.183,48.344,2023,6,6,8,2,1,7
25.197,48.388,2023,6,6,8,2,1,7
25.202,48.405,2023,6,6,8,2,1,7
25.214,48.528,2023,6,6,8,2,1,7
25.243,48.54,2023,6,6,8,2,1,7
25.281,48.54,2023,6,6,8,2,1,7
25.32,48.569,2023,6,6,8,2,1,7
25.37,48.56,2023,6,6,8,2,1,7
25.422,48.533,2023,6,6,8,2,1,7
25.477,48.457,2023,6,6,8,2,1,7
25.53,48.352,2023,6,6,8,2,1,7
25.581,48.271,2023,6,6,8,2,1,7
25.645,48.169,2023,6,6,8,2,1,7
25.701,48.101,2023,6,6,8,2,1,7
25.748,48.05,2023,6,6,8,2,1,7
25.789,47.949,2023,6,6,8,2,1,7
25.826,47.91,2023,6,6,8,2,1,7
25.873,47.953,2023,6,6,8,2,1,7
25.911,47.896,2023,6,6,8,2,1,6
25.948,47.71,2023,6,6,8,2,1,6
25.987,47.605,2023,6,6,8,2,1,6
26.025,47.59,2023,6,6,8,2,1,6
26.064,47.682,2023,6,6,8,2,1,6
26.116,47.706,2023,6,6,9,2,1,6
26.17,47.701,2023,6,6,9,2,1,6
26.236,47.601,2023,6,6,9,2,1,6
26.301,47.436,2023,6,6,9,2,1,6
26.362,47.323,2023,6,6,9,2,1,6
26.427,47.275,2023,6,6,9,2,1,6
26.48,47.293,2023,6,6,9,2,1,6
26.543,47.097,2023,6,6,9,2,1,6
26.606,47.087,2023,6,6,9,2,1,6
26.665,47.038,2023,6,6,9,2,1,6
26.73,47.081,2023,6,6,9,2,1,6
26.803,47.045,2023,6,6,9,2,1,6
26.867,46.924,2023,6,6,9,2,1,6
26.934,46.982,2023,6,6,9,2,1,6
27.008,47.001,2023,6,6,9,2,1,5
27.085,46.759,2023,6,6,9,2,1,5
27.151,46.517,2023,6,6,9,2,1,5
27.195,46.436,2023,6,6,9,2,1,5
27.232,46.378,2023,6,6,9,2,1,5
27.263,46.516,2023,6,6,9,2,1,5
27.319,46.435,2023,6,6,9,2,1,5
27.368,46.431,2023,6,6,9,2,1,5
27.407,46.461,2023,6,6,9,2,1,5
27.453,46.525,2023,6,6,9,2,1,5
27.51,46.355,2023,6,6,9,2,1,5
27.566,46.221,2023,6,6,9,2,1,5
27.624,46.065,2023,6,6,9,2,1,5
27.678,45.792,2023,6,6,9,2,1,5
27.732,45.272,2023,6,6,9,2,1,5
27.765,44.916,2023,6,6,9,2,1,5
27.784,44.62,2023,6,6,10,2,1,5
27.785,44.428,2023,6,6,10,2,1,5
27.789,44.327,2023,6,6,10,2,1,5
27.82,44.165,2023,6,6,10,2,1,5
27.843,43.845,2023,6,6,10,2,1,5
27.857,43.781,2023,6,6,10,2,1,5
27.873,43.696,2023,6,6,10,2,1,5
27.893,43.704,2023,6,6,10,2,1,5
27.915,43.836,2023,6,6,10,2,1,5
27.955,43.975,2023,6,6,10,2,1,5
28.014,44.047,2023,6,6,10,2,1,5
28.089,44.109,2023,6,6,10,2,1,5
28.165,44.01,2023,6,6,10,2,1,5
28.244,43.713,2023,6,6,10,2,1,5
28.321,43.383,2023,6,6,10,2,1,5
28.381,43.146,2023,6,6,10,2,1,5
28.447,42.701,2023,6,6,10,2,1,5
28.494,42.452,2023,6,6,10,2,1,5
28.534,42.561,2023,6,6,10,2,1,5
28.574,42.694,2023,6,6,10,2,1,5
28.607,42.525,2023,6,6,10,2,1,5
28.638,42.354,2023,6,6,10,2,1,5
28.657,42.375,2023,6,6,10,2,1,5
28.673,42.339,2023,6,6,10,2,1,5
28.697,42.177,2023,6,6,10,2,1,5
28.708,41.922,2023,6,6,10,2,1,5
28.699,41.484,2023,6,6,10,2,1,5
28.693,41.517,2023,6,6,10,2,1,5
28.704,41.455,2023,6,6,10,2,1,5
28.731,41.472,2023,6,6,10,2,1,5
28.77,41.659,2023,6,6,11,2,1,5
28.828,41.739,2023,6,6,11,2,1,5
28.892,41.762,2023,6,6,11,2,1,5
28.963,41.776,2023,6,6,11,2,1,5
29.032,41.655,2023,6,6,11,2,1,5
29.084,41.543,2023,6,6,11,2,1,5
29.139,41.506,2023,6,6,11,2,1,5
29.202,41.697,2023,6,6,11,2,1,5
29.263,41.476,2023,6,6,11,2,1,5
29.331,41.642,2023,6,6,11,2,1,5
29.402,41.705,2023,6,6,11,2,1,5
29.457,41.484,2023,6,6,11,2,1,5
29.506,40.959,2023,6,6,11,2,1,5
29.55,40.796,2023,6,6,11,2,1,5
29.572,40.797,2023,6,6,11,2,1,5
29.586,40.475,2023,6,6,11,2,1,5
29.604,40.242,2023,6,6,11,2,1,5
29.627,39.91,2023,6,6,11,2,1,5
29.64,40.23,2023,6,6,11,2,1,5
29.643,40.169,2023,6,6,11,2,1,5
29.656,40.1,2023,6,6,11,2,1,5
29.679,40.155,2023,6,6,11,2,1,5
29.698,40.417,2023,6,6,11,2,1,5
29.722,40.232,2023,6,6,11,2,1,5
29.742,40.198,2023,6,6,11,2,1,5
29.763,40.045,2023,6,6,11,2,1,5
29.775,40.272,2023,6,6,11,2,1,5
29.801,39.879,2023,6,6,11,2,1,5
29.835,39.096,2023,6,6,11,2,1,4
29.844,38.971,2023,6,6,11,2,1,4
29.85,39.393,2023,6,6,12,2,1,4
29.863,39.384,2023,6,6,12,2,1,4
29.879,39.653,2023,6,6,12,2,1,5
29.89,39.773,2023,6,6,12,2,1,5
29.91,39.985,2023,6,6,12,2,1,5
29.938,39.665,2023,6,6,12,2,1,5
29.981,39.921,2023,6,6,12,2,1,5
30.037,39.686,2023,6,6,12,2,1,5
30.098,39.543,2023,6,6,12,2,1,5
30.144,39.179,2023,6,6,12,2,1,4
30.175,38.969,2023,6,6,12,2,1,4
30.198,38.926,2023,6,6,12,2,1,4
30.223,38.626,2023,6,6,12,2,1,4
30.289,38.861,2023,6,6,12,2,1,4
30.363,39.123,2023,6,6,12,2,1,4
30.438,39.261,2023,6,6,12,2,1,4
30.494,38.894,2023,6,6,12,2,1,4
30.542,39.3,2023,6,6,12,2,1,4
30.579,39.562,2023,6,6,12,2,1,5
30.604,39.691,2023,6,6,12,2,1,5
30.606,39.541,2023,6,6,12,2,1,5
30.594,38.644,2023,6,6,12,2,1,4
30.569,38.421,2023,6,6,12,2,1,4
30.526,38.464,2023,6,6,12,2,1,4
30.489,38.44,2023,6,6,12,2,1,4
30.467,38.413,2023,6,6,12,2,1,4
30.456,38.783,2023,6,6,12,2,1,4
30.44,38.825,2023,6,6,12,2,1,4
30.421,38.769,2023,6,6,12,2,1,4
30.418,39.129,2023,6,6,13,2,1,4
30.417,38.669,2023,6,6,13,2,1,4
30.409,38.913,2023,6,6,13,2,1,4
30.408,38.741,2023,6,6,13,2,1,4
30.425,38.907,2023,6,6,13,2,1,4
30.448,38.862,2023,6,6,13,2,1,4
30.457,39.203,2023,6,6,13,2,1,4
30.468,38.536,2023,6,6,13,2,1,4
30.467,38.458,2023,6,6,13,2,1,4
30.48,38.642,2023,6,6,13,2,1,4
30.499,38.744,2023,6,6,13,2,1,4
30.522,39.266,2023,6,6,13,2,1,4
30.527,38.817,2023,6,6,13,2,1,4
30.516,38.875,2023,6,6,13,2,1,4
30.517,38.832,2023,6,6,13,2,1,4
30.526,38.835,2023,6,6,13,2,1,4
30.542,38.874,2023,6,6,13,2,1,4
30.568,39.106,2023,6,6,13,2,1,4
30.595,38.68,2023,6,6,13,2,1,4
30.623,38.943,2023,6,6,13,2,1,4
30.646,39.047,2023,6,6,13,2,1,4
30.659,38.726,2023,6,6,13,2,1,4
30.665,38.469,2023,6,6,13,2,1,4
30.655,38.323,2023,6,6,13,2,1,4
30.651,38.213,2023,6,6,13,2,1,4
30.655,38.263,2023,6,6,13,2,1,4
30.645,38.447,2023,6,6,13,2,1,4
30.637,38.12,2023,6,6,13,2,1,4
30.636,38.12,2023,6,6,13,2,1,4
30.645,38.085,2023,6,6,13,2,1,4
30.649,38.367,2023,6,6,14,2,1,4
30.654,38.178,2023,6,6,14,2,1,4
30.633,38.128,2023,6,6,14,2,1,4
30.612,38.058,2023,6,6,14,2,1,4
30.57,38.536,2023,6,6,14,2,1,4
30.539,37.852,2023,6,6,14,2,1,4
30.507,37.515,2023,6,6,14,2,1,4
30.467,38.541,2023,6,6,14,2,1,4
30.446,38.639,2023,6,6,14,2,1,4
30.435,38.585,2023,6,6,14,2,1,4
30.44,44.48,2023,6,6,14,2,1,5
30.442,42.934,2023,6,6,14,2,1,5
30.434,41.981,2023,6,6,14,2,1,5
30.441,48.382,2023,6,6,14,2,1,5
30.433,42.815,2023,6,6,14,2,1,5
30.415,40.792,2023,6,6,14,2,1,5
30.432,41.685,2023,6,6,14,2,1,5
30.442,41.056,2023,6,6,14,2,1,5
30.438,41.648,2023,6,6,14,2,1,5
30.434,39.862,2023,6,6,14,2,1,5
30.43,39.699,2023,6,6,14,2,1,5
30.415,39.771,2023,6,6,14,2,1,5
30.374,39.078,2023,6,6,14,2,1,4
30.342,38.764,2023,6,6,14,2,1,4
30.324,38.722,2023,6,6,14,2,1,4
30.311,39.14,2023,6,6,14,2,1,4
30.31,39.606,2023,6,6,14,2,1,5
30.312,39.57,2023,6,6,14,2,1,5
30.315,39.944,2023,6,6,14,2,1,5
30.318,39.694,2023,6,6,15,2,1,5
30.309,39.73,2023,6,6,15,2,1,5
30.305,39.818,2023,6,6,15,2,1,5
30.303,39.308,2023,6,6,15,2,1,4
30.306,39.274,2023,6,6,15,2,1,4
30.322,39.165,2023,6,6,15,2,1,4
30.342,39.1,2023,6,6,15,2,1,4
30.346,38.947,2023,6,6,15,2,1,4
30.351,39.092,2023,6,6,15,2,1,4
30.358,38.641,2023,6,6,15,2,1,4
30.357,38.721,2023,6,6,15,2,1,4
30.352,38.861,2023,6,6,15,2,1,4
30.352,38.762,2023,6,6,15,2,1,4
30.361,38.761,2023,6,6,15,2,1,4
30.375,38.851,2023,6,6,15,2,1,4
30.397,39.334,2023,6,6,15,2,1,4
30.416,39.28,2023,6,6,15,2,1,4
30.428,38.94,2023,6,6,15,2,1,4
30.433,39.06,2023,6,6,15,2,1,4
30.42,39.025,2023,6,6,15,2,1,4
30.412,39.323,2023,6,6,15,2,1,4
30.41,39.647,2023,6,6,15,2,1,5
30.41,40.031,2023,6,6,15,2,1,5
30.413,40.135,2023,6,6,15,2,1,5
30.426,40.255,2023,6,6,15,2,1,5
30.436,40.306,2023,6,6,15,2,1,5
30.449,39.983,2023,6,6,15,2,1,5
30.461,39.709,2023,6,6,15,2,1,5
30.47,39.48,2023,6,6,15,2,1,5
30.485,39.577,2023,6,6,15,2,1,5
30.496,39.599,2023,6,6,16,2,1,5
30.501,39.354,2023,6,6,16,2,1,4
30.502,39.127,2023,6,6,16,2,1,4
30.499,39.244,2023,6,6,16,2,1,4
30.496,39.485,2023,6,6,16,2,1,5
30.493,39.823,2023,6,6,16,2,1,5
30.498,40.291,2023,6,6,16,2,1,5
30.519,40.596,2023,6,6,16,2,1,5
30.524,40.3,2023,6,6,16,2,1,5
30.521,40.48,2023,6,6,16,2,1,5
30.505,40.227,2023,6,6,16,2,1,5
30.492,40.408,2023,6,6,16,2,1,5
30.482,40.643,2023,6,6,16,2,1,5
30.472,40.416,2023,6,6,16,2,1,5
30.467,40.256,2023,6,6,16,2,1,5
30.453,40.194,2023,6,6,16,2,1,5
30.443,40.398,2023,6,6,16,2,1,5
30.429,40.503,2023,6,6,16,2,1,5
30.417,40.286,2023,6,6,16,2,1,5
30.407,39.743,2023,6,6,16,2,1,5
30.381,39.818,2023,6,6,16,2,1,5
30.376,40.627,2023,6,6,16,2,1,5
30.372,40.16,2023,6,6,16,2,1,5
30.378,40.06,2023,6,6,16,2,1,5
30.39,40.002,2023,6,6,16,2,1,5
30.402,39.507,2023,6,6,16,2,1,5
30.412,39.354,2023,6,6,16,2,1,4
30.437,39.969,2023,6,6,16,2,1,5
30.476,40.575,2023,6,6,16,2,1,5
30.508,40.611,2023,6,6,16,2,1,5
30.543,41.088,2023,6,6,17,2,1,5
30.575,41.02,2023,6,6,17,2,1,5
30.597,41.083,2023,6,6,17,2,1,5
30.619,41.022,2023,6,6,17,2,1,5
30.635,40.983,2023,6,6,17,2,1,5
30.646,40.941,2023,6,6,17,2,1,5
30.652,41.25,2023,6,6,17,2,1,5
30.659,41.113,2023,6,6,17,2,1,5
30.668,40.516,2023,6,6,17,2,1,5
30.674,40.604,2023,6,6,17,2,1,5
30.671,40.527,2023,6,6,17,2,1,5
30.664,40.538,2023,6,6,17,2,1,5
30.671,39.657,2023,6,6,17,2,1,5
30.664,39.725,2023,6,6,17,2,1,5
30.675,39.761,2023,6,6,17,2,1,5
30.689,39.21,2023,6,6,17,2,1,4
30.705,39.144,2023,6,6,17,2,1,4
30.725,39.7,2023,6,6,17,2,1,5
30.747,40.216,2023,6,6,17,2,1,5
30.764,40.09,2023,6,6,17,2,1,5
30.778,40.07,2023,6,6,17,2,1,5
30.795,40.119,2023,6,6,17,2,1,5
30.808,39.746,2023,6,6,17,2,1,5
30.826,40.011,2023,6,6,17,2,1,5
30.858,39.939,2023,6,6,17,2,1,5
30.881,39.656,2023,6,6,17,2,1,5
30.904,39.544,2023,6,6,17,2,1,5
30.93,40.137,2023,6,6,17,2,1,5
30.954,40.137,2023,6,6,17,2,1,5
30.982,39.684,2023,6,6,17,2,1,5
31.006,39.681,2023,6,6,18,2,1,5
31.03,39.568,2023,6,6,18,2,1,5
31.045,39.724,2023,6,6,18,2,1,5
31.053,39.58,2023,6,6,18,2,1,5
31.062,39.712,2023,6,6,18,2,1,5
31.081,39.693,2023,6,6,18,2,1,5
31.104,39.28,2023,6,6,18,2,1,4
31.116,39.579,2023,6,6,18,2,1,5
31.12,40.104,2023,6,6,18,2,1,5
31.124,40.607,2023,6,6,18,2,1,5
31.131,40.52,2023,6,6,18,2,1,5
31.132,40.176,2023,6,6,18,2,1,5
31.136,40.323,2023,6,6,18,2,1,5
31.148,40.419,2023,6,6,18,2,1,5
31.156,40.884,2023,6,6,18,2,1,5
31.157,40.871,2023,6,6,18,2,1,5
31.154,40.486,2023,6,6,18,2,1,5
31.135,40.381,2023,6,6,18,2,1,5
31.103,40.268,2023,6,6,18,2,1,5
31.083,40.598,2023,6,6,18,2,1,5
31.079,40.804,2023,6,6,18,2,1,5
31.082,41.046,2023,6,6,18,2,1,5
31.101,40.975,2023,6,6,18,2,1,5
31.117,40.6,2023,6,6,18,2,1,5
31.129,41.127,2023,6,6,18,2,1,5
31.144,41.01,2023,6,6,18,2,1,5
31.151,41.093,2023,6,6,18,2,1,5
31.158,40.991,2023,6,6,18,2,1,5
31.164,41.195,2023,6,6,18,2,1,5
31.175,41.299,2023,6,6,18,2,1,5
31.19,41.544,2023,6,6,19,2,1,5
31.195,41.657,2023,6,6,19,2,1,5
31.205,41.421,2023,6,6,19,2,1,5
31.215,41.505,2023,6,6,19,2,1,5
31.219,41.163,2023,6,6,19,2,1,5
31.213,41.114,2023,6,6,19,2,1,5
31.218,41.082,2023,6,6,19,2,1,5
31.223,40.916,2023,6,6,19,2,1,5
31.218,40.335,2023,6,6,19,2,1,5
31.188,40.177,2023,6,6,19,2,1,5
31.159,40.09,2023,6,6,19,2,1,5
31.143,40.479,2023,6,6,19,2,1,5
31.147,40.788,2023,6,6,19,2,1,5
31.152,40.869,2023,6,6,19,2,1,5
31.15,41.103,2023,6,6,19,2,1,5
31.147,41.209,2023,6,6,19,2,1,5
31.149,41.267,2023,6,6,19,2,1,5
31.156,41.662,2023,6,6,19,2,1,5
31.16,41.838,2023,6,6,19,2,1,5
31.165,41.686,2023,6,6,19,2,1,5
31.17,41.737,2023,6,6,19,2,1,5
31.179,41.864,2023,6,6,19,2,1,5
31.176,41.75,2023,6,6,19,2,1,5
31.17,41.397,2023,6,6,19,2,1,5
31.174,41.287,2023,6,6,19,2,1,5
31.181,41.202,2023,6,6,19,2,1,5
31.193,41.148,2023,6,6,19,2,1,5
31.21,41.135,2023,6,6,19,2,1,5
31.228,41.082,2023,6,6,19,2,1,5
31.238,41.102,2023,6,6,20,2,1,5
31.247,41.149,2023,6,6,20,2,1,5
31.257,43.059,2023,6,6,20,2,1,5
31.247,44.908,2023,6,6,20,2,1,5
31.212,43.773,2023,6,6,20,2,1,5
31.176,42.964,2023,6,6,20,2,1,5
31.128,41.632,2023,6,6,20,2,1,5
31.08,41.09,2023,6,6,20,2,1,5
31.026,41.02,2023,6,6,20,2,1,5
30.993,41.258,2023,6,6,20,2,1,5
30.964,41.445,2023,6,6,20,2,1,5
30.937,41.384,2023,6,6,20,2,1,5
30.918,41.617,2023,6,6,20,2,1,5
30.909,41.886,2023,6,6,20,2,1,5
30.903,42.38,2023,6,6,20,2,1,5
30.901,42.755,2023,6,6,20,2,1,5
30.887,43.471,2023,6,6,20,2,1,5
30.87,43.596,2023,6,6,20,2,1,5
30.851,43.519,2023,6,6,20,2,1,5
30.827,43.289,2023,6,6,20,2,1,5
30.811,42.897,2023,6,6,20,2,1,5
30.795,43.027,2023,6,6,20,2,1,5
30.785,43.407,2023,6,6,20,2,1,5
30.775,43.6,2023,6,6,20,2,1,5
30.768,43.763,2023,6,6,20,2,1,5
30.758,43.599,2023,6,6,20,2,1,5
30.748,43.415,2023,6,6,20,2,1,5
30.734,43.32,2023,6,6,20,2,1,5
30.721,43.7,2023,6,6,20,2,1,5
30.716,43.539,2023,6,6,20,2,1,5
30.71,43.592,2023,6,6,21,2,1,5
30.704,43.573,2023,6,6,21,2,1,5
30.695,43.562,2023,6,6,21,2,1,5
30.693,43.475,2023,6,6,21,2,1,5
30.684,43.273,2023,6,6,21,2,1,5
30.68,43.393,2023,6,6,21,2,1,5
30.674,43.432,2023,6,6,21,2,1,5
30.667,43.614,2023,6,6,21,2,1,5
30.661,43.698,2023,6,6,21,2,1,5
30.657,43.629,2023,6,6,21,2,1,5
30.65,44.345,2023,6,6,21,2,1,5
30.634,44.797,2023,6,6,21,2,1,5
30.62,45.224,2023,6,6,21,2,1,5
30.603,45.655,2023,6,6,21,2,1,5
30.592,45.929,2023,6,6,21,2,1,5
30.588,46.126,2023,6,6,21,2,1,5
30.579,46.774,2023,6,6,21,2,1,5
30.566,46.201,2023,6,6,21,2,1,5
30.543,46.178,2023,6,6,21,2,1,5
30.519,46.213,2023,6,6,21,2,1,5
30.5,46.328,2023,6,6,21,2,1,5
30.479,46.184,2023,6,6,21,2,1,5
30.451,46.12,2023,6,6,21,2,1,5
30.421,46.097,2023,6,6,21,2,1,5
30.388,46.189,2023,6,6,21,2,1,5
30.364,46.194,2023,6,6,21,2,1,5
30.345,46.428,2023,6,6,21,2,1,5
30.319,46.44,2023,6,6,21,2,1,5
30.298,46.449,2023,6,6,21,2,1,5
30.252,46.492,2023,6,6,21,2,1,5
30.223,46.525,2023,6,6,22,2,1,5
30.201,46.623,2023,6,6,22,2,1,5
30.172,46.67,2023,6,6,22,2,1,5
30.145,46.732,2023,6,6,22,2,1,5
30.12,46.735,2023,6,6,22,2,1,5
30.095,46.607,2023,6,6,22,2,1,5
30.062,46.504,2023,6,6,22,2,1,5
30.027,46.662,2023,6,6,22,2,1,5
30.0,46.794,2023,6,6,22,2,1,5
29.972,46.831,2023,6,6,22,2,1,5
29.943,46.797,2023,6,6,22,2,1,5
29.912,46.809,2023,6,6,22,2,1,5
29.879,46.761,2023,6,6,22,2,1,5
29.848,46.781,2023,6,6,22,2,1,5
29.823,46.892,2023,6,6,22,2,1,5
29.802,46.938,2023,6,6,22,2,1,5
29.778,46.955,2023,6,6,22,2,1,5
29.743,46.916,2023,6,6,22,2,1,5
29.709,47.106,2023,6,6,22,2,1,5
29.685,47.228,2023,6,6,22,2,1,5
29.668,47.277,2023,6,6,22,2,1,5
29.66,47.406,2023,6,6,22,2,1,5
29.654,47.489,2023,6,6,22,2,1,5
29.653,47.515,2023,6,6,22,2,1,5
29.654,47.559,2023,6,6,22,2,1,5
29.653,47.645,2023,6,6,22,2,1,5
29.651,47.619,2023,6,6,22,2,1,5
29.646,47.686,2023,6,6,22,2,1,5
29.628,47.734,2023,6,6,22,2,1,5
29.617,47.892,2023,6,6,22,2,1,5
29.604,47.956,2023,6,6,23,2,1,5
29.593,47.987,2023,6,6,23,2,1,5
29.58,47.966,2023,6,6,23,2,1,5
29.562,48.062,2023,6,6,23,2,1,5
29.529,47.979,2023,6,6,23,2,1,5
29.498,47.968,2023,6,6,23,2,1,5
29.462,48.056,2023,6,6,23,2,1,5
29.441,48.082,2023,6,6,23,2,1,5
29.43,48.046,2023,6,6,23,2,1,5
29.422,48.226,2023,6,6,23,2,1,5
29.409,48.259,2023,6,6,23,2,1,5
29.391,48.344,2023,6,6,23,2,1,5
29.366,48.304,2023,6,6,23,2,1,5
29.353,48.336,2023,6,6,23,2,1,5
29.351,48.373,2023,6,6,23,2,1,5
29.355,48.398,2023,6,6,23,2,1,5
29.352,48.449,2023,6,6,23,2,1,5
29.345,48.449,2023,6,6,23,2,1,5
29.343,48.566,2023,6,6,23,2,1,5
29.337,48.621,2023,6,6,23,2,1,5
29.334,48.697,2023,6,6,23,2,1,5
29.331,48.777,2023,6,6,23,2,1,5
29.325,48.794,2023,6,6,23,2,1,5
29.323,48.775,2023,6,6,23,2,1,5
29.317,48.83,2023,6,6,23,2,1,5
29.313,48.69,2023,6,6,23,2,1,5
29.312,48.533,2023,6,6,23,2,1,5
29.309,48.485,2023,6,6,23,2,1,5
29.3,48.365,2023,6,6,23,2,1,5
29.292,48.269,2023,6,6,23,2,1,5
29.283,48.112,2023,6,0,0,2,0,5
29.268,47.838,2023,6,0,0,2,0,5
29.245,47.594,2023,6,0,0,2,0,5
29.221,47.42,2023,6,0,0,2,0,5
29.202,47.267,2023,6,0,0,2,0,5
29.172,47.135,2023,6,0,0,2,0,5
29.154,47.008,2023,6,0,0,2,0,5
29.132,46.851,2023,6,0,0,2,0,5
29.107,46.615,2023,6,0,0,2,0,5
29.088,46.758,2023,6,0,0,2,0,5
29.073,46.252,2023,6,0,0,2,0,5
29.061,45.536,2023,6,0,0,2,0,5
29.044,45.216,2023,6,0,0,2,0,5
29.021,44.988,2023,6,0,0,2,0,5
29.001,44.856,2023,6,0,0,2,0,5
28.991,44.593,2023,6,0,0,2,0,5
28.974,44.338,2023,6,0,0,2,0,5
28.952,44.233,2023,6,0,0,2,0,5
28.937,43.977,2023,6,0,0,2,0,5
28.895,43.868,2023,6,0,0,2,0,5
28.857,43.743,2023,6,0,0,2,0,5
28.816,43.794,2023,6,0,0,2,0,5
28.786,43.789,2023,6,0,0,2,0,5
28.744,43.884,2023,6,0,0,2,0,5
28.706,43.777,2023,6,0,0,2,0,5
28.658,43.704,2023,6,0,0,2,0,5
28.605,43.721,2023,6,0,0,2,0,5
28.56,43.646,2023,6,0,0,2,0,5
28.516,43.575,2023,6,0,0,2,0,5
28.474,43.524,2023,6,0,0,2,0,5
28.427,43.58,2023,6,0,1,2,0,5
28.39,43.59,2023,6,0,1,2,0,5
28.335,43.789,2023,6,0,1,2,0,5
28.312,43.65,2023,6,0,1,2,0,5
28.285,43.604,2023,6,0,1,2,0,5
28.254,43.704,2023,6,0,1,2,0,5
28.226,43.729,2023,6,0,1,2,0,5
28.208,43.856,2023,6,0,1,2,0,5
28.202,43.962,2023,6,0,1,2,0,5
28.2,44.174,2023,6,0,1,2,0,5
28.195,44.33,2023,6,0,1,2,0,5
28.195,44.469,2023,6,0,1,2,0,5
28.195,44.545,2023,6,0,1,2,0,5
28.189,44.328,2023,6,0,1,2,0,5
28.17,44.062,2023,6,0,1,2,0,5
28.139,44.041,2023,6,0,1,2,0,5
28.122,44.159,2023,6,0,1,2,0,5
28.113,44.268,2023,6,0,1,2,0,5
28.119,44.354,2023,6,0,1,2,0,5
28.128,44.289,2023,6,0,1,2,0,5
28.142,44.382,2023,6,0,1,2,0,5
28.16,44.275,2023,6,0,1,2,0,5
28.162,44.176,2023,6,0,1,2,0,5
28.163,44.217,2023,6,0,1,2,0,5
28.169,44.21,2023,6,0,1,2,0,5
28.167,44.133,2023,6,0,1,2,0,5
28.166,44.193,2023,6,0,1,2,0,5
28.166,44.295,2023,6,0,1,2,0,5
28.166,44.403,2023,6,0,2,2,0,5
28.168,44.474,2023,6,0,2,2,0,5
28.168,44.36,2023,6,0,2,2,0,5
28.167,44.3,2023,6,0,2,2,0,5
28.161,44.276,2023,6,0,2,2,0,5
28.155,44.309,2023,6,0,2,2,0,5
28.147,44.365,2023,6,0,2,2,0,5
28.143,44.407,2023,6,0,2,2,0,5
28.142,44.311,2023,6,0,2,2,0,5
28.134,44.333,2023,6,0,2,2,0,5
28.13,44.419,2023,6,0,2,2,0,5
28.128,44.249,2023,6,0,2,2,0,5
28.121,44.236,2023,6,0,2,2,0,5
28.115,44.309,2023,6,0,2,2,0,5
28.107,44.253,2023,6,0,2,2,0,5
28.093,44.261,2023,6,0,2,2,0,5
28.071,43.887,2023,6,0,2,2,0,5
28.035,43.891,2023,6,0,2,2,0,5
27.994,43.526,2023,6,0,2,2,0,5
27.938,43.825,2023,6,0,2,2,0,5
27.886,43.206,2023,6,0,2,2,0,5
27.8,43.147,2023,6,0,2,2,0,5
27.693,43.239,2023,6,0,2,2,0,5
27.44,43.725,2023,6,0,2,2,0,5
27.035,44.542,2023,6,0,2,2,0,5
26.679,45.343,2023,6,0,2,2,0,6
26.348,46.004,2023,6,0,2,2,0,6
26.049,46.662,2023,6,0,2,2,0,6
25.87,47.176,2023,6,0,2,2,0,7
25.729,47.571,2023,6,0,2,2,0,7
25.597,47.814,2023,6,0,3,2,0,7
25.504,48.122,2023,6,0,3,2,0,7
25.407,48.253,2023,6,0,3,2,0,7
25.35,48.5,2023,6,0,3,2,0,7
25.311,48.685,2023,6,0,3,2,0,7
25.252,48.902,2023,6,0,3,2,0,7
25.202,49.024,2023,6,0,3,2,0,7
25.148,49.188,2023,6,0,3,2,0,7
25.107,49.385,2023,6,0,3,2,0,7
25.053,49.565,2023,6,0,3,2,0,7
25.003,49.793,2023,6,0,3,2,0,7
24.979,49.901,2023,6,0,3,2,0,7
24.964,50.04,2023,6,0,3,2,0,7
24.906,50.288,2023,6,0,3,2,0,7
24.854,50.572,2023,6,0,3,2,0,7
24.806,50.789,2023,6,0,3,2,0,7
24.763,51.03,2023,6,0,3,2,0,8
24.769,51.222,2023,6,0,3,2,0,8
24.774,51.417,2023,6,0,3,2,0,8
24.767,51.658,2023,6,0,3,2,0,8
24.746,51.864,2023,6,0,3,2,0,8
24.708,52.277,2023,6,0,3,2,0,8
24.656,52.72,2023,6,0,3,2,0,8
24.631,53.236,2023,6,0,3,2,0,8
24.57,53.663,2023,6,0,3,2,0,8
24.553,54.053,2023,6,0,3,2,0,8
24.517,54.41,2023,6,0,3,2,0,8
24.476,54.726,2023,6,0,3,2,0,8
24.434,55.152,2023,6,0,3,2,0,8
24.388,55.465,2023,6,0,3,2,0,8
24.359,55.638,2023,6,0,4,2,0,8
24.371,55.872,2023,6,0,4,2,0,8
24.314,56.185,2023,6,0,4,2,0,8
24.242,56.572,2023,6,0,4,2,0,8
24.186,56.878,2023,6,0,4,2,0,8
24.153,57.087,2023,6,0,4,2,0,8
24.096,57.478,2023,6,0,4,2,0,8
24.004,57.725,2023,6,0,4,2,0,8
24.012,57.84,2023,6,0,4,2,0,8
23.992,57.782,2023,6,0,4,2,0,8
23.991,57.931,2023,6,0,4,2,0,8
24.012,57.813,2023,6,0,4,2,0,8
24.075,57.646,2023,6,0,4,2,0,8
24.162,57.677,2023,6,0,4,2,0,8
24.237,57.591,2023,6,0,4,2,0,8
24.287,57.622,2023,6,0,4,2,0,8
24.287,57.683,2023,6,0,4,2,0,8
24.291,57.749,2023,6,0,4,2,0,8
24.309,57.823,2023,6,0,4,2,0,8
24.322,58.134,2023,6,0,4,2,0,8
24.259,58.343,2023,6,0,4,2,0,8
24.21,58.487,2023,6,0,4,2,0,8
24.199,58.811,2023,6,0,4,2,0,8
24.158,59.214,2023,6,0,4,2,0,8
24.088,59.287,2023,6,0,4,2,0,8
24.074,59.382,2023,6,0,4,2,0,8
24.098,59.265,2023,6,0,4,2,0,8
24.119,59.19,2023,6,0,4,2,0,8
24.134,59.046,2023,6,0,4,2,0,8
24.116,59.01,2023,6,0,4,2,0,8
24.11,58.878,2023,6,0,5,2,0,8
24.115,58.659,2023,6,0,5,2,0,8
24.107,58.508,2023,6,0,5,2,0,8
24.109,58.277,2023,6,0,5,2,0,8
24.099,58.05,2023,6,0,5,2,0,8
24.064,57.809,2023,6,0,5,2,0,8
24.024,57.653,2023,6,0,5,2,0,8
24.015,57.569,2023,6,0,5,2,0,8
23.995,57.555,2023,6,0,5,2,0,8
23.945,57.58,2023,6,0,5,2,0,8
23.906,57.545,2023,6,0,5,2,0,8
23.858,57.6,2023,6,0,5,2,0,8
23.818,57.624,2023,6,0,5,2,0,8
23.782,57.628,2023,6,0,5,2,0,8
23.778,57.615,2023,6,0,5,2,0,8
23.77,57.508,2023,6,0,5,2,0,8
23.756,57.494,2023,6,0,5,2,0,8
23.747,57.569,2023,6,0,5,2,0,8
23.735,57.62,2023,6,0,5,2,0,8
23.741,57.643,2023,6,0,5,2,0,8
23.747,57.624,2023,6,0,5,2,0,8
23.724,57.624,2023,6,0,5,2,0,8
23.705,57.665,2023,6,0,5,2,0,8
23.658,57.712,2023,6,0,5,2,0,9
23.578,57.842,2023,6,0,5,2,0,9
23.565,57.891,2023,6,0,5,2,0,9
23.608,57.76,2023,6,0,5,2,0,9
23.676,57.568,2023,6,0,5,2,0,8
23.748,57.409,2023,6,0,5,2,0,8
23.81,57.26,2023,6,0,5,2,0,8
23.869,57.118,2023,6,0,6,2,0,8
23.93,56.944,2023,6,0,6,2,0,8
23.98,56.816,2023,6,0,6,2,0,8
24.018,56.715,2023,6,0,6,2,0,8
24.054,56.638,2023,6,0,6,2,0,8
24.086,56.57,2023,6,0,6,2,0,8
24.106,56.541,2023,6,0,6,2,0,8
24.122,56.447,2023,6,0,6,2,0,8
24.134,56.435,2023,6,0,6,2,0,8
24.15,56.433,2023,6,0,6,2,0,8
24.169,56.414,2023,6,0,6,2,0,8
24.193,56.421,2023,6,0,6,2,0,8
24.196,56.425,2023,6,0,6,2,0,8
24.204,56.345,2023,6,0,6,2,0,8
24.215,56.305,2023,6,0,6,2,0,8
24.234,56.297,2023,6,0,6,2,0,8
24.241,56.257,2023,6,0,6,2,0,8
24.239,56.276,2023,6,0,6,2,0,8
24.242,56.289,2023,6,0,6,2,0,8
24.25,56.296,2023,6,0,6,2,0,8
24.252,56.295,2023,6,0,6,2,0,8
24.251,56.299,2023,6,0,6,2,0,8
24.249,56.348,2023,6,0,6,2,0,8
24.25,56.307,2023,6,0,6,2,0,8
24.244,56.369,2023,6,0,6,2,0,8
24.245,56.398,2023,6,0,6,2,0,8
24.243,56.42,2023,6,0,6,2,0,8
24.241,56.429,2023,6,0,6,2,0,8
24.242,56.512,2023,6,0,6,2,0,8
24.245,56.519,2023,6,0,6,2,0,8
24.255,56.541,2023,6,0,7,2,0,8
24.276,56.612,2023,6,0,7,2,0,8
24.282,56.662,2023,6,0,7,2,0,8
24.286,56.674,2023,6,0,7,2,0,8
24.285,56.692,2023,6,0,7,2,0,8
24.272,56.784,2023,6,0,7,2,0,8
24.276,56.817,2023,6,0,7,2,0,8
24.299,56.862,2023,6,0,7,2,0,8
24.326,56.838,2023,6,0,7,2,0,8
24.363,56.873,2023,6,0,7,2,0,8
24.393,56.888,2023,6,0,7,2,0,8
24.409,56.849,2023,6,0,7,2,0,8
24.435,56.916,2023,6,0,7,2,0,8
24.525,56.858,2023,6,0,7,2,0,8
24.65,56.706,2023,6,0,7,2,0,8
24.775,56.464,2023,6,0,7,2,0,8
24.872,56.268,2023,6,0,7,2,0,7
24.947,56.26,2023,6,0,7,2,0,7
24.995,56.358,2023,6,0,7,2,0,7
24.983,56.504,2023,6,0,7,2,0,7
24.914,56.553,2023,6,0,7,2,0,7
24.848,56.671,2023,6,0,7,2,0,7
24.804,56.818,2023,6,0,7,2,0,7
24.79,56.948,2023,6,0,7,2,0,7
24.77,56.921,2023,6,0,7,2,0,8
24.742,56.985,2023,6,0,7,2,0,8
24.746,57.068,2023,6,0,7,2,0,8
24.767,57.11,2023,6,0,7,2,0,8
24.785,57.05,2023,6,0,7,2,0,7
24.816,57.01,2023,6,0,7,2,0,7
24.848,56.929,2023,6,0,8,2,0,7
24.886,56.871,2023,6,0,8,2,0,7
24.922,56.717,2023,6,0,8,2,0,7
24.945,56.684,2023,6,0,8,2,0,7
24.951,56.644,2023,6,0,8,2,0,7
24.961,56.631,2023,6,0,8,2,0,7
24.968,56.637,2023,6,0,8,2,0,7
24.968,56.614,2023,6,0,8,2,0,7
24.965,56.611,2023,6,0,8,2,0,7
24.965,56.54,2023,6,0,8,2,0,7
24.955,56.753,2023,6,0,8,2,0,7
24.882,57.024,2023,6,0,8,2,0,7
24.866,56.949,2023,6,0,8,2,0,7
24.858,56.943,2023,6,0,8,2,0,7
24.842,56.859,2023,6,0,8,2,0,7
24.835,56.808,2023,6,0,8,2,0,7
24.803,56.857,2023,6,0,8,2,0,7
24.775,56.764,2023,6,0,8,2,0,8
24.751,56.83,2023,6,0,8,2,0,8
24.737,56.841,2023,6,0,8,2,0,8
24.752,56.883,2023,6,0,8,2,0,8
24.781,56.784,2023,6,0,8,2,0,7
24.828,56.765,2023,6,0,8,2,0,7
24.844,56.717,2023,6,0,8,2,0,7
24.845,56.681,2023,6,0,8,2,0,7
24.816,56.635,2023,6,0,8,2,0,7
24.794,56.833,2023,6,0,8,2,0,7
24.775,56.851,2023,6,0,8,2,0,8
24.785,56.878,2023,6,0,9,2,0,7
24.798,56.88,2023,6,0,9,2,0,7
24.809,56.745,2023,6,0,9,2,0,7
24.81,56.664,2023,6,0,9,2,0,7
24.798,56.634,2023,6,0,9,2,0,7
24.804,56.622,2023,6,0,9,2,0,7
24.824,56.63,2023,6,0,9,2,0,7
24.848,56.662,2023,6,0,9,2,0,7
24.858,56.561,2023,6,0,9,2,0,7
24.893,56.498,2023,6,0,9,2,0,7
24.95,56.369,2023,6,0,9,2,0,7
25.003,56.325,2023,6,0,9,2,0,7
25.038,56.271,2023,6,0,9,2,0,7
25.06,56.075,2023,6,0,9,2,0,7
25.068,55.932,2023,6,0,9,2,0,7
25.094,55.906,2023,6,0,9,2,0,7
25.137,55.81,2023,6,0,9,2,0,7
25.186,55.592,2023,6,0,9,2,0,7
25.242,55.463,2023,6,0,9,2,0,7
25.312,55.273,2023,6,0,9,2,0,7
25.379,55.101,2023,6,0,9,2,0,7
25.438,54.946,2023,6,0,9,2,0,7
25.49,54.701,2023,6,0,9,2,0,7
25.549,54.544,2023,6,0,9,2,0,7
25.611,54.443,2023,6,0,9,2,0,7
25.68,54.242,2023,6,0,9,2,0,7
25.732,54.106,2023,6,0,9,2,0,7
25.789,53.951,2023,6,0,9,2,0,7
25.858,53.54,2023,6,0,9,2,0,7
25.871,53.211,2023,6,0,9,2,0,7
25.878,53.211,2023,6,0,10,2,0,7
25.914,53.211,2023,6,0,10,2,0,6
25.957,53.139,2023,6,0,10,2,0,6
25.994,52.857,2023,6,0,10,2,0,6
26.04,53.043,2023,6,0,10,2,0,6
26.089,52.979,2023,6,0,10,2,0,6
26.144,52.827,2023,6,0,10,2,0,6
26.204,52.707,2023,6,0,10,2,0,6
26.265,52.582,2023,6,0,10,2,0,6
26.323,52.418,2023,6,0,10,2,0,6
26.394,52.291,2023,6,0,10,2,0,6
26.473,52.181,2023,6,0,10,2,0,6
26.533,52.123,2023,6,0,10,2,0,6
26.589,51.944,2023,6,0,10,2,0,6
26.648,51.751,2023,6,0,10,2,0,6
26.698,51.427,2023,6,0,10,2,0,6
26.743,51.067,2023,6,0,10,2,0,6
26.784,50.915,2023,6,0,10,2,0,6
26.821,50.773,2023,6,0,10,2,0,6
26.859,50.737,2023,6,0,10,2,0,6
26.891,50.821,2023,6,0,10,2,0,6
26.946,50.766,2023,6,0,10,2,0,6
26.995,50.438,2023,6,0,10,2,0,6
27.045,50.192,2023,6,0,10,2,0,5
27.092,49.959,2023,6,0,10,2,0,5
27.139,49.831,2023,6,0,10,2,0,5
27.186,49.692,2023,6,0,10,2,0,5
27.224,49.5,2023,6,0,10,2,0,5
27.258,49.278,2023,6,0,10,2,0,5
27.274,48.811,2023,6,0,10,2,0,5
27.292,48.732,2023,6,0,11,2,0,5
27.312,48.593,2023,6,0,11,2,0,5
27.343,48.329,2023,6,0,11,2,0,5
27.358,48.337,2023,6,0,11,2,0,5
27.395,48.369,2023,6,0,11,2,0,5
27.434,48.37,2023,6,0,11,2,0,5
27.471,48.257,2023,6,0,11,2,0,5
27.533,47.91,2023,6,0,11,2,0,5
27.559,47.826,2023,6,0,11,2,0,5
27.591,47.7,2023,6,0,11,2,0,5
27.618,47.499,2023,6,0,11,2,0,5
27.635,47.362,2023,6,0,11,2,0,5
27.663,47.319,2023,6,0,11,2,0,5
27.699,47.242,2023,6,0,11,2,0,5
27.735,47.118,2023,6,0,11,2,0,5
27.751,47.001,2023,6,0,11,2,0,5
27.759,46.955,2023,6,0,11,2,0,5
27.764,46.855,2023,6,0,11,2,0,5
27.719,45.562,2023,6,0,11,2,0,5
27.54,45.344,2023,6,0,11,2,0,5
27.317,45.863,2023,6,0,11,2,0,5
27.126,46.497,2023,6,0,11,2,0,5
27.013,47.083,2023,6,0,11,2,0,5
26.944,47.134,2023,6,0,11,2,0,6
26.896,47.369,2023,6,0,11,2,0,6
26.878,47.545,2023,6,0,11,2,0,6
26.888,47.443,2023,6,0,11,2,0,6
26.871,47.412,2023,6,0,11,2,0,6
26.842,47.699,2023,6,0,11,2,0,6
26.831,47.801,2023,6,0,12,2,0,6
26.792,47.824,2023,6,0,12,2,0,6
26.742,47.781,2023,6,0,12,2,0,6
26.703,47.572,2023,6,0,12,2,0,6
26.636,47.69,2023,6,0,12,2,0,6
26.576,47.263,2023,6,0,12,2,0,6
26.502,47.15,2023,6,0,12,2,0,6
26.416,47.247,2023,6,0,12,2,0,6
26.314,47.517,2023,6,0,12,2,0,6
26.256,49.626,2023,6,0,12,2,0,6
26.232,51.619,2023,6,0,12,2,0,6
26.251,49.031,2023,6,0,12,2,0,6
26.207,47.982,2023,6,0,12,2,0,6
26.159,47.738,2023,6,0,12,2,0,6
26.113,47.406,2023,6,0,12,2,0,6
26.06,46.949,2023,6,0,12,2,0,6
26.005,46.727,2023,6,0,12,2,0,6
25.947,46.773,2023,6,0,12,2,0,6
25.909,46.896,2023,6,0,12,2,0,6
25.877,47.214,2023,6,0,12,2,0,7
25.853,47.407,2023,6,0,12,2,0,7
25.812,47.19,2023,6,0,12,2,0,7
25.759,47.288,2023,6,0,12,2,0,7
25.704,47.001,2023,6,0,12,2,0,7
25.652,47.064,2023,6,0,12,2,0,7
25.622,47.48,2023,6,0,12,2,0,7
25.626,47.307,2023,6,0,12,2,0,7
25.603,46.358,2023,6,0,12,2,0,7
25.59,45.924,2023,6,0,12,2,0,7
25.588,45.597,2023,6,0,12,2,0,7
25.58,45.366,2023,6,0,13,2,0,7
25.554,45.619,2023,6,0,13,2,0,7
25.529,45.593,2023,6,0,13,2,0,7
25.52,45.623,2023,6,0,13,2,0,7
25.521,45.656,2023,6,0,13,2,0,7
25.535,45.793,2023,6,0,13,2,0,7
25.55,45.319,2023,6,0,13,2,0,7
25.558,45.598,2023,6,0,13,2,0,7
25.555,45.742,2023,6,0,13,2,0,7
25.545,45.436,2023,6,0,13,2,0,7
25.549,45.012,2023,6,0,13,2,0,7
25.547,44.498,2023,6,0,13,2,0,7
25.551,44.341,2023,6,0,13,2,0,7
25.561,44.722,2023,6,0,13,2,0,7
25.576,45.061,2023,6,0,13,2,0,7
25.599,44.867,2023,6,0,13,2,0,7
25.631,44.638,2023,6,0,13,2,0,7
25.654,44.2,2023,6,0,13,2,0,7
25.652,43.534,2023,6,0,13,2,0,7
25.63,43.401,2023,6,0,13,2,0,7
25.615,43.531,2023,6,0,13,2,0,7
25.596,43.179,2023,6,0,13,2,0,7
25.537,43.429,2023,6,0,13,2,0,7
25.488,43.805,2023,6,0,13,2,0,7
25.478,43.672,2023,6,0,13,2,0,7
25.484,43.043,2023,6,0,13,2,0,7
25.494,42.856,2023,6,0,13,2,0,7
25.514,43.0,2023,6,0,13,2,0,7
25.545,42.939,2023,6,0,13,2,0,7
25.556,42.729,2023,6,0,13,2,0,7
25.572,42.589,2023,6,0,14,2,0,7
25.591,42.204,2023,6,0,14,2,0,7
25.614,42.114,2023,6,0,14,2,0,7
25.633,41.568,2023,6,0,14,2,0,7
25.63,41.189,2023,6,0,14,2,0,7
25.651,41.658,2023,6,0,14,2,0,7
25.686,41.684,2023,6,0,14,2,0,7
25.678,41.789,2023,6,0,14,2,0,7
25.646,41.989,2023,6,0,14,2,0,7
25.62,42.314,2023,6,0,14,2,0,7
25.618,42.096,2023,6,0,14,2,0,7
25.613,42.247,2023,6,0,14,2,0,7
25.618,42.556,2023,6,0,14,2,0,7
25.638,42.783,2023,6,0,14,2,0,7
25.66,43.19,2023,6,0,14,2,0,7
25.684,43.23,2023,6,0,14,2,0,7
25.66,43.349,2023,6,0,14,2,0,7
25.639,43.166,2023,6,0,14,2,0,7
25.615,43.079,2023,6,0,14,2,0,7
25.589,43.012,2023,6,0,14,2,0,7
25.547,43.123,2023,6,0,14,2,0,7
25.494,43.585,2023,6,0,14,2,0,7
25.481,43.678,2023,6,0,14,2,0,7
25.489,43.821,2023,6,0,14,2,0,7
25.523,43.701,2023,6,0,14,2,0,7
25.545,42.953,2023,6,0,14,2,0,7
25.573,42.737,2023,6,0,14,2,0,7
25.6,42.568,2023,6,0,14,2,0,7
25.603,42.398,2023,6,0,14,2,0,7
25.585,42.446,2023,6,0,14,2,0,7
25.559,42.043,2023,6,0,15,2,0,7
25.537,41.683,2023,6,0,15,2,0,7
25.496,41.316,2023,6,0,15,2,0,7
25.441,41.472,2023,6,0,15,2,0,7
25.427,41.999,2023,6,0,15,2,0,7
25.443,42.366,2023,6,0,15,2,0,7
25.475,42.64,2023,6,0,15,2,0,7
25.497,42.615,2023,6,0,15,2,0,7
25.477,42.613,2023,6,0,15,2,0,7
25.462,42.737,2023,6,0,15,2,0,7
25.459,42.992,2023,6,0,15,2,0,7
25.494,43.043,2023,6,0,15,2,0,7
25.534,43.0,2023,6,0,15,2,0,7
25.571,42.715,2023,6,0,15,2,0,7
25.589,42.51,2023,6,0,15,2,0,7
25.575,42.067,2023,6,0,15,2,0,7
25.531,41.877,2023,6,0,15,2,0,7
25.457,41.533,2023,6,0,15,2,0,7
25.423,41.568,2023,6,0,15,2,0,7
25.392,41.692,2023,6,0,15,2,0,7
25.376,41.633,2023,6,0,15,2,0,7
25.362,41.103,2023,6,0,15,2,0,7
25.34,40.706,2023,6,0,15,2,0,7
25.335,40.376,2023,6,0,15,2,0,7
25.342,40.006,2023,6,0,15,2,0,7
25.331,40.157,2023,6,0,15,2,0,7
25.332,40.181,2023,6,0,15,2,0,7
25.334,40.516,2023,6,0,15,2,0,7
25.358,40.856,2023,6,0,15,2,0,7
25.402,40.842,2023,6,0,15,2,0,7
25.424,40.747,2023,6,0,16,2,0,7
25.428,40.215,2023,6,0,16,2,0,7
25.431,39.69,2023,6,0,16,2,0,7
25.443,39.636,2023,6,0,16,2,0,7
25.47,39.094,2023,6,0,16,2,0,7
25.489,38.918,2023,6,0,16,2,0,7
25.476,38.551,2023,6,0,16,2,0,7
25.45,38.621,2023,6,0,16,2,0,7
25.418,38.8,2023,6,0,16,2,0,7
25.397,38.895,2023,6,0,16,2,0,7
25.396,39.125,2023,6,0,16,2,0,7
25.411,39.177,2023,6,0,16,2,0,7
25.416,39.288,2023,6,0,16,2,0,7
25.396,39.451,2023,6,0,16,2,0,7
25.369,39.724,2023,6,0,16,2,0,7
25.363,39.547,2023,6,0,16,2,0,7
25.34,39.518,2023,6,0,16,2,0,7
25.331,39.583,2023,6,0,16,2,0,7
25.325,40.009,2023,6,0,16,2,0,7
25.339,40.174,2023,6,0,16,2,0,7
25.351,40.22,2023,6,0,16,2,0,7
25.333,40.296,2023,6,0,16,2,0,7
25.319,40.533,2023,6,0,16,2,0,7
25.325,40.44,2023,6,0,16,2,0,7
25.331,40.345,2023,6,0,16,2,0,7
25.337,40.452,2023,6,0,16,2,0,7
25.343,40.341,2023,6,0,16,2,0,7
25.335,40.233,2023,6,0,16,2,0,7
25.316,40.184,2023,6,0,16,2,0,7
25.295,40.415,2023,6,0,17,2,0,7
25.309,40.503,2023,6,0,17,2,0,7
25.332,40.518,2023,6,0,17,2,0,7
25.359,40.403,2023,6,0,17,2,0,7
25.391,40.526,2023,6,0,17,2,0,7
25.421,40.516,2023,6,0,17,2,0,7
25.443,40.551,2023,6,0,17,2,0,7
25.479,40.491,2023,6,0,17,2,0,7
25.516,40.296,2023,6,0,17,2,0,7
25.542,40.203,2023,6,0,17,2,0,7
25.561,40.107,2023,6,0,17,2,0,7
25.587,40.627,2023,6,0,17,2,0,7
25.603,39.583,2023,6,0,17,2,0,7
25.602,39.206,2023,6,0,17,2,0,7
25.612,39.288,2023,6,0,17,2,0,7
25.616,39.232,2023,6,0,17,2,0,7
25.608,39.238,2023,6,0,17,2,0,7
25.607,39.273,2023,6,0,17,2,0,7
25.603,39.619,2023,6,0,17,2,0,7
25.606,39.973,2023,6,0,17,2,0,7
25.61,39.994,2023,6,0,17,2,0,7
25.621,39.932,2023,6,0,17,2,0,7
25.62,39.639,2023,6,0,17,2,0,7
25.616,39.593,2023,6,0,17,2,0,7
25.613,39.227,2023,6,0,17,2,0,7
25.598,39.091,2023,6,0,17,2,0,7
25.588,39.054,2023,6,0,17,2,0,7
25.591,39.142,2023,6,0,17,2,0,7
25.623,39.052,2023,6,0,17,2,0,7
25.652,38.916,2023,6,0,17,2,0,7
25.667,38.833,2023,6,0,18,2,0,6
25.676,38.87,2023,6,0,18,2,0,6
25.677,38.234,2023,6,0,18,2,0,6
25.605,38.107,2023,6,0,18,2,0,6
25.504,38.294,2023,6,0,18,2,0,7
25.388,38.548,2023,6,0,18,2,0,7
25.277,38.694,2023,6,0,18,2,0,7
25.176,38.821,2023,6,0,18,2,0,7
25.082,38.687,2023,6,0,18,2,0,7
24.985,38.648,2023,6,0,18,2,0,7
24.905,38.529,2023,6,0,18,2,0,7
24.818,38.476,2023,6,0,18,2,0,7
24.727,38.852,2023,6,0,18,2,0,7
24.682,39.219,2023,6,0,18,2,0,7
24.66,39.481,2023,6,0,18,2,0,8
24.656,39.608,2023,6,0,18,2,0,8
24.681,39.937,2023,6,0,18,2,0,8
24.722,40.13,2023,6,0,18,2,0,8
24.765,40.125,2023,6,0,18,2,0,8
24.806,40.131,2023,6,0,18,2,0,7
24.843,39.954,2023,6,0,18,2,0,7
24.869,39.674,2023,6,0,18,2,0,7
24.885,39.71,2023,6,0,18,2,0,7
24.893,39.475,2023,6,0,18,2,0,7
24.888,39.286,2023,6,0,18,2,0,7
24.876,39.302,2023,6,0,18,2,0,7
24.873,39.532,2023,6,0,18,2,0,7
24.883,39.683,2023,6,0,18,2,0,7
24.896,39.631,2023,6,0,18,2,0,7
24.906,39.417,2023,6,0,18,2,0,7
24.908,39.261,2023,6,0,19,2,0,7
24.91,39.386,2023,6,0,19,2,0,7
24.94,39.445,2023,6,0,19,2,0,7
24.956,39.517,2023,6,0,19,2,0,7
24.973,39.653,2023,6,0,19,2,0,7
24.978,39.706,2023,6,0,19,2,0,7
24.959,39.645,2023,6,0,19,2,0,7
24.946,39.672,2023,6,0,19,2,0,7
24.936,39.688,2023,6,0,19,2,0,7
24.928,39.716,2023,6,0,19,2,0,7
24.914,39.658,2023,6,0,19,2,0,7
24.89,39.78,2023,6,0,19,2,0,7
24.869,39.982,2023,6,0,19,2,0,7
24.868,40.091,2023,6,0,19,2,0,7
24.89,40.181,2023,6,0,19,2,0,7
24.92,40.167,2023,6,0,19,2,0,7
24.948,40.176,2023,6,0,19,2,0,7
24.97,40.248,2023,6,0,19,2,0,7
24.992,40.364,2023,6,0,19,2,0,7
25.011,40.313,2023,6,0,19,2,0,7
25.016,40.151,2023,6,0,19,2,0,7
25.029,40.048,2023,6,0,19,2,0,7
25.046,39.94,2023,6,0,19,2,0,7
25.053,40.091,2023,6,0,19,2,0,7
25.06,40.106,2023,6,0,19,2,0,7
25.081,40.175,2023,6,0,19,2,0,7
25.108,40.1,2023,6,0,19,2,0,7
25.126,40.074,2023,6,0,19,2,0,7
25.114,40.012,2023,6,0,19,2,0,7
25.093,40.124,2023,6,0,19,2,0,7
25.092,40.182,2023,6,0,20,2,0,7
25.095,40.04,2023,6,0,20,2,0,7
25.082,40.002,2023,6,0,20,2,0,7
25.052,40.111,2023,6,0,20,2,0,7
25.017,40.174,2023,6,0,20,2,0,7
24.994,40.33,2023,6,0,20,2,0,7
24.967,40.303,2023,6,0,20,2,0,7
24.933,40.349,2023,6,0,20,2,0,7
24.892,40.392,2023,6,0,20,2,0,7
24.858,40.416,2023,6,0,20,2,0,7
24.825,40.5,2023,6,0,20,2,0,7
24.792,40.602,2023,6,0,20,2,0,7
24.756,40.567,2023,6,0,20,2,0,8
24.699,40.649,2023,6,0,20,2,0,8
24.676,40.851,2023,6,0,20,2,0,8
24.655,41.023,2023,6,0,20,2,0,8
24.654,41.044,2023,6,0,20,2,0,8
24.668,41.085,2023,6,0,20,2,0,8
24.68,41.082,2023,6,0,20,2,0,8
24.683,40.988,2023,6,0,20,2,0,8
24.659,40.941,2023,6,0,20,2,0,8
24.609,41.114,2023,6,0,20,2,0,8
24.586,41.277,2023,6,0,20,2,0,8
24.575,41.353,2023,6,0,20,2,0,8
24.546,41.53,2023,6,0,20,2,0,8
24.529,41.655,2023,6,0,20,2,0,8
24.515,41.745,2023,6,0,20,2,0,8
24.507,41.867,2023,6,0,20,2,0,8
24.499,42.005,2023,6,0,20,2,0,8
24.498,42.131,2023,6,0,20,2,0,8
24.49,42.276,2023,6,0,21,2,0,8
24.491,42.42,2023,6,0,21,2,0,8
24.485,42.584,2023,6,0,21,2,0,8
24.467,42.787,2023,6,0,21,2,0,8
24.459,42.919,2023,6,0,21,2,0,8
24.446,42.968,2023,6,0,21,2,0,8
24.429,43.036,2023,6,0,21,2,0,8
24.412,43.093,2023,6,0,21,2,0,8
24.398,43.157,2023,6,0,21,2,0,8
24.378,43.138,2023,6,0,21,2,0,8
24.309,43.238,2023,6,0,21,2,0,8
24.258,43.364,2023,6,0,21,2,0,8
24.239,43.485,2023,6,0,21,2,0,8
24.235,43.61,2023,6,0,21,2,0,8
24.236,43.633,2023,6,0,21,2,0,8
24.245,43.635,2023,6,0,21,2,0,8
24.262,43.558,2023,6,0,21,2,0,8
24.266,43.623,2023,6,0,21,2,0,8
24.255,43.572,2023,6,0,21,2,0,8
24.258,43.569,2023,6,0,21,2,0,8
24.275,43.613,2023,6,0,21,2,0,8
24.304,43.555,2023,6,0,21,2,0,8
24.328,43.551,2023,6,0,21,2,0,8
24.337,43.477,2023,6,0,21,2,0,8
24.339,43.497,2023,6,0,21,2,0,8
24.346,43.504,2023,6,0,21,2,0,8
24.343,43.443,2023,6,0,21,2,0,8
24.327,43.45,2023,6,0,21,2,0,8
24.32,43.496,2023,6,0,21,2,0,8
24.336,43.609,2023,6,0,21,2,0,8
24.361,43.629,2023,6,0,22,2,0,8
24.374,43.621,2023,6,0,22,2,0,8
24.371,43.622,2023,6,0,22,2,0,8
24.363,43.676,2023,6,0,22,2,0,8
24.366,43.683,2023,6,0,22,2,0,8
24.373,43.722,2023,6,0,22,2,0,8
24.372,43.642,2023,6,0,22,2,0,8
24.358,43.574,2023,6,0,22,2,0,8
24.346,43.623,2023,6,0,22,2,0,8
24.356,43.485,2023,6,0,22,2,0,8
24.349,43.381,2023,6,0,22,2,0,8
24.337,43.373,2023,6,0,22,2,0,8
24.336,43.442,2023,6,0,22,2,0,8
24.341,43.386,2023,6,0,22,2,0,8
24.349,43.464,2023,6,0,22,2,0,8
24.36,43.482,2023,6,0,22,2,0,8
24.37,43.496,2023,6,0,22,2,0,8
24.389,43.565,2023,6,0,22,2,0,8
24.407,43.566,2023,6,0,22,2,0,8
24.425,43.506,2023,6,0,22,2,0,8
24.44,43.473,2023,6,0,22,2,0,8
24.439,43.491,2023,6,0,22,2,0,8
24.448,43.414,2023,6,0,22,2,0,8
24.461,43.369,2023,6,0,22,2,0,8
24.463,43.23,2023,6,0,22,2,0,8
24.462,43.139,2023,6,0,22,2,0,8
24.463,43.108,2023,6,0,22,2,0,8
24.468,43.02,2023,6,0,22,2,0,8
24.474,42.948,2023,6,0,22,2,0,8
24.484,42.87,2023,6,0,22,2,0,8
24.485,42.908,2023,6,0,23,2,0,8
24.489,42.948,2023,6,0,23,2,0,8
24.497,42.95,2023,6,0,23,2,0,8
24.518,42.809,2023,6,0,23,2,0,8
24.524,42.763,2023,6,0,23,2,0,8
24.523,42.782,2023,6,0,23,2,0,8
24.531,42.74,2023,6,0,23,2,0,8
24.535,42.77,2023,6,0,23,2,0,8
24.54,42.784,2023,6,0,23,2,0,8
24.54,42.731,2023,6,0,23,2,0,8
24.559,42.738,2023,6,0,23,2,0,8
24.577,42.719,2023,6,0,23,2,0,8
24.591,42.73,2023,6,0,23,2,0,8
24.604,42.716,2023,6,0,23,2,0,8
24.613,42.579,2023,6,0,23,2,0,8
24.59,42.282,2023,6,0,23,2,0,8
24.532,42.381,2023,6,0,23,2,0,8
24.46,42.351,2023,6,0,23,2,0,8
24.362,42.405,2023,6,0,23,2,0,8
24.277,42.485,2023,6,0,23,2,0,8
24.184,42.707,2023,6,0,23,2,0,8
24.079,42.822,2023,6,0,23,2,0,8
23.98,43.023,2023,6,0,23,2,0,8
23.902,43.264,2023,6,0,23,2,0,8
23.842,43.924,2023,6,0,23,2,0,8
23.8,44.267,2023,6,0,23,2,0,8
23.789,44.26,2023,6,0,23,2,0,8
23.798,44.173,2023,6,0,23,2,0,8
23.829,44.124,2023,6,0,23,2,0,8
23.855,44.181,2023,6,0,23,2,0,8
23.888,44.161,2023,6,1,0,2,0,8
23.927,44.068,2023,6,1,0,2,0,8
23.962,44.032,2023,6,1,0,2,0,8
23.991,43.935,2023,6,1,0,2,0,8
24.011,43.916,2023,6,1,0,2,0,8
24.018,43.944,2023,6,1,0,2,0,8
24.023,43.941,2023,6,1,0,2,0,8
24.033,43.912,2023,6,1,0,2,0,8
24.031,43.929,2023,6,1,0,2,0,8
24.032,43.981,2023,6,1,0,2,0,8
24.031,44.002,2023,6,1,0,2,0,8
24.032,44.084,2023,6,1,0,2,0,8
24.041,44.057,2023,6,1,0,2,0,8
24.047,44.148,2023,6,1,0,2,0,8
24.057,44.192,2023,6,1,0,2,0,8
24.071,44.079,2023,6,1,0,2,0,8
24.089,44.036,2023,6,1,0,2,0,8
24.09,43.962,2023,6,1,0,2,0,8
24.097,43.91,2023,6,1,0,2,0,8
24.095,43.906,2023,6,1,0,2,0,8
24.095,43.916,2023,6,1,0,2,0,8
24.09,44.005,2023,6,1,0,2,0,8
24.088,44.027,2023,6,1,0,2,0,8
24.099,44.03,2023,6,1,0,2,0,8
24.108,44.029,2023,6,1,0,2,0,8
24.107,44.029,2023,6,1,0,2,0,8
24.108,44.029,2023,6,1,0,2,0,8
24.106,44.03,2023,6,1,0,2,0,8
24.112,43.937,2023,6,1,0,2,0,8
24.103,43.991,2023,6,1,0,2,0,8
24.089,43.921,2023,6,1,1,2,0,8
24.068,44.001,2023,6,1,1,2,0,8
24.058,44.028,2023,6,1,1,2,0,8
24.052,44.032,2023,6,1,1,2,0,8
24.04,44.118,2023,6,1,1,2,0,8
24.04,44.131,2023,6,1,1,2,0,8
24.034,44.161,2023,6,1,1,2,0,8
24.029,44.164,2023,6,1,1,2,0,8
24.028,44.166,2023,6,1,1,2,0,8
24.039,44.186,2023,6,1,1,2,0,8
24.048,44.18,2023,6,1,1,2,0,8
24.05,44.164,2023,6,1,1,2,0,8
24.047,44.135,2023,6,1,1,2,0,8
24.031,44.15,2023,6,1,1,2,0,8
24.024,44.163,2023,6,1,1,2,0,8
24.017,44.254,2023,6,1,1,2,0,8
24.009,44.282,2023,6,1,1,2,0,8
24.005,44.288,2023,6,1,1,2,0,8
23.995,44.227,2023,6,1,1,2,0,8
23.985,44.23,2023,6,1,1,2,0,8
23.982,44.088,2023,6,1,1,2,0,8
23.967,44.046,2023,6,1,1,2,0,8
23.948,44.047,2023,6,1,1,2,0,8
23.936,44.108,2023,6,1,1,2,0,8
23.925,44.099,2023,6,1,1,2,0,8
23.911,44.08,2023,6,1,1,2,0,8
23.903,44.018,2023,6,1,1,2,0,8
23.893,43.928,2023,6,1,1,2,0,8
23.881,43.901,2023,6,1,1,2,0,8
23.867,43.911,2023,6,1,1,2,0,8
23.846,43.938,2023,6,1,2,2,0,8
23.834,44.018,2023,6,1,2,2,0,8
23.826,44.044,2023,6,1,2,2,0,8
23.817,44.078,2023,6,1,2,2,0,8
23.82,44.065,2023,6,1,2,2,0,8
23.821,44.059,2023,6,1,2,2,0,8
23.805,44.041,2023,6,1,2,2,0,8
23.788,44.052,2023,6,1,2,2,0,8
23.775,44.05,2023,6,1,2,2,0,8
23.757,44.055,2023,6,1,2,2,0,8
23.742,44.057,2023,6,1,2,2,0,8
23.717,44.168,2023,6,1,2,2,0,8
23.692,44.274,2023,6,1,2,2,0,8
23.667,44.321,2023,6,1,2,2,0,8
23.649,44.433,2023,6,1,2,2,0,9
23.628,44.532,2023,6,1,2,2,0,9
23.614,44.576,2023,6,1,2,2,0,9
23.606,44.682,2023,6,1,2,2,0,9
23.6,44.704,2023,6,1,2,2,0,9
23.59,44.707,2023,6,1,2,2,0,9
23.573,44.811,2023,6,1,2,2,0,9
23.559,44.854,2023,6,1,2,2,0,9
23.55,44.937,2023,6,1,2,2,0,9
23.533,44.96,2023,6,1,2,2,0,9
23.515,45.055,2023,6,1,2,2,0,9
23.499,45.175,2023,6,1,2,2,0,9
23.483,45.223,2023,6,1,2,2,0,9
23.462,45.236,2023,6,1,2,2,0,9
23.435,45.342,2023,6,1,2,2,0,9
23.413,45.368,2023,6,1,2,2,0,9
23.393,45.439,2023,6,1,3,2,0,9
23.379,45.486,2023,6,1,3,2,0,9
23.37,45.494,2023,6,1,3,2,0,9
23.362,45.551,2023,6,1,3,2,0,9
23.361,45.589,2023,6,1,3,2,0,9
23.355,45.614,2023,6,1,3,2,0,9
23.344,45.618,2023,6,1,3,2,0,9
23.332,45.649,2023,6,1,3,2,0,9
23.32,45.684,2023,6,1,3,2,0,9
23.311,45.743,2023,6,1,3,2,0,9
23.307,45.777,2023,6,1,3,2,0,9
23.301,45.813,2023,6,1,3,2,0,9
23.295,45.902,2023,6,1,3,2,0,9
23.278,45.954,2023,6,1,3,2,0,9
23.253,46.084,2023,6,1,3,2,0,9
23.229,46.179,2023,6,1,3,2,0,9
23.213,46.258,2023,6,1,3,2,0,9
23.199,46.325,2023,6,1,3,2,0,9
23.194,46.422,2023,6,1,3,2,0,9
23.195,46.447,2023,6,1,3,2,0,9
23.186,46.459,2023,6,1,3,2,0,9
23.176,46.531,2023,6,1,3,2,0,9
23.177,46.591,2023,6,1,3,2,0,9
23.171,46.593,2023,6,1,3,2,0,9
23.164,46.622,2023,6,1,3,2,0,9
23.157,46.755,2023,6,1,3,2,0,9
23.152,46.849,2023,6,1,3,2,0,9
23.134,46.984,2023,6,1,3,2,0,9
23.111,47.097,2023,6,1,3,2,0,9
23.093,47.296,2023,6,1,3,2,0,9
23.077,47.381,2023,6,1,4,2,0,9
23.06,47.476,2023,6,1,4,2,0,9
23.048,47.683,2023,6,1,4,2,0,9
23.037,47.807,2023,6,1,4,2,0,9
23.027,47.86,2023,6,1,4,2,0,9
23.027,47.959,2023,6,1,4,2,0,9
23.021,47.959,2023,6,1,4,2,0,9
23.02,48.085,2023,6,1,4,2,0,9
23.013,48.105,2023,6,1,4,2,0,9
23.007,48.248,2023,6,1,4,2,0,9
22.987,48.241,2023,6,1,4,2,0,9
22.975,48.3,2023,6,1,4,2,0,9
22.97,48.329,2023,6,1,4,2,0,9
22.958,48.31,2023,6,1,4,2,0,9
22.947,48.451,2023,6,1,4,2,0,9
22.942,48.482,2023,6,1,4,2,0,9
22.929,48.47,2023,6,1,4,2,0,9
22.911,48.529,2023,6,1,4,2,0,9
22.901,48.566,2023,6,1,4,2,0,9
22.875,48.65,2023,6,1,4,2,0,9
22.854,48.745,2023,6,1,4,2,0,9
22.832,48.75,2023,6,1,4,2,0,9
22.809,48.79,2023,6,1,4,2,0,9
22.798,48.921,2023,6,1,4,2,0,9
22.789,48.86,2023,6,1,4,2,0,9
22.782,48.929,2023,6,1,4,2,0,9
22.777,48.994,2023,6,1,4,2,0,9
22.773,49.002,2023,6,1,4,2,0,9
22.758,49.051,2023,6,1,4,2,0,9
22.753,49.063,2023,6,1,4,2,0,9
22.74,49.178,2023,6,1,5,2,0,9
22.716,49.171,2023,6,1,5,2,0,9
22.692,49.425,2023,6,1,5,2,0,9
22.668,49.386,2023,6,1,5,2,0,9
22.653,49.445,2023,6,1,5,2,0,9
22.646,49.414,2023,6,1,5,2,0,9
22.648,49.517,2023,6,1,5,2,0,9
22.645,49.565,2023,6,1,5,2,0,9
22.64,49.597,2023,6,1,5,2,0,9
22.63,49.641,2023,6,1,5,2,0,9
22.614,49.752,2023,6,1,5,2,0,9
22.59,49.7,2023,6,1,5,2,0,9
22.569,49.892,2023,6,1,5,2,0,9
22.559,49.929,2023,6,1,5,2,0,9
22.547,50.034,2023,6,1,5,2,0,10
22.524,50.001,2023,6,1,5,2,0,10
22.494,50.124,2023,6,1,5,2,0,10
22.481,50.223,2023,6,1,5,2,0,10
22.462,50.22,2023,6,1,5,2,0,10
22.434,50.322,2023,6,1,5,2,0,10
22.424,50.475,2023,6,1,5,2,0,10
22.414,50.509,2023,6,1,5,2,0,10
22.387,50.636,2023,6,1,5,2,0,10
22.365,50.597,2023,6,1,5,2,0,10
22.348,50.609,2023,6,1,5,2,0,10
22.33,50.759,2023,6,1,5,2,0,10
22.313,50.858,2023,6,1,5,2,0,10
22.287,50.883,2023,6,1,5,2,0,10
22.267,50.937,2023,6,1,5,2,0,10
22.251,50.916,2023,6,1,6,2,0,10
22.231,50.981,2023,6,1,6,2,0,10
22.218,51.032,2023,6,1,6,2,0,10
22.198,51.014,2023,6,1,6,2,0,10
22.189,51.147,2023,6,1,6,2,0,10
22.159,51.188,2023,6,1,6,2,0,10
22.146,51.271,2023,6,1,6,2,0,10
22.133,51.287,2023,6,1,6,2,0,10
22.115,51.243,2023,6,1,6,2,0,10
22.094,51.297,2023,6,1,6,2,0,10
22.077,51.382,2023,6,1,6,2,0,10
22.056,51.366,2023,6,1,6,2,0,10
22.042,51.426,2023,6,1,6,2,0,10
22.033,51.518,2023,6,1,6,2,0,10
22.026,51.453,2023,6,1,6,2,0,10
22.015,51.565,2023,6,1,6,2,0,10
22.006,51.564,2023,6,1,6,2,0,10
21.99,51.628,2023,6,1,6,2,0,10
21.999,51.605,2023,6,1,6,2,0,10
21.987,51.782,2023,6,1,6,2,0,10
21.979,51.773,2023,6,1,6,2,0,10
21.965,51.689,2023,6,1,6,2,0,10
21.944,51.753,2023,6,1,6,2,0,10
21.944,51.817,2023,6,1,6,2,0,10
21.935,51.674,2023,6,1,6,2,0,10
21.923,51.808,2023,6,1,6,2,0,10
21.915,51.834,2023,6,1,6,2,0,10
21.907,51.978,2023,6,1,6,2,0,10
21.897,51.865,2023,6,1,6,2,0,10
21.892,51.897,2023,6,1,6,2,0,10
21.891,52.013,2023,6,1,7,2,0,10
21.892,51.9,2023,6,1,7,2,0,10
21.902,52.004,2023,6,1,7,2,0,10
21.906,51.957,2023,6,1,7,2,0,10
21.91,52.038,2023,6,1,7,2,0,10
21.904,52.035,2023,6,1,7,2,0,10
21.909,52.055,2023,6,1,7,2,0,10
21.906,52.017,2023,6,1,7,2,0,10
21.909,52.046,2023,6,1,7,2,0,10
21.917,52.264,2023,6,1,7,2,0,10
21.92,52.193,2023,6,1,7,2,0,10
21.93,52.247,2023,6,1,7,2,0,10
21.932,52.276,2023,6,1,7,2,0,10
21.93,52.051,2023,6,1,7,2,0,10
21.933,52.26,2023,6,1,7,2,0,10
21.949,52.25,2023,6,1,7,2,0,10
21.961,52.286,2023,6,1,7,2,0,10
21.973,52.19,2023,6,1,7,2,0,10
21.991,52.188,2023,6,1,7,2,0,10
22.002,52.058,2023,6,1,7,2,0,10
22.005,52.178,2023,6,1,7,2,0,10
22.01,52.353,2023,6,1,7,2,0,10
22.007,52.428,2023,6,1,7,2,0,10
22.008,52.348,2023,6,1,7,2,0,10
22.016,52.395,2023,6,1,7,2,0,10
22.029,52.399,2023,6,1,7,2,0,10
22.028,52.467,2023,6,1,7,2,0,10
22.028,52.391,2023,6,1,7,2,0,10
22.037,52.466,2023,6,1,7,2,0,10
22.046,52.442,2023,6,1,7,2,0,10
22.054,52.527,2023,6,1,8,2,0,10
22.049,52.638,2023,6,1,8,2,0,10
22.049,52.619,2023,6,1,8,2,0,10
22.045,52.815,2023,6,1,8,2,0,10
22.049,52.771,2023,6,1,8,2,0,10
22.056,53.01,2023,6,1,8,2,0,10
22.066,53.079,2023,6,1,8,2,0,10
22.076,53.089,2023,6,1,8,2,0,10
22.082,53.164,2023,6,1,8,2,0,10
22.094,53.133,2023,6,1,8,2,0,10
22.105,53.15,2023,6,1,8,2,0,10
22.108,53.146,2023,6,1,8,2,0,10
22.134,53.216,2023,6,1,8,2,0,10
22.158,53.21,2023,6,1,8,2,0,10
22.181,53.178,2023,6,1,8,2,0,10
22.183,53.177,2023,6,1,8,2,0,10
22.185,53.153,2023,6,1,8,2,0,10
22.186,53.023,2023,6,1,8,2,0,10
22.171,53.032,2023,6,1,8,2,0,10
22.178,52.972,2023,6,1,8,2,0,10
22.196,53.084,2023,6,1,8,2,0,10
22.218,53.144,2023,6,1,8,2,0,10
22.238,53.18,2023,6,1,8,2,0,10
22.268,53.252,2023,6,1,8,2,0,10
22.318,53.175,2023,6,1,8,2,0,10
22.349,53.069,2023,6,1,8,2,0,10
22.386,52.969,2023,6,1,8,2,0,10
22.413,52.966,2023,6,1,8,2,0,10
22.443,52.875,2023,6,1,8,2,0,10
22.474,52.776,2023,6,1,8,2,0,10
22.497,52.64,2023,6,1,9,2,0,10
22.529,52.632,2023,6,1,9,2,0,10
22.55,52.563,2023,6,1,9,2,0,10
22.565,52.509,2023,6,1,9,2,0,9
22.581,52.398,2023,6,1,9,2,0,9
22.6,52.32,2023,6,1,9,2,0,9
22.623,52.299,2023,6,1,9,2,0,9
22.633,52.354,2023,6,1,9,2,0,9
22.647,52.462,2023,6,1,9,2,0,9
22.671,52.524,2023,6,1,9,2,0,9
22.706,52.422,2023,6,1,9,2,0,9
22.725,52.384,2023,6,1,9,2,0,9
22.742,52.293,2023,6,1,9,2,0,9
22.762,52.321,2023,6,1,9,2,0,9
22.783,52.377,2023,6,1,9,2,0,9
22.814,52.447,2023,6,1,9,2,0,9
22.848,52.427,2023,6,1,9,2,0,9
22.9,52.356,2023,6,1,9,2,0,9
22.95,52.309,2023,6,1,9,2,0,9
23.005,52.6,2023,6,1,9,2,0,9
23.065,52.608,2023,6,1,9,2,0,9
23.127,52.551,2023,6,1,9,2,0,9
23.191,52.191,2023,6,1,9,2,0,9
23.26,51.255,2023,6,1,9,2,0,9
23.297,51.28,2023,6,1,9,2,0,9
23.305,50.701,2023,6,1,9,2,0,9
23.297,50.704,2023,6,1,9,2,0,9
23.297,50.753,2023,6,1,9,2,0,9
23.306,50.394,2023,6,1,9,2,0,9
23.322,50.236,2023,6,1,9,2,0,9
23.359,50.328,2023,6,1,10,2,0,9
23.384,50.306,2023,6,1,10,2,0,9
23.402,49.91,2023,6,1,10,2,0,9
23.425,49.806,2023,6,1,10,2,0,9
23.473,49.802,2023,6,1,10,2,0,9
23.539,49.82,2023,6,1,10,2,0,9
23.605,49.535,2023,6,1,10,2,0,9
23.658,49.445,2023,6,1,10,2,0,9
23.688,49.311,2023,6,1,10,2,0,8
23.722,49.075,2023,6,1,10,2,0,8
23.736,48.963,2023,6,1,10,2,0,8
23.776,49.076,2023,6,1,10,2,0,8
23.837,49.11,2023,6,1,10,2,0,8
23.893,49.162,2023,6,1,10,2,0,8
23.93,48.991,2023,6,1,10,2,0,8
23.956,48.693,2023,6,1,10,2,0,8
23.951,47.438,2023,6,1,10,2,0,8
23.91,47.308,2023,6,1,10,2,0,8
23.891,47.467,2023,6,1,10,2,0,8
23.901,47.456,2023,6,1,10,2,0,8
23.932,47.367,2023,6,1,10,2,0,8
23.926,46.801,2023,6,1,10,2,0,8
23.902,46.925,2023,6,1,10,2,0,8
23.895,46.832,2023,6,1,10,2,0,8
23.913,46.733,2023,6,1,10,2,0,8
23.925,46.433,2023,6,1,10,2,0,8
23.93,46.625,2023,6,1,10,2,0,8
23.942,46.886,2023,6,1,10,2,0,8
23.941,47.21,2023,6,1,10,2,0,8
23.962,47.206,2023,6,1,10,2,0,8
24.02,47.085,2023,6,1,11,2,0,8
24.078,46.837,2023,6,1,11,2,0,8
24.147,46.512,2023,6,1,11,2,0,8
24.186,46.177,2023,6,1,11,2,0,8
24.186,46.325,2023,6,1,11,2,0,8
24.202,46.447,2023,6,1,11,2,0,8
24.195,45.873,2023,6,1,11,2,0,8
24.184,45.866,2023,6,1,11,2,0,8
24.217,45.826,2023,6,1,11,2,0,8
24.245,45.735,2023,6,1,11,2,0,8
24.267,45.585,2023,6,1,11,2,0,8
24.273,45.444,2023,6,1,11,2,0,8
24.239,44.612,2023,6,1,11,2,0,8
24.206,44.126,2023,6,1,11,2,0,8
24.153,44.376,2023,6,1,11,2,0,8
24.13,44.862,2023,6,1,11,2,0,8
24.144,44.915,2023,6,1,11,2,0,8
24.148,44.506,2023,6,1,11,2,0,8
24.11,44.426,2023,6,1,11,2,0,8
24.067,44.718,2023,6,1,11,2,0,8
24.035,45.079,2023,6,1,11,2,0,8
24.049,45.128,2023,6,1,11,2,0,8
24.051,44.974,2023,6,1,11,2,0,8
24.071,44.955,2023,6,1,11,2,0,8
24.089,44.723,2023,6,1,11,2,0,8
24.077,44.546,2023,6,1,11,2,0,8
24.069,44.27,2023,6,1,11,2,0,8
24.041,44.369,2023,6,1,11,2,0,8
24.009,44.369,2023,6,1,11,2,0,8
23.956,44.8,2023,6,1,11,2,0,8
23.942,45.113,2023,6,1,12,2,0,8
23.925,44.659,2023,6,1,12,2,0,8
23.88,44.226,2023,6,1,12,2,0,8
23.873,44.433,2023,6,1,12,2,0,8
23.906,44.541,2023,6,1,12,2,0,8
23.96,44.581,2023,6,1,12,2,0,8
24.012,44.617,2023,6,1,12,2,0,8
24.057,44.804,2023,6,1,12,2,0,8
24.089,44.476,2023,6,1,12,2,0,8
24.11,44.13,2023,6,1,12,2,0,8
24.119,43.732,2023,6,1,12,2,0,8
24.13,43.624,2023,6,1,12,2,0,8
24.151,43.435,2023,6,1,12,2,0,8
24.198,43.355,2023,6,1,12,2,0,8
24.255,43.094,2023,6,1,12,2,0,8
24.311,42.752,2023,6,1,12,2,0,8
24.373,42.671,2023,6,1,12,2,0,8
24.419,42.399,2023,6,1,12,2,0,8
24.457,42.439,2023,6,1,12,2,0,8
24.498,42.624,2023,6,1,12,2,0,8
24.554,42.93,2023,6,1,12,2,0,8
24.592,43.061,2023,6,1,12,2,0,8
24.608,42.88,2023,6,1,12,2,0,8
24.604,43.168,2023,6,1,12,2,0,8
24.614,43.165,2023,6,1,12,2,0,8
24.599,42.313,2023,6,1,12,2,0,8
24.533,41.511,2023,6,1,12,2,0,8
24.452,41.338,2023,6,1,12,2,0,8
24.391,41.684,2023,6,1,12,2,0,8
24.345,42.053,2023,6,1,12,2,0,8
24.326,41.818,2023,6,1,13,2,0,8
24.309,42.316,2023,6,1,13,2,0,8
24.308,41.955,2023,6,1,13,2,0,8
24.28,40.194,2023,6,1,13,2,0,8
24.194,39.673,2023,6,1,13,2,0,8
24.116,40.291,2023,6,1,13,2,0,8
24.073,40.734,2023,6,1,13,2,0,8
24.032,40.981,2023,6,1,13,2,0,8
24.015,41.831,2023,6,1,13,2,0,8
24.007,42.598,2023,6,1,13,2,0,8
24.016,42.852,2023,6,1,13,2,0,8
24.024,43.063,2023,6,1,13,2,0,8
24.044,42.772,2023,6,1,13,2,0,8
24.055,42.862,2023,6,1,13,2,0,8
24.073,42.795,2023,6,1,13,2,0,8
24.067,42.712,2023,6,1,13,2,0,8
24.082,42.57,2023,6,1,13,2,0,8
24.102,41.802,2023,6,1,13,2,0,8
24.096,41.418,2023,6,1,13,2,0,8
24.072,41.225,2023,6,1,13,2,0,8
24.038,41.486,2023,6,1,13,2,0,8
23.974,41.938,2023,6,1,13,2,0,8
23.937,41.941,2023,6,1,13,2,0,8
23.907,41.786,2023,6,1,13,2,0,8
23.888,41.56,2023,6,1,13,2,0,8
23.901,41.784,2023,6,1,13,2,0,8
23.925,41.271,2023,6,1,13,2,0,8
23.959,41.43,2023,6,1,13,2,0,8
24.004,41.524,2023,6,1,13,2,0,8
24.031,41.625,2023,6,1,13,2,0,8
24.066,41.763,2023,6,1,14,2,0,8
24.11,41.725,2023,6,1,14,2,0,8
24.108,41.729,2023,6,1,14,2,0,8
24.077,41.948,2023,6,1,14,2,0,8
24.026,42.072,2023,6,1,14,2,0,8
24.02,42.353,2023,6,1,14,2,0,8
24.045,42.547,2023,6,1,14,2,0,8
24.08,42.561,2023,6,1,14,2,0,8
24.131,42.504,2023,6,1,14,2,0,8
24.175,42.448,2023,6,1,14,2,0,8
24.202,42.21,2023,6,1,14,2,0,8
24.212,42.084,2023,6,1,14,2,0,8
24.237,42.123,2023,6,1,14,2,0,8
24.274,42.289,2023,6,1,14,2,0,8
24.312,42.224,2023,6,1,14,2,0,8
24.368,42.377,2023,6,1,14,2,0,8
24.436,42.484,2023,6,1,14,2,0,8
24.499,42.648,2023,6,1,14,2,0,8
24.562,42.595,2023,6,1,14,2,0,8
24.619,42.628,2023,6,1,14,2,0,8
24.674,42.703,2023,6,1,14,2,0,8
24.733,42.711,2023,6,1,14,2,0,8
24.784,42.734,2023,6,1,14,2,0,7
24.835,42.814,2023,6,1,14,2,0,7
24.879,42.793,2023,6,1,14,2,0,7
24.925,42.793,2023,6,1,14,2,0,7
24.966,42.821,2023,6,1,14,2,0,7
25.011,42.886,2023,6,1,14,2,0,7
25.048,42.916,2023,6,1,14,2,0,7
25.085,42.966,2023,6,1,14,2,0,7
25.13,42.936,2023,6,1,15,2,0,7
25.168,42.95,2023,6,1,15,2,0,7
25.203,43.039,2023,6,1,15,2,0,7
25.236,43.022,2023,6,1,15,2,0,7
25.268,43.044,2023,6,1,15,2,0,7
25.306,43.049,2023,6,1,15,2,0,7
25.329,43.17,2023,6,1,15,2,0,7
25.355,43.206,2023,6,1,15,2,0,7
25.379,43.247,2023,6,1,15,2,0,7
25.406,43.279,2023,6,1,15,2,0,7
25.425,43.3,2023,6,1,15,2,0,7
25.441,43.223,2023,6,1,15,2,0,7
25.459,43.265,2023,6,1,15,2,0,7
25.476,43.278,2023,6,1,15,2,0,7
25.489,43.219,2023,6,1,15,2,0,7
25.498,43.61,2023,6,1,15,2,0,7
25.523,46.762,2023,6,1,15,2,0,7
25.534,45.262,2023,6,1,15,2,0,7
25.52,44.88,2023,6,1,15,2,0,7
25.476,44.287,2023,6,1,15,2,0,7
25.431,44.634,2023,6,1,15,2,0,7
25.389,44.994,2023,6,1,15,2,0,7
25.35,45.244,2023,6,1,15,2,0,7
25.321,45.008,2023,6,1,15,2,0,7
25.28,44.926,2023,6,1,15,2,0,7
25.259,45.114,2023,6,1,15,2,0,7
25.227,44.07,2023,6,1,15,2,0,7
25.162,42.513,2023,6,1,15,2,0,7
25.1,42.354,2023,6,1,15,2,0,7
25.07,43.472,2023,6,1,15,2,0,7
25.061,43.744,2023,6,1,16,2,0,7
25.061,43.026,2023,6,1,16,2,0,7
25.053,42.161,2023,6,1,16,2,0,7
25.051,41.961,2023,6,1,16,2,0,7
25.056,41.745,2023,6,1,16,2,0,7
25.057,41.28,2023,6,1,16,2,0,7
25.042,41.256,2023,6,1,16,2,0,7
25.025,41.879,2023,6,1,16,2,0,7
25.021,41.911,2023,6,1,16,2,0,7
25.022,41.807,2023,6,1,16,2,0,7
25.02,41.869,2023,6,1,16,2,0,7
25.019,41.573,2023,6,1,16,2,0,7
25.0,41.363,2023,6,1,16,2,0,7
24.979,41.548,2023,6,1,16,2,0,7
24.955,41.475,2023,6,1,16,2,0,7
24.934,41.427,2023,6,1,16,2,0,7
24.913,41.662,2023,6,1,16,2,0,7
24.899,41.513,2023,6,1,16,2,0,7
24.892,41.582,2023,6,1,16,2,0,7
24.879,41.671,2023,6,1,16,2,0,7
24.864,41.973,2023,6,1,16,2,0,7
24.844,41.951,2023,6,1,16,2,0,7
24.831,42.093,2023,6,1,16,2,0,7
24.819,42.847,2023,6,1,16,2,0,7
24.811,42.878,2023,6,1,16,2,0,7
24.818,43.278,2023,6,1,16,2,0,7
24.818,43.295,2023,6,1,16,2,0,7
24.814,43.602,2023,6,1,16,2,0,7
24.82,44.403,2023,6,1,16,2,0,7
24.835,45.004,2023,6,1,16,2,0,7
24.852,44.527,2023,6,1,17,2,0,7
24.869,44.366,2023,6,1,17,2,0,7
24.87,45.192,2023,6,1,17,2,0,7
24.885,44.894,2023,6,1,17,2,0,7
24.899,45.57,2023,6,1,17,2,0,7
24.91,45.627,2023,6,1,17,2,0,7
24.906,45.762,2023,6,1,17,2,0,7
24.904,46.537,2023,6,1,17,2,0,7
24.924,46.651,2023,6,1,17,2,0,7
24.941,45.225,2023,6,1,17,2,0,7
24.947,44.324,2023,6,1,17,2,0,7
24.948,43.941,2023,6,1,17,2,0,7
24.954,44.442,2023,6,1,17,2,0,7
24.964,43.364,2023,6,1,17,2,0,7
24.97,43.559,2023,6,1,17,2,0,7
24.985,43.516,2023,6,1,17,2,0,7
25.053,43.201,2023,6,1,17,2,0,7
25.092,41.672,2023,6,1,17,2,0,7
25.038,41.909,2023,6,1,17,2,0,7
24.964,41.963,2023,6,1,17,2,0,7
24.869,42.259,2023,6,1,17,2,0,7
24.775,42.047,2023,6,1,17,2,0,8
24.615,42.627,2023,6,1,17,2,0,8
24.497,43.027,2023,6,1,17,2,0,8
24.373,42.559,2023,6,1,17,2,0,8
24.243,42.531,2023,6,1,17,2,0,8
24.147,42.331,2023,6,1,17,2,0,8
24.085,42.492,2023,6,1,17,2,0,8
24.065,42.365,2023,6,1,17,2,0,8
24.058,42.619,2023,6,1,18,2,0,8
24.073,42.914,2023,6,1,18,2,0,8
24.118,42.972,2023,6,1,18,2,0,8
24.179,42.891,2023,6,1,18,2,0,8
24.246,42.768,2023,6,1,18,2,0,8
24.304,42.734,2023,6,1,18,2,0,8
24.358,42.711,2023,6,1,18,2,0,8
24.407,42.756,2023,6,1,18,2,0,8
24.452,42.683,2023,6,1,18,2,0,8
24.497,42.778,2023,6,1,18,2,0,8
24.552,42.846,2023,6,1,18,2,0,8
24.594,42.642,2023,6,1,18,2,0,8
24.629,42.57,2023,6,1,18,2,0,8
24.66,42.446,2023,6,1,18,2,0,8
24.684,42.367,2023,6,1,18,2,0,8
24.718,42.1,2023,6,1,18,2,0,8
24.754,42.134,2023,6,1,18,2,0,8
24.789,41.977,2023,6,1,18,2,0,7
24.823,42.01,2023,6,1,18,2,0,7
24.85,41.862,2023,6,1,18,2,0,7
24.868,41.71,2023,6,1,18,2,0,7
24.888,41.609,2023,6,1,18,2,0,7
24.903,41.716,2023,6,1,18,2,0,7
24.931,41.769,2023,6,1,18,2,0,7
24.953,41.659,2023,6,1,18,2,0,7
24.969,41.572,2023,6,1,18,2,0,7
24.984,41.566,2023,6,1,18,2,0,7
24.993,41.565,2023,6,1,18,2,0,7
25.005,41.628,2023,6,1,18,2,0,7
25.017,41.659,2023,6,1,18,2,0,7
25.025,41.725,2023,6,1,19,2,0,7
25.043,41.668,2023,6,1,19,2,0,7
25.05,41.662,2023,6,1,19,2,0,7
25.056,41.794,2023,6,1,19,2,0,7
25.057,41.901,2023,6,1,19,2,0,7
25.058,41.917,2023,6,1,19,2,0,7
25.071,42.023,2023,6,1,19,2,0,7
25.074,42.145,2023,6,1,19,2,0,7
25.076,42.208,2023,6,1,19,2,0,7
25.081,42.332,2023,6,1,19,2,0,7
25.092,42.38,2023,6,1,19,2,0,7
25.097,42.47,2023,6,1,19,2,0,7
25.099,42.451,2023,6,1,19,2,0,7
25.113,42.569,2023,6,1,19,2,0,7
25.115,42.655,2023,6,1,19,2,0,7
25.119,42.752,2023,6,1,19,2,0,7
25.128,42.767,2023,6,1,19,2,0,7
25.138,42.809,2023,6,1,19,2,0,7
25.144,42.871,2023,6,1,19,2,0,7
25.15,42.905,2023,6,1,19,2,0,7
25.159,43.039,2023,6,1,19,2,0,7
25.171,43.078,2023,6,1,19,2,0,7
25.185,43.088,2023,6,1,19,2,0,7
25.204,43.065,2023,6,1,19,2,0,7
25.216,43.075,2023,6,1,19,2,0,7
25.228,43.059,2023,6,1,19,2,0,7
25.248,43.077,2023,6,1,19,2,0,7
25.264,43.056,2023,6,1,19,2,0,7
25.279,43.073,2023,6,1,19,2,0,7
25.298,43.049,2023,6,1,19,2,0,7
25.31,43.046,2023,6,1,20,2,0,7
25.319,43.036,2023,6,1,20,2,0,7
25.324,43.029,2023,6,1,20,2,0,7
25.327,43.044,2023,6,1,20,2,0,7
25.33,43.148,2023,6,1,20,2,0,7
25.332,43.169,2023,6,1,20,2,0,7
25.336,43.248,2023,6,1,20,2,0,7
25.341,43.319,2023,6,1,20,2,0,7
25.358,43.301,2023,6,1,20,2,0,7
25.365,43.322,2023,6,1,20,2,0,7
25.365,43.291,2023,6,1,20,2,0,7
25.361,43.298,2023,6,1,20,2,0,7
25.358,43.314,2023,6,1,20,2,0,7
25.354,43.415,2023,6,1,20,2,0,7
25.359,43.495,2023,6,1,20,2,0,7
25.366,43.546,2023,6,1,20,2,0,7
25.377,43.498,2023,6,1,20,2,0,7
25.381,43.431,2023,6,1,20,2,0,7
25.377,43.351,2023,6,1,20,2,0,7
25.364,43.517,2023,6,1,20,2,0,7
25.356,43.663,2023,6,1,20,2,0,7
25.356,43.681,2023,6,1,20,2,0,7
25.344,43.623,2023,6,1,20,2,0,7
25.331,43.676,2023,6,1,20,2,0,7
25.326,43.682,2023,6,1,20,2,0,7
25.328,43.683,2023,6,1,20,2,0,7
25.328,43.666,2023,6,1,20,2,0,7
25.327,43.705,2023,6,1,20,2,0,7
25.332,43.78,2023,6,1,20,2,0,7
25.347,43.734,2023,6,1,20,2,0,7
25.357,43.792,2023,6,1,21,2,0,7
25.365,43.767,2023,6,1,21,2,0,7
25.372,43.804,2023,6,1,21,2,0,7
25.38,43.807,2023,6,1,21,2,0,7
25.385,43.802,2023,6,1,21,2,0,7
25.385,43.902,2023,6,1,21,2,0,7
25.382,43.973,2023,6,1,21,2,0,7
25.381,44.025,2023,6,1,21,2,0,7
25.388,44.065,2023,6,1,21,2,0,7
25.397,44.146,2023,6,1,21,2,0,7
25.405,44.132,2023,6,1,21,2,0,7
25.412,44.071,2023,6,1,21,2,0,7
25.413,44.167,2023,6,1,21,2,0,7
25.416,44.04,2023,6,1,21,2,0,7
25.412,44.002,2023,6,1,21,2,0,7
25.392,44.016,2023,6,1,21,2,0,7
25.368,43.971,2023,6,1,21,2,0,7
25.343,44.03,2023,6,1,21,2,0,7
25.325,44.067,2023,6,1,21,2,0,7
25.307,44.068,2023,6,1,21,2,0,7
25.28,44.166,2023,6,1,21,2,0,7
25.264,44.18,2023,6,1,21,2,0,7
25.257,44.205,2023,6,1,21,2,0,7
25.251,44.306,2023,6,1,21,2,0,7
25.247,44.401,2023,6,1,21,2,0,7
25.251,44.499,2023,6,1,21,2,0,7
25.244,44.399,2023,6,1,21,2,0,7
25.235,44.45,2023,6,1,21,2,0,7
25.229,44.37,2023,6,1,21,2,0,7
25.224,44.33,2023,6,1,21,2,0,7
25.216,44.325,2023,6,1,22,2,0,7
25.197,44.262,2023,6,1,22,2,0,7
25.177,44.275,2023,6,1,22,2,0,7
25.155,44.227,2023,6,1,22,2,0,7
25.124,44.153,2023,6,1,22,2,0,7
25.103,44.083,2023,6,1,22,2,0,7
25.081,44.148,2023,6,1,22,2,0,7
25.062,44.166,2023,6,1,22,2,0,7
25.049,44.207,2023,6,1,22,2,0,7
25.031,44.176,2023,6,1,22,2,0,7
25.019,44.205,2023,6,1,22,2,0,7
25.012,44.216,2023,6,1,22,2,0,7
24.999,44.187,2023,6,1,22,2,0,7
24.986,44.29,2023,6,1,22,2,0,7
24.973,44.409,2023,6,1,22,2,0,7
24.954,44.438,2023,6,1,22,2,0,7
24.945,44.449,2023,6,1,22,2,0,7
24.932,44.367,2023,6,1,22,2,0,7
24.92,44.353,2023,6,1,22,2,0,7
24.907,44.271,2023,6,1,22,2,0,7
24.9,44.207,2023,6,1,22,2,0,7
24.885,44.061,2023,6,1,22,2,0,7
24.871,44.174,2023,6,1,22,2,0,7
24.864,44.193,2023,6,1,22,2,0,7
24.863,44.159,2023,6,1,22,2,0,7
24.862,44.115,2023,6,1,22,2,0,7
24.857,44.173,2023,6,1,22,2,0,7
24.86,44.147,2023,6,1,22,2,0,7
24.857,44.107,2023,6,1,22,2,0,7
24.854,44.039,2023,6,1,22,2,0,7
24.841,43.991,2023,6,1,23,2,0,7
24.83,44.041,2023,6,1,23,2,0,7
24.827,44.096,2023,6,1,23,2,0,7
24.817,44.007,2023,6,1,23,2,0,7
24.817,44.109,2023,6,1,23,2,0,7
24.806,44.089,2023,6,1,23,2,0,7
24.796,43.995,2023,6,1,23,2,0,7
24.79,44.092,2023,6,1,23,2,0,7
24.785,44.121,2023,6,1,23,2,0,7
24.776,44.071,2023,6,1,23,2,0,8
24.77,44.304,2023,6,1,23,2,0,8
24.764,44.337,2023,6,1,23,2,0,8
24.768,44.133,2023,6,1,23,2,0,8
24.771,43.942,2023,6,1,23,2,0,8
24.776,43.854,2023,6,1,23,2,0,8
24.787,43.668,2023,6,1,23,2,0,7
24.795,43.643,2023,6,1,23,2,0,7
24.803,43.559,2023,6,1,23,2,0,7
24.804,43.514,2023,6,1,23,2,0,7
24.8,43.528,2023,6,1,23,2,0,7
24.808,43.489,2023,6,1,23,2,0,7
24.814,43.452,2023,6,1,23,2,0,7
24.829,43.527,2023,6,1,23,2,0,7
24.835,43.509,2023,6,1,23,2,0,7
24.837,43.54,2023,6,1,23,2,0,7
24.838,43.434,2023,6,1,23,2,0,7
24.839,43.192,2023,6,1,23,2,0,7
24.841,42.991,2023,6,1,23,2,0,7
24.81,42.752,2023,6,1,23,2,0,7
24.75,42.851,2023,6,1,23,2,0,8
24.692,43.343,2023,6,2,0,2,0,8
24.647,43.48,2023,6,2,0,2,0,8
24.603,43.341,2023,6,2,0,2,0,8
24.584,43.109,2023,6,2,0,2,0,8
24.572,42.966,2023,6,2,0,2,0,8
24.553,42.948,2023,6,2,0,2,0,8
24.54,42.817,2023,6,2,0,2,0,8
24.535,42.984,2023,6,2,0,2,0,8
24.533,42.928,2023,6,2,0,2,0,8
24.539,42.841,2023,6,2,0,2,0,8
24.539,42.72,2023,6,2,0,2,0,8
24.539,42.726,2023,6,2,0,2,0,8
24.538,42.724,2023,6,2,0,2,0,8
24.536,42.76,2023,6,2,0,2,0,8
24.533,42.788,2023,6,2,0,2,0,8
24.529,42.667,2023,6,2,0,2,0,8
24.525,42.694,2023,6,2,0,2,0,8
24.52,42.784,2023,6,2,0,2,0,8
24.516,42.901,2023,6,2,0,2,0,8
24.514,42.932,2023,6,2,0,2,0,8
24.505,42.909,2023,6,2,0,2,0,8
24.503,42.994,2023,6,2,0,2,0,8
24.496,43.029,2023,6,2,0,2,0,8
24.49,43.229,2023,6,2,0,2,0,8
24.481,43.352,2023,6,2,0,2,0,8
24.48,43.453,2023,6,2,0,2,0,8
24.473,43.664,2023,6,2,0,2,0,8
24.469,43.817,2023,6,2,0,2,0,8
24.464,43.945,2023,6,2,0,2,0,8
24.46,44.076,2023,6,2,0,2,0,8
24.456,44.131,2023,6,2,1,2,0,8
24.443,44.252,2023,6,2,1,2,0,8
24.428,44.427,2023,6,2,1,2,0,8
24.419,44.603,2023,6,2,1,2,0,8
24.41,44.819,2023,6,2,1,2,0,8
24.401,44.961,2023,6,2,1,2,0,8
24.397,44.934,2023,6,2,1,2,0,8
24.392,44.91,2023,6,2,1,2,0,8
24.386,44.905,2023,6,2,1,2,0,8
24.373,44.925,2023,6,2,1,2,0,8
24.359,45.003,2023,6,2,1,2,0,8
24.35,45.083,2023,6,2,1,2,0,8
24.352,45.151,2023,6,2,1,2,0,8
24.351,45.161,2023,6,2,1,2,0,8
24.34,45.228,2023,6,2,1,2,0,8
24.332,45.398,2023,6,2,1,2,0,8
24.329,45.49,2023,6,2,1,2,0,8
24.323,45.497,2023,6,2,1,2,0,8
24.324,45.704,2023,6,2,1,2,0,8
24.328,45.85,2023,6,2,1,2,0,8
24.325,45.925,2023,6,2,1,2,0,8
24.318,46.061,2023,6,2,1,2,0,8
24.321,46.272,2023,6,2,1,2,0,8
24.321,46.393,2023,6,2,1,2,0,8
24.322,46.361,2023,6,2,1,2,0,8
24.317,46.31,2023,6,2,1,2,0,8
24.312,46.361,2023,6,2,1,2,0,8
24.311,46.448,2023,6,2,1,2,0,8
24.311,46.692,2023,6,2,1,2,0,8
24.307,46.889,2023,6,2,1,2,0,8
24.301,47.047,2023,6,2,2,2,0,8
24.287,47.344,2023,6,2,2,2,0,8
24.267,47.631,2023,6,2,2,2,0,8
24.251,47.909,2023,6,2,2,2,0,8
24.239,48.088,2023,6,2,2,2,0,8
24.231,48.293,2023,6,2,2,2,0,8
24.224,48.485,2023,6,2,2,2,0,8
24.222,48.491,2023,6,2,2,2,0,8
24.217,48.652,2023,6,2,2,2,0,8
24.21,48.637,2023,6,2,2,2,0,8
24.203,48.725,2023,6,2,2,2,0,8
24.194,48.963,2023,6,2,2,2,0,8
24.187,49.035,2023,6,2,2,2,0,8
24.174,49.174,2023,6,2,2,2,0,8
24.162,49.431,2023,6,2,2,2,0,8
24.155,49.517,2023,6,2,2,2,0,8
24.147,49.521,2023,6,2,2,2,0,8
24.136,49.551,2023,6,2,2,2,0,8
24.125,49.713,2023,6,2,2,2,0,8
24.118,49.839,2023,6,2,2,2,0,8
24.103,49.858,2023,6,2,2,2,0,8
24.095,49.96,2023,6,2,2,2,0,8
24.09,50.03,2023,6,2,2,2,0,8
24.086,50.05,2023,6,2,2,2,0,8
24.08,50.152,2023,6,2,2,2,0,8
24.077,50.225,2023,6,2,2,2,0,8
24.07,50.288,2023,6,2,2,2,0,8
24.071,50.276,2023,6,2,2,2,0,8
24.069,50.136,2023,6,2,2,2,0,8
24.066,49.927,2023,6,2,2,2,0,8
24.06,49.801,2023,6,2,3,2,0,8
24.051,49.689,2023,6,2,3,2,0,8
24.031,49.543,2023,6,2,3,2,0,8
24.016,49.446,2023,6,2,3,2,0,8
24.001,49.389,2023,6,2,3,2,0,8
23.986,49.279,2023,6,2,3,2,0,8
23.971,49.226,2023,6,2,3,2,0,8
23.956,49.192,2023,6,2,3,2,0,8
23.945,49.255,2023,6,2,3,2,0,8
23.937,49.348,2023,6,2,3,2,0,8
23.933,49.445,2023,6,2,3,2,0,8
23.925,49.523,2023,6,2,3,2,0,8
23.916,49.719,2023,6,2,3,2,0,8
23.908,49.878,2023,6,2,3,2,0,8
23.902,49.922,2023,6,2,3,2,0,8
23.898,50.007,2023,6,2,3,2,0,8
23.89,50.158,2023,6,2,3,2,0,8
23.889,50.158,2023,6,2,3,2,0,8
23.891,50.283,2023,6,2,3,2,0,8
23.897,50.302,2023,6,2,3,2,0,8
23.9,50.194,2023,6,2,3,2,0,8
23.906,50.16,2023,6,2,3,2,0,8
23.914,49.996,2023,6,2,3,2,0,8
23.918,49.98,2023,6,2,3,2,0,8
23.913,50.012,2023,6,2,3,2,0,8
23.904,50.172,2023,6,2,3,2,0,8
23.896,50.283,2023,6,2,3,2,0,8
23.885,50.392,2023,6,2,3,2,0,8
23.881,50.44,2023,6,2,3,2,0,8
23.874,50.473,2023,6,2,3,2,0,8
23.869,50.593,2023,6,2,4,2,0,8
23.87,50.689,2023,6,2,4,2,0,8
23.87,50.6,2023,6,2,4,2,0,8
23.865,50.592,2023,6,2,4,2,0,8
23.867,50.703,2023,6,2,4,2,0,8
23.866,50.696,2023,6,2,4,2,0,8
23.866,50.607,2023,6,2,4,2,0,8
23.865,50.46,2023,6,2,4,2,0,8
23.86,50.454,2023,6,2,4,2,0,8
23.852,50.562,2023,6,2,4,2,0,8
23.841,50.576,2023,6,2,4,2,0,8
23.83,50.573,2023,6,2,4,2,0,8
23.827,50.622,2023,6,2,4,2,0,8
23.822,50.656,2023,6,2,4,2,0,8
23.804,50.663,2023,6,2,4,2,0,8
23.789,50.636,2023,6,2,4,2,0,8
23.778,50.762,2023,6,2,4,2,0,8
23.765,50.838,2023,6,2,4,2,0,8
23.755,50.878,2023,6,2,4,2,0,8
23.747,50.96,2023,6,2,4,2,0,8
23.738,50.95,2023,6,2,4,2,0,8
23.725,50.928,2023,6,2,4,2,0,8
23.718,51.125,2023,6,2,4,2,0,8
23.708,51.102,2023,6,2,4,2,0,8
23.697,51.254,2023,6,2,4,2,0,8
23.692,51.272,2023,6,2,4,2,0,8
23.688,51.285,2023,6,2,4,2,0,8
23.685,51.191,2023,6,2,4,2,0,8
23.681,51.115,2023,6,2,4,2,0,8
23.683,51.301,2023,6,2,4,2,0,8
23.691,51.333,2023,6,2,5,2,0,8
23.693,51.22,2023,6,2,5,2,0,8
23.689,51.183,2023,6,2,5,2,0,8
23.687,51.26,2023,6,2,5,2,0,8
23.686,51.251,2023,6,2,5,2,0,8
23.685,51.324,2023,6,2,5,2,0,8
23.681,51.34,2023,6,2,5,2,0,8
23.68,51.356,2023,6,2,5,2,0,8
23.68,51.358,2023,6,2,5,2,0,8
23.677,51.452,2023,6,2,5,2,0,8
23.664,51.511,2023,6,2,5,2,0,9
23.657,51.683,2023,6,2,5,2,0,9
23.653,51.838,2023,6,2,5,2,0,9
23.648,51.925,2023,6,2,5,2,0,9
23.649,51.99,2023,6,2,5,2,0,9
23.651,52.0,2023,6,2,5,2,0,9
23.647,52.014,2023,6,2,5,2,0,9
23.64,52.108,2023,6,2,5,2,0,9
23.629,52.158,2023,6,2,5,2,0,9
23.614,52.3,2023,6,2,5,2,0,9
23.609,52.216,2023,6,2,5,2,0,9
23.606,52.361,2023,6,2,5,2,0,9
23.605,52.483,2023,6,2,5,2,0,9
23.602,52.622,2023,6,2,5,2,0,9
23.598,52.565,2023,6,2,5,2,0,9
23.595,52.722,2023,6,2,5,2,0,9
23.59,52.811,2023,6,2,5,2,0,9
23.578,52.881,2023,6,2,5,2,0,9
23.574,53.015,2023,6,2,5,2,0,9
23.566,52.966,2023,6,2,5,2,0,9
23.563,53.03,2023,6,2,6,2,0,9
23.558,53.077,2023,6,2,6,2,0,9
23.553,53.153,2023,6,2,6,2,0,9
23.542,53.043,2023,6,2,6,2,0,9
23.535,53.101,2023,6,2,6,2,0,9
23.53,53.149,2023,6,2,6,2,0,9
23.529,53.142,2023,6,2,6,2,0,9
23.527,53.035,2023,6,2,6,2,0,9
23.527,53.125,2023,6,2,6,2,0,9
23.524,53.178,2023,6,2,6,2,0,9
23.524,53.175,2023,6,2,6,2,0,9
23.521,53.139,2023,6,2,6,2,0,9
23.521,53.25,2023,6,2,6,2,0,9
23.52,53.193,2023,6,2,6,2,0,9
23.514,53.199,2023,6,2,6,2,0,9
23.511,53.227,2023,6,2,6,2,0,9
23.504,53.302,2023,6,2,6,2,0,9
23.5,53.17,2023,6,2,6,2,0,9
23.495,53.37,2023,6,2,6,2,0,9
23.491,53.409,2023,6,2,6,2,0,9
23.482,53.236,2023,6,2,6,2,0,9
23.474,53.27,2023,6,2,6,2,0,9
23.478,53.404,2023,6,2,6,2,0,9
23.48,53.254,2023,6,2,6,2,0,9
23.475,53.276,2023,6,2,6,2,0,9
23.477,53.44,2023,6,2,6,2,0,9
23.483,53.541,2023,6,2,6,2,0,9
23.488,53.398,2023,6,2,6,2,0,9
23.478,53.406,2023,6,2,6,2,0,9
23.471,53.432,2023,6,2,6,2,0,9
23.472,53.31,2023,6,2,7,2,0,9
23.476,53.503,2023,6,2,7,2,0,9
23.475,53.438,2023,6,2,7,2,0,9
23.473,53.439,2023,6,2,7,2,0,9
23.475,53.412,2023,6,2,7,2,0,9
23.475,53.607,2023,6,2,7,2,0,9
23.477,53.586,2023,6,2,7,2,0,9
23.472,53.295,2023,6,2,7,2,0,9
23.469,53.59,2023,6,2,7,2,0,9
23.468,53.585,2023,6,2,7,2,0,9
23.467,53.505,2023,6,2,7,2,0,9
23.468,53.613,2023,6,2,7,2,0,9
23.467,53.665,2023,6,2,7,2,0,9
23.466,53.578,2023,6,2,7,2,0,9
23.466,53.599,2023,6,2,7,2,0,9
23.468,53.649,2023,6,2,7,2,0,9
23.471,53.712,2023,6,2,7,2,0,9
23.476,53.757,2023,6,2,7,2,0,9
23.47,53.641,2023,6,2,7,2,0,9
23.461,53.683,2023,6,2,7,2,0,9
23.459,53.681,2023,6,2,7,2,0,9
23.458,53.774,2023,6,2,7,2,0,9
23.45,53.754,2023,6,2,7,2,0,9
23.442,53.662,2023,6,2,7,2,0,9
23.445,53.686,2023,6,2,7,2,0,9
23.447,53.654,2023,6,2,7,2,0,9
23.452,53.643,2023,6,2,7,2,0,9
23.446,53.752,2023,6,2,7,2,0,9
23.432,53.799,2023,6,2,7,2,0,9
23.431,53.807,2023,6,2,8,2,0,9
23.42,53.834,2023,6,2,8,2,0,9
23.413,53.964,2023,6,2,8,2,0,9
23.408,53.85,2023,6,2,8,2,0,9
23.405,53.918,2023,6,2,8,2,0,9
23.407,53.999,2023,6,2,8,2,0,9
23.404,53.926,2023,6,2,8,2,0,9
23.404,53.893,2023,6,2,8,2,0,9
23.403,53.87,2023,6,2,8,2,0,9
23.398,53.76,2023,6,2,8,2,0,9
23.386,53.754,2023,6,2,8,2,0,9
23.38,53.916,2023,6,2,8,2,0,9
23.38,53.998,2023,6,2,8,2,0,9
23.391,54.013,2023,6,2,8,2,0,9
23.405,53.982,2023,6,2,8,2,0,9
23.414,53.792,2023,6,2,8,2,0,9
23.422,53.732,2023,6,2,8,2,0,9
23.449,53.877,2023,6,2,8,2,0,9
23.463,53.827,2023,6,2,8,2,0,9
23.472,53.833,2023,6,2,8,2,0,9
23.482,53.713,2023,6,2,8,2,0,9
23.497,53.678,2023,6,2,8,2,0,9
23.514,53.788,2023,6,2,8,2,0,9
23.527,53.765,2023,6,2,8,2,0,9
23.55,53.772,2023,6,2,8,2,0,9
23.564,53.755,2023,6,2,8,2,0,9
23.574,53.784,2023,6,2,8,2,0,9
23.59,53.667,2023,6,2,8,2,0,9
23.612,53.669,2023,6,2,8,2,0,9
23.637,53.589,2023,6,2,8,2,0,9
23.651,53.465,2023,6,2,9,2,0,9
23.668,53.294,2023,6,2,9,2,0,8
23.682,53.353,2023,6,2,9,2,0,8
23.699,53.316,2023,6,2,9,2,0,8
23.713,53.395,2023,6,2,9,2,0,8
23.728,53.296,2023,6,2,9,2,0,8
23.747,53.276,2023,6,2,9,2,0,8
23.763,53.273,2023,6,2,9,2,0,8
23.78,53.271,2023,6,2,9,2,0,8
23.801,53.263,2023,6,2,9,2,0,8
23.826,53.157,2023,6,2,9,2,0,8
23.843,53.139,2023,6,2,9,2,0,8
23.863,53.062,2023,6,2,9,2,0,8
23.876,53.01,2023,6,2,9,2,0,8
23.896,52.967,2023,6,2,9,2,0,8
23.915,52.781,2023,6,2,9,2,0,8
23.934,52.738,2023,6,2,9,2,0,8
23.949,52.631,2023,6,2,9,2,0,8
23.969,52.512,2023,6,2,9,2,0,8
23.985,52.457,2023,6,2,9,2,0,8
24.007,52.438,2023,6,2,9,2,0,8
24.02,52.419,2023,6,2,9,2,0,8
24.035,52.402,2023,6,2,9,2,0,8
24.05,52.324,2023,6,2,9,2,0,8
24.061,52.285,2023,6,2,9,2,0,8
24.076,52.241,2023,6,2,9,2,0,8
24.09,52.211,2023,6,2,9,2,0,8
24.107,52.202,2023,6,2,9,2,0,8
24.119,52.201,2023,6,2,9,2,0,8
24.131,52.184,2023,6,2,9,2,0,8
24.147,52.184,2023,6,2,10,2,0,8
24.158,52.112,2023,6,2,10,2,0,8
24.179,52.108,2023,6,2,10,2,0,8
24.193,52.023,2023,6,2,10,2,0,8
24.205,52.013,2023,6,2,10,2,0,8
24.214,52.098,2023,6,2,10,2,0,8
24.226,52.091,2023,6,2,10,2,0,8
24.241,52.05,2023,6,2,10,2,0,8
24.252,52.006,2023,6,2,10,2,0,8
24.268,51.956,2023,6,2,10,2,0,8
24.283,51.979,2023,6,2,10,2,0,8
24.294,52.031,2023,6,2,10,2,0,8
24.303,52.019,2023,6,2,10,2,0,8
24.309,51.9,2023,6,2,10,2,0,8
24.309,51.057,2023,6,2,10,2,0,8
24.29,50.503,2023,6,2,10,2,0,8
24.243,50.309,2023,6,2,10,2,0,8
24.195,50.677,2023,6,2,10,2,0,8
24.165,50.948,2023,6,2,10,2,0,8
24.163,51.173,2023,6,2,10,2,0,8
24.175,51.301,2023,6,2,10,2,0,8
24.195,51.378,2023,6,2,10,2,0,8
24.213,51.434,2023,6,2,10,2,0,8
24.234,51.439,2023,6,2,10,2,0,8
24.256,51.415,2023,6,2,10,2,0,8
24.274,51.385,2023,6,2,10,2,0,8
24.294,51.323,2023,6,2,10,2,0,8
24.309,51.308,2023,6,2,10,2,0,8
24.321,51.304,2023,6,2,10,2,0,8
24.337,51.391,2023,6,2,10,2,0,8
24.351,51.416,2023,6,2,11,2,0,8
24.374,51.426,2023,6,2,11,2,0,8
24.4,51.426,2023,6,2,11,2,0,8
24.42,51.416,2023,6,2,11,2,0,8
24.421,51.45,2023,6,2,11,2,0,8
24.415,51.703,2023,6,2,11,2,0,8
24.407,51.786,2023,6,2,11,2,0,8
24.4,51.807,2023,6,2,11,2,0,8
24.397,51.83,2023,6,2,11,2,0,8
24.397,51.88,2023,6,2,11,2,0,8
24.4,51.93,2023,6,2,11,2,0,8
24.405,51.935,2023,6,2,11,2,0,8
24.415,51.832,2023,6,2,11,2,0,8
24.422,51.965,2023,6,2,11,2,0,8
24.441,52.052,2023,6,2,11,2,0,8
24.456,52.058,2023,6,2,11,2,0,8
24.468,52.058,2023,6,2,11,2,0,8
24.487,51.981,2023,6,2,11,2,0,8
24.512,52.025,2023,6,2,11,2,0,8
24.532,51.94,2023,6,2,11,2,0,8
24.556,51.926,2023,6,2,11,2,0,8
24.572,51.923,2023,6,2,11,2,0,8
24.585,51.922,2023,6,2,11,2,0,8
24.603,51.92,2023,6,2,11,2,0,8
24.62,51.875,2023,6,2,11,2,0,8
24.641,51.823,2023,6,2,11,2,0,8
24.652,51.903,2023,6,2,11,2,0,8
24.67,51.748,2023,6,2,11,2,0,8
24.676,51.624,2023,6,2,11,2,0,8
24.679,51.761,2023,6,2,11,2,0,8
24.686,51.879,2023,6,2,12,2,0,8
24.711,52.024,2023,6,2,12,2,0,8
24.745,52.035,2023,6,2,12,2,0,8
24.786,51.973,2023,6,2,12,2,0,7
24.818,51.91,2023,6,2,12,2,0,7
24.84,51.901,2023,6,2,12,2,0,7
24.863,51.839,2023,6,2,12,2,0,7
24.881,51.711,2023,6,2,12,2,0,7
24.894,51.65,2023,6,2,12,2,0,7
24.902,51.669,2023,6,2,12,2,0,7
24.905,51.641,2023,6,2,12,2,0,7
24.914,51.636,2023,6,2,12,2,0,7
24.921,51.71,2023,6,2,12,2,0,7
24.92,51.819,2023,6,2,12,2,0,7
24.933,51.883,2023,6,2,12,2,0,7
24.943,51.89,2023,6,2,12,2,0,7
24.956,51.784,2023,6,2,12,2,0,7
24.973,51.74,2023,6,2,12,2,0,7
24.991,51.654,2023,6,2,12,2,0,7
25.012,51.633,2023,6,2,12,2,0,7
25.028,51.628,2023,6,2,12,2,0,7
25.05,51.626,2023,6,2,12,2,0,7
25.071,51.617,2023,6,2,12,2,0,7
25.09,51.443,2023,6,2,12,2,0,7
25.107,51.302,2023,6,2,12,2,0,7
25.127,51.218,2023,6,2,12,2,0,7
25.139,51.239,2023,6,2,12,2,0,7
25.155,51.235,2023,6,2,12,2,0,7
25.17,51.167,2023,6,2,12,2,0,7
25.189,51.11,2023,6,2,12,2,0,7
25.213,51.057,2023,6,2,13,2,0,7
25.247,50.98,2023,6,2,13,2,0,7
25.279,50.968,2023,6,2,13,2,0,7
25.314,50.898,2023,6,2,13,2,0,7
25.345,50.937,2023,6,2,13,2,0,7
25.378,50.848,2023,6,2,13,2,0,7
25.412,50.827,2023,6,2,13,2,0,7
25.441,50.738,2023,6,2,13,2,0,7
25.473,50.701,2023,6,2,13,2,0,7
25.515,50.626,2023,6,2,13,2,0,7
25.552,50.547,2023,6,2,13,2,0,7
25.584,50.535,2023,6,2,13,2,0,7
25.613,50.445,2023,6,2,13,2,0,7
25.639,50.296,2023,6,2,13,2,0,7
25.652,50.092,2023,6,2,13,2,0,7
25.663,49.938,2023,6,2,13,2,0,7
25.68,49.915,2023,6,2,13,2,0,7
25.692,49.866,2023,6,2,13,2,0,7
25.698,49.907,2023,6,2,13,2,0,7
25.703,49.911,2023,6,2,13,2,0,7
25.711,49.82,2023,6,2,13,2,0,7
25.705,49.787,2023,6,2,13,2,0,7
25.698,49.743,2023,6,2,13,2,0,7
25.693,49.982,2023,6,2,13,2,0,7
25.682,50.816,2023,6,2,13,2,0,7
25.671,50.876,2023,6,2,13,2,0,7
25.657,51.29,2023,6,2,13,2,0,7
25.65,51.943,2023,6,2,13,2,0,7
25.654,52.252,2023,6,2,13,2,0,7
25.665,52.63,2023,6,2,13,2,0,7
25.692,52.89,2023,6,2,14,2,0,7
25.702,52.285,2023,6,2,14,2,0,7
25.711,51.942,2023,6,2,14,2,0,7
25.729,51.739,2023,6,2,14,2,0,7
25.742,51.321,2023,6,2,14,2,0,7
25.759,51.453,2023,6,2,14,2,0,7
25.779,51.228,2023,6,2,14,2,0,7
25.789,51.228,2023,6,2,14,2,0,7
25.793,51.174,2023,6,2,14,2,0,7
25.799,51.222,2023,6,2,14,2,0,7
25.811,51.234,2023,6,2,14,2,0,7
25.829,50.932,2023,6,2,14,2,0,7
25.848,50.611,2023,6,2,14,2,0,7
25.856,50.502,2023,6,2,14,2,0,7
25.866,50.426,2023,6,2,14,2,0,7
25.877,50.41,2023,6,2,14,2,0,7
25.89,50.408,2023,6,2,14,2,0,6
25.907,50.323,2023,6,2,14,2,0,6
25.916,50.283,2023,6,2,14,2,0,6
25.926,50.271,2023,6,2,14,2,0,6
25.933,50.274,2023,6,2,14,2,0,6
25.946,50.196,2023,6,2,14,2,0,6
25.953,50.048,2023,6,2,14,2,0,6
25.954,49.918,2023,6,2,14,2,0,6
25.958,49.894,2023,6,2,14,2,0,6
25.961,49.891,2023,6,2,14,2,0,6
25.962,49.823,2023,6,2,14,2,0,6
25.961,49.582,2023,6,2,14,2,0,6
25.962,49.411,2023,6,2,14,2,0,6
25.962,49.274,2023,6,2,14,2,0,6
25.96,49.251,2023,6,2,15,2,0,6
25.959,49.14,2023,6,2,15,2,0,6
25.961,49.125,2023,6,2,15,2,0,6
25.965,49.299,2023,6,2,15,2,0,6
25.961,49.596,2023,6,2,15,2,0,6
25.969,49.67,2023,6,2,15,2,0,6
25.987,49.637,2023,6,2,15,2,0,6
26.016,49.632,2023,6,2,15,2,0,6
26.056,49.627,2023,6,2,15,2,0,6
26.092,49.647,2023,6,2,15,2,0,6
26.132,49.66,2023,6,2,15,2,0,6
26.156,49.646,2023,6,2,15,2,0,6
26.174,49.578,2023,6,2,15,2,0,6
26.199,49.499,2023,6,2,15,2,0,6
26.22,49.489,2023,6,2,15,2,0,6
26.241,49.486,2023,6,2,15,2,0,6
26.266,49.572,2023,6,2,15,2,0,6
26.287,49.491,2023,6,2,15,2,0,6
26.309,49.581,2023,6,2,15,2,0,6
26.333,49.603,2023,6,2,15,2,0,6
26.359,49.628,2023,6,2,15,2,0,6
26.383,49.599,2023,6,2,15,2,0,6
26.404,49.497,2023,6,2,15,2,0,6
26.427,49.357,2023,6,2,15,2,0,6
26.443,49.194,2023,6,2,15,2,0,6
26.451,49.024,2023,6,2,15,2,0,6
26.461,48.859,2023,6,2,15,2,0,6
26.468,48.931,2023,6,2,15,2,0,6
26.477,48.953,2023,6,2,15,2,0,6
26.484,48.918,2023,6,2,15,2,0,6
26.49,48.837,2023,6,2,16,2,0,6
26.502,48.744,2023,6,2,16,2,0,6
26.509,48.746,2023,6,2,16,2,0,6
26.513,48.816,2023,6,2,16,2,0,6
26.522,48.824,2023,6,2,16,2,0,6
26.536,48.816,2023,6,2,16,2,0,6
26.549,48.69,2023,6,2,16,2,0,6
26.564,48.716,2023,6,2,16,2,0,6
26.587,48.788,2023,6,2,16,2,0,6
26.605,48.861,2023,6,2,16,2,0,6
26.621,48.779,2023,6,2,16,2,0,6
26.612,48.301,2023,6,2,16,2,0,6
26.566,48.184,2023,6,2,16,2,0,6
26.52,48.248,2023,6,2,16,2,0,6
26.478,48.36,2023,6,2,16,2,0,6
26.449,48.467,2023,6,2,16,2,0,6
26.419,48.444,2023,6,2,16,2,0,6
26.385,48.491,2023,6,2,16,2,0,6
26.35,48.62,2023,6,2,16,2,0,6
26.313,48.701,2023,6,2,16,2,0,6
26.276,48.867,2023,6,2,16,2,0,6
26.248,49.071,2023,6,2,16,2,0,6
26.241,49.184,2023,6,2,16,2,0,6
26.236,49.216,2023,6,2,16,2,0,6
26.232,49.228,2023,6,2,16,2,0,6
26.224,49.203,2023,6,2,16,2,0,6
26.19,49.276,2023,6,2,16,2,0,6
26.153,49.462,2023,6,2,16,2,0,6
26.138,49.571,2023,6,2,16,2,0,6
26.125,49.615,2023,6,2,16,2,0,6
26.105,49.707,2023,6,2,17,2,0,6
26.088,49.861,2023,6,2,17,2,0,6
26.078,49.888,2023,6,2,17,2,0,6
26.055,49.971,2023,6,2,17,2,0,6
26.003,50.134,2023,6,2,17,2,0,6
25.935,50.428,2023,6,2,17,2,0,6
25.904,50.52,2023,6,2,17,2,0,6
25.898,50.577,2023,6,2,17,2,0,6
25.881,50.575,2023,6,2,17,2,0,7
25.856,50.653,2023,6,2,17,2,0,7
25.854,50.758,2023,6,2,17,2,0,7
25.863,50.786,2023,6,2,17,2,0,7
25.889,50.798,2023,6,2,17,2,0,6
25.914,50.836,2023,6,2,17,2,0,6
25.927,50.765,2023,6,2,17,2,0,6
25.927,50.737,2023,6,2,17,2,0,6
25.917,50.874,2023,6,2,17,2,0,6
25.918,50.98,2023,6,2,17,2,0,6
25.936,50.996,2023,6,2,17,2,0,6
25.969,50.92,2023,6,2,17,2,0,6
25.981,50.88,2023,6,2,17,2,0,6
25.987,50.869,2023,6,2,17,2,0,6
25.999,50.853,2023,6,2,17,2,0,6
26.015,50.912,2023,6,2,17,2,0,6
26.035,50.893,2023,6,2,17,2,0,6
26.057,50.812,2023,6,2,17,2,0,6
26.055,50.775,2023,6,2,17,2,0,6
26.034,50.782,2023,6,2,17,2,0,6
26.0,50.817,2023,6,2,17,2,0,6
25.985,50.962,2023,6,2,17,2,0,6
25.987,51.08,2023,6,2,18,2,0,6
26.007,51.139,2023,6,2,18,2,0,6
26.028,51.125,2023,6,2,18,2,0,6
26.058,51.042,2023,6,2,18,2,0,6
26.081,50.97,2023,6,2,18,2,0,6
26.092,50.922,2023,6,2,18,2,0,6
26.079,50.964,2023,6,2,18,2,0,6
26.062,51.084,2023,6,2,18,2,0,6
26.048,51.133,2023,6,2,18,2,0,6
26.046,51.193,2023,6,2,18,2,0,6
26.056,51.145,2023,6,2,18,2,0,6
26.035,51.126,2023,6,2,18,2,0,6
26.007,51.194,2023,6,2,18,2,0,6
25.985,51.373,2023,6,2,18,2,0,6
25.964,51.413,2023,6,2,18,2,0,6
25.954,51.489,2023,6,2,18,2,0,6
25.948,51.623,2023,6,2,18,2,0,6
25.952,51.744,2023,6,2,18,2,0,6
25.973,51.523,2023,6,2,18,2,0,6
25.987,51.345,2023,6,2,18,2,0,6
25.99,51.49,2023,6,2,18,2,0,6
25.99,51.436,2023,6,2,18,2,0,6
25.99,52.158,2023,6,2,18,2,0,6
25.978,51.896,2023,6,2,18,2,0,6
25.97,51.966,2023,6,2,18,2,0,6
25.967,51.888,2023,6,2,18,2,0,6
25.965,51.758,2023,6,2,18,2,0,6
25.957,51.869,2023,6,2,18,2,0,6
25.939,51.936,2023,6,2,18,2,0,6
25.917,52.001,2023,6,2,18,2,0,6
25.9,52.054,2023,6,2,19,2,0,6
25.883,52.145,2023,6,2,19,2,0,7
25.863,52.202,2023,6,2,19,2,0,7
25.854,52.304,2023,6,2,19,2,0,7
25.856,52.442,2023,6,2,19,2,0,7
25.877,52.447,2023,6,2,19,2,0,7
25.912,52.448,2023,6,2,19,2,0,6
25.953,52.451,2023,6,2,19,2,0,6
26.001,52.331,2023,6,2,19,2,0,6
26.043,52.203,2023,6,2,19,2,0,6
26.074,52.078,2023,6,2,19,2,0,6
26.115,51.937,2023,6,2,19,2,0,6
26.148,51.921,2023,6,2,19,2,0,6
26.175,51.803,2023,6,2,19,2,0,6
26.202,51.752,2023,6,2,19,2,0,6
26.218,51.665,2023,6,2,19,2,0,6
26.23,51.653,2023,6,2,19,2,0,6
26.243,51.661,2023,6,2,19,2,0,6
26.257,51.652,2023,6,2,19,2,0,6
26.264,51.608,2023,6,2,19,2,0,6
26.254,51.56,2023,6,2,19,2,0,6
26.228,51.54,2023,6,2,19,2,0,6
26.195,51.66,2023,6,2,19,2,0,6
26.155,51.707,2023,6,2,19,2,0,6
26.116,51.956,2023,6,2,19,2,0,6
26.081,52.36,2023,6,2,19,2,0,6
26.067,52.404,2023,6,2,19,2,0,6
26.061,52.698,2023,6,2,19,2,0,6
26.069,52.8,2023,6,2,19,2,0,6
26.098,52.717,2023,6,2,19,2,0,6
26.13,52.652,2023,6,2,20,2,0,6
26.163,52.581,2023,6,2,20,2,0,6
26.197,52.551,2023,6,2,20,2,0,6
26.219,52.536,2023,6,2,20,2,0,6
26.233,52.434,2023,6,2,20,2,0,6
26.25,52.433,2023,6,2,20,2,0,6
26.262,52.419,2023,6,2,20,2,0,6
26.266,52.417,2023,6,2,20,2,0,6
26.269,52.418,2023,6,2,20,2,0,6
26.276,52.343,2023,6,2,20,2,0,6
26.275,52.406,2023,6,2,20,2,0,6
26.265,52.53,2023,6,2,20,2,0,6
26.263,52.686,2023,6,2,20,2,0,6
26.266,52.701,2023,6,2,20,2,0,6
26.276,52.713,2023,6,2,20,2,0,6
26.282,52.674,2023,6,2,20,2,0,6
26.288,52.652,2023,6,2,20,2,0,6
26.29,52.664,2023,6,2,20,2,0,6
26.282,52.484,2023,6,2,20,2,0,6
26.259,52.347,2023,6,2,20,2,0,6
26.232,52.377,2023,6,2,20,2,0,6
26.191,52.693,2023,6,2,20,2,0,6
26.162,52.705,2023,6,2,20,2,0,6
26.14,52.993,2023,6,2,20,2,0,6
26.117,53.252,2023,6,2,20,2,0,6
26.096,53.505,2023,6,2,20,2,0,6
26.084,53.518,2023,6,2,20,2,0,6
26.078,53.429,2023,6,2,20,2,0,6
26.069,53.55,2023,6,2,20,2,0,6
26.053,53.674,2023,6,2,20,2,0,6
26.037,53.594,2023,6,2,21,2,0,6
26.022,53.607,2023,6,2,21,2,0,6
26.01,53.625,2023,6,2,21,2,0,6
25.996,53.702,2023,6,2,21,2,0,6
25.987,53.714,2023,6,2,21,2,0,6
25.987,53.661,2023,6,2,21,2,0,6
25.987,53.705,2023,6,2,21,2,0,6
25.988,53.668,2023,6,2,21,2,0,6
25.986,53.591,2023,6,2,21,2,0,6
25.972,53.61,2023,6,2,21,2,0,6
25.964,53.652,2023,6,2,21,2,0,6
25.956,53.789,2023,6,2,21,2,0,6
25.953,53.849,2023,6,2,21,2,0,6
25.955,53.804,2023,6,2,21,2,0,6
25.957,53.767,2023,6,2,21,2,0,6
25.957,53.719,2023,6,2,21,2,0,6
25.949,53.763,2023,6,2,21,2,0,6
25.938,53.42,2023,6,2,21,2,0,6
25.925,53.461,2023,6,2,21,2,0,6
25.907,53.659,2023,6,2,21,2,0,6
25.88,53.862,2023,6,2,21,2,0,7
25.865,53.896,2023,6,2,21,2,0,7
25.856,53.852,2023,6,2,21,2,0,7
25.85,53.634,2023,6,2,21,2,0,7
25.829,54.163,2023,6,2,21,2,0,7
25.809,54.4,2023,6,2,21,2,0,7
25.803,54.139,2023,6,2,21,2,0,7
25.799,54.362,2023,6,2,21,2,0,7
25.793,54.512,2023,6,2,21,2,0,7
25.791,54.153,2023,6,2,22,2,0,7
25.79,54.201,2023,6,2,22,2,0,7
25.781,54.41,2023,6,2,22,2,0,7
25.772,54.568,2023,6,2,22,2,0,7
25.769,54.512,2023,6,2,22,2,0,7
25.767,54.581,2023,6,2,22,2,0,7
25.766,54.224,2023,6,2,22,2,0,7
25.759,54.176,2023,6,2,22,2,0,7
25.751,54.603,2023,6,2,22,2,0,7
25.744,54.569,2023,6,2,22,2,0,7
25.744,54.542,2023,6,2,22,2,0,7
25.743,54.532,2023,6,2,22,2,0,7
25.74,54.602,2023,6,2,22,2,0,7
25.735,54.411,2023,6,2,22,2,0,7
25.726,54.626,2023,6,2,22,2,0,7
25.722,54.668,2023,6,2,22,2,0,7
25.713,54.838,2023,6,2,22,2,0,7
25.706,54.785,2023,6,2,22,2,0,7
25.701,54.725,2023,6,2,22,2,0,7
25.696,54.842,2023,6,2,22,2,0,7
25.69,54.911,2023,6,2,22,2,0,7
25.684,54.872,2023,6,2,22,2,0,7
25.676,55.052,2023,6,2,22,2,0,7
25.67,54.983,2023,6,2,22,2,0,7
25.657,55.24,2023,6,2,22,2,0,7
25.635,55.298,2023,6,2,22,2,0,7
25.618,55.443,2023,6,2,22,2,0,7
25.604,55.742,2023,6,2,22,2,0,7
25.589,55.744,2023,6,2,22,2,0,7
25.585,56.072,2023,6,2,22,2,0,7
25.584,56.12,2023,6,2,23,2,0,7
25.578,56.14,2023,6,2,23,2,0,7
25.568,56.172,2023,6,2,23,2,0,7
25.553,56.029,2023,6,2,23,2,0,7
25.548,55.888,2023,6,2,23,2,0,7
25.551,55.622,2023,6,2,23,2,0,7
25.567,55.47,2023,6,2,23,2,0,7
25.586,55.432,2023,6,2,23,2,0,7
25.61,55.363,2023,6,2,23,2,0,7
25.638,55.299,2023,6,2,23,2,0,7
25.663,55.131,2023,6,2,23,2,0,7
25.689,55.112,2023,6,2,23,2,0,7
25.704,55.05,2023,6,2,23,2,0,7
25.723,54.923,2023,6,2,23,2,0,7
25.74,54.93,2023,6,2,23,2,0,7
25.75,54.903,2023,6,2,23,2,0,7
25.759,54.963,2023,6,2,23,2,0,7
25.764,55.121,2023,6,2,23,2,0,7
25.762,54.976,2023,6,2,23,2,0,7
25.762,54.91,2023,6,2,23,2,0,7
25.763,55.055,2023,6,2,23,2,0,7
25.763,55.089,2023,6,2,23,2,0,7
25.758,55.035,2023,6,2,23,2,0,7
25.758,55.066,2023,6,2,23,2,0,7
25.759,55.265,2023,6,2,23,2,0,7
25.758,55.415,2023,6,2,23,2,0,7
25.749,55.511,2023,6,2,23,2,0,7
25.738,55.514,2023,6,2,23,2,0,7
25.726,55.173,2023,6,2,23,2,0,7
25.714,55.245,2023,6,2,23,2,0,7
25.712,55.417,2023,6,3,0,2,0,7
25.704,55.594,2023,6,3,0,2,0,7
25.696,55.65,2023,6,3,0,2,0,7
25.691,55.688,2023,6,3,0,2,0,7
25.684,55.793,2023,6,3,0,2,0,7
25.676,55.903,2023,6,3,0,2,0,7
25.656,56.003,2023,6,3,0,2,0,7
25.643,56.117,2023,6,3,0,2,0,7
25.626,56.162,2023,6,3,0,2,0,7
25.606,56.244,2023,6,3,0,2,0,7
25.59,56.374,2023,6,3,0,2,0,7
25.569,56.535,2023,6,3,0,2,0,7
25.554,56.558,2023,6,3,0,2,0,7
25.543,56.563,2023,6,3,0,2,0,7
25.531,56.596,2023,6,3,0,2,0,7
25.519,56.671,2023,6,3,0,2,0,7
25.512,56.682,2023,6,3,0,2,0,7
25.505,56.676,2023,6,3,0,2,0,7
25.494,56.688,2023,6,3,0,2,0,7
25.482,56.693,2023,6,3,0,2,0,7
25.47,56.696,2023,6,3,0,2,0,7
25.461,56.697,2023,6,3,0,2,0,7
25.455,56.692,2023,6,3,0,2,0,7
25.448,56.801,2023,6,3,0,2,0,7
25.438,56.902,2023,6,3,0,2,0,7
25.428,56.86,2023,6,3,0,2,0,7
25.428,56.925,2023,6,3,0,2,0,7
25.424,56.952,2023,6,3,0,2,0,7
25.419,56.913,2023,6,3,0,2,0,7
25.416,56.925,2023,6,3,0,2,0,7
25.415,56.954,2023,6,3,1,2,0,7
25.413,56.965,2023,6,3,1,2,0,7
25.404,57.034,2023,6,3,1,2,0,7
25.395,57.078,2023,6,3,1,2,0,7
25.388,57.085,2023,6,3,1,2,0,7
25.38,57.111,2023,6,3,1,2,0,7
25.37,57.156,2023,6,3,1,2,0,7
25.366,57.233,2023,6,3,1,2,0,7
25.359,57.292,2023,6,3,1,2,0,7
25.36,57.288,2023,6,3,1,2,0,7
25.354,57.363,2023,6,3,1,2,0,7
25.349,57.456,2023,6,3,1,2,0,7
25.342,57.474,2023,6,3,1,2,0,7
25.337,57.475,2023,6,3,1,2,0,7
25.336,57.475,2023,6,3,1,2,0,7
25.331,57.479,2023,6,3,1,2,0,7
25.325,57.479,2023,6,3,1,2,0,7
25.321,57.486,2023,6,3,1,2,0,7
25.315,57.478,2023,6,3,1,2,0,7
25.309,57.478,2023,6,3,1,2,0,7
25.293,57.478,2023,6,3,1,2,0,7
25.282,57.479,2023,6,3,1,2,0,7
25.275,57.577,2023,6,3,1,2,0,7
25.277,57.603,2023,6,3,1,2,0,7
25.274,57.606,2023,6,3,1,2,0,7
25.269,57.605,2023,6,3,1,2,0,7
25.266,57.64,2023,6,3,1,2,0,7
25.261,57.722,2023,6,3,1,2,0,7
25.249,57.741,2023,6,3,1,2,0,7
25.241,57.782,2023,6,3,1,2,0,7
25.231,57.839,2023,6,3,2,2,0,7
25.218,57.865,2023,6,3,2,2,0,7
25.213,57.868,2023,6,3,2,2,0,7
25.208,57.958,2023,6,3,2,2,0,7
25.201,58.034,2023,6,3,2,2,0,7
25.191,58.117,2023,6,3,2,2,0,7
25.183,58.126,2023,6,3,2,2,0,7
25.178,58.127,2023,6,3,2,2,0,7
25.176,58.127,2023,6,3,2,2,0,7
25.176,58.104,2023,6,3,2,2,0,7
25.176,58.129,2023,6,3,2,2,0,7
25.178,58.243,2023,6,3,2,2,0,7
25.178,58.295,2023,6,3,2,2,0,7
25.178,58.361,2023,6,3,2,2,0,7
25.175,58.31,2023,6,3,2,2,0,7
25.173,58.307,2023,6,3,2,2,0,7
25.172,58.33,2023,6,3,2,2,0,7
25.173,58.369,2023,6,3,2,2,0,7
25.172,58.383,2023,6,3,2,2,0,7
25.173,58.382,2023,6,3,2,2,0,7
25.172,58.383,2023,6,3,2,2,0,7
25.17,58.377,2023,6,3,2,2,0,7
25.171,58.278,2023,6,3,2,2,0,7
25.171,58.328,2023,6,3,2,2,0,7
25.174,58.373,2023,6,3,2,2,0,7
25.176,58.382,2023,6,3,2,2,0,7
25.177,58.383,2023,6,3,2,2,0,7
25.172,58.383,2023,6,3,2,2,0,7
25.166,58.384,2023,6,3,2,2,0,7
25.161,58.384,2023,6,3,2,2,0,7
25.153,58.404,2023,6,3,3,2,0,7
25.148,58.477,2023,6,3,3,2,0,7
25.147,58.504,2023,6,3,3,2,0,7
25.138,58.513,2023,6,3,3,2,0,7
25.127,58.515,2023,6,3,3,2,0,7
25.11,58.527,2023,6,3,3,2,0,7
25.101,58.518,2023,6,3,3,2,0,7
25.09,58.518,2023,6,3,3,2,0,7
25.084,58.52,2023,6,3,3,2,0,7
25.076,58.52,2023,6,3,3,2,0,7
25.071,58.521,2023,6,3,3,2,0,7
25.069,58.548,2023,6,3,3,2,0,7
25.066,58.524,2023,6,3,3,2,0,7
25.063,58.522,2023,6,3,3,2,0,7
25.059,58.597,2023,6,3,3,2,0,7
25.058,58.639,2023,6,3,3,2,0,7
25.053,58.701,2023,6,3,3,2,0,7
25.05,58.762,2023,6,3,3,2,0,7
25.045,58.747,2023,6,3,3,2,0,7
25.035,58.777,2023,6,3,3,2,0,7
25.023,58.744,2023,6,3,3,2,0,7
25.015,58.743,2023,6,3,3,2,0,7
25.01,58.777,2023,6,3,3,2,0,7
25.003,58.774,2023,6,3,3,2,0,7
25.003,58.781,2023,6,3,3,2,0,7
25.0,58.782,2023,6,3,3,2,0,7
24.997,58.779,2023,6,3,3,2,0,7
24.993,58.782,2023,6,3,3,2,0,7
24.992,58.783,2023,6,3,3,2,0,7
24.988,58.784,2023,6,3,3,2,0,7
24.985,58.852,2023,6,3,4,2,0,7
24.98,58.899,2023,6,3,4,2,0,7
24.974,58.897,2023,6,3,4,2,0,7
24.969,58.912,2023,6,3,4,2,0,7
24.965,58.914,2023,6,3,4,2,0,7
24.961,58.889,2023,6,3,4,2,0,7
24.96,58.88,2023,6,3,4,2,0,7
24.957,58.825,2023,6,3,4,2,0,7
24.953,58.798,2023,6,3,4,2,0,7
24.948,58.8,2023,6,3,4,2,0,7
24.946,58.788,2023,6,3,4,2,0,7
24.944,58.787,2023,6,3,4,2,0,7
24.941,58.683,2023,6,3,4,2,0,7
24.935,58.63,2023,6,3,4,2,0,7
24.929,58.636,2023,6,3,4,2,0,7
24.927,58.644,2023,6,3,4,2,0,7
24.921,58.642,2023,6,3,4,2,0,7
24.915,58.647,2023,6,3,4,2,0,7
24.907,58.698,2023,6,3,4,2,0,7
24.901,58.738,2023,6,3,4,2,0,7
24.897,58.712,2023,6,3,4,2,0,7
24.892,58.659,2023,6,3,4,2,0,7
24.889,58.664,2023,6,3,4,2,0,7
24.884,58.665,2023,6,3,4,2,0,7
24.876,58.75,2023,6,3,4,2,0,7
24.872,58.747,2023,6,3,4,2,0,7
24.866,58.789,2023,6,3,4,2,0,7
24.861,58.794,2023,6,3,4,2,0,7
24.854,58.796,2023,6,3,4,2,0,7
24.849,58.798,2023,6,3,4,2,0,7
24.845,58.889,2023,6,3,5,2,0,7
24.84,58.898,2023,6,3,5,2,0,7
24.838,58.878,2023,6,3,5,2,0,7
24.834,58.919,2023,6,3,5,2,0,7
24.831,58.923,2023,6,3,5,2,0,7
24.829,58.917,2023,6,3,5,2,0,7
24.825,58.921,2023,6,3,5,2,0,7
24.818,58.926,2023,6,3,5,2,0,7
24.805,58.884,2023,6,3,5,2,0,7
24.797,58.908,2023,6,3,5,2,0,7
24.79,58.914,2023,6,3,5,2,0,7
24.78,58.928,2023,6,3,5,2,0,7
24.772,58.935,2023,6,3,5,2,0,8
24.764,58.936,2023,6,3,5,2,0,8
24.749,58.949,2023,6,3,5,2,0,8
24.738,58.947,2023,6,3,5,2,0,8
24.732,58.937,2023,6,3,5,2,0,8
24.725,58.947,2023,6,3,5,2,0,8
24.719,58.939,2023,6,3,5,2,0,8
24.712,58.937,2023,6,3,5,2,0,8
24.71,58.964,2023,6,3,5,2,0,8
24.707,58.941,2023,6,3,5,2,0,8
24.7,58.94,2023,6,3,5,2,0,8
24.692,58.941,2023,6,3,5,2,0,8
24.685,58.942,2023,6,3,5,2,0,8
24.682,58.94,2023,6,3,5,2,0,8
24.679,58.941,2023,6,3,5,2,0,8
24.675,58.875,2023,6,3,5,2,0,8
24.671,58.804,2023,6,3,5,2,0,8
24.665,58.753,2023,6,3,5,2,0,8
24.658,58.657,2023,6,3,6,2,0,8
24.649,58.573,2023,6,3,6,2,0,8
24.641,58.561,2023,6,3,6,2,0,8
24.627,58.495,2023,6,3,6,2,0,8
24.612,58.445,2023,6,3,6,2,0,8
24.6,58.44,2023,6,3,6,2,0,8
24.593,58.439,2023,6,3,6,2,0,8
24.588,58.506,2023,6,3,6,2,0,8
24.586,58.522,2023,6,3,6,2,0,8
24.59,58.559,2023,6,3,6,2,0,8
24.591,58.616,2023,6,3,6,2,0,8
24.594,58.583,2023,6,3,6,2,0,8
24.597,58.567,2023,6,3,6,2,0,8
24.597,58.56,2023,6,3,6,2,0,8
24.595,58.515,2023,6,3,6,2,0,8
24.59,58.481,2023,6,3,6,2,0,8
24.585,58.548,2023,6,3,6,2,0,8
24.579,58.517,2023,6,3,6,2,0,8
24.571,58.509,2023,6,3,6,2,0,8
24.563,58.475,2023,6,3,6,2,0,8
24.551,58.548,2023,6,3,6,2,0,8
24.541,58.568,2023,6,3,6,2,0,8
24.533,58.571,2023,6,3,6,2,0,8
24.529,58.572,2023,6,3,6,2,0,8
24.528,58.572,2023,6,3,6,2,0,8
24.526,58.573,2023,6,3,6,2,0,8
24.53,58.572,2023,6,3,6,2,0,8
24.529,58.569,2023,6,3,6,2,0,8
24.527,58.572,2023,6,3,6,2,0,8
24.525,58.573,2023,6,3,6,2,0,8
24.524,58.564,2023,6,3,7,2,0,8
24.521,58.557,2023,6,3,7,2,0,8
24.523,58.571,2023,6,3,7,2,0,8
24.522,58.677,2023,6,3,7,2,0,8
24.522,58.65,2023,6,3,7,2,0,8
24.527,58.656,2023,6,3,7,2,0,8
24.523,58.595,2023,6,3,7,2,0,8
24.519,58.579,2023,6,3,7,2,0,8
24.518,58.574,2023,6,3,7,2,0,8
24.517,58.498,2023,6,3,7,2,0,8
24.521,58.451,2023,6,3,7,2,0,8
24.523,58.425,2023,6,3,7,2,0,8
24.521,58.442,2023,6,3,7,2,0,8
24.52,58.444,2023,6,3,7,2,0,8
24.52,58.423,2023,6,3,7,2,0,8
24.516,58.442,2023,6,3,7,2,0,8
24.516,58.44,2023,6,3,7,2,0,8
24.519,58.444,2023,6,3,7,2,0,8
24.523,58.444,2023,6,3,7,2,0,8
24.525,58.446,2023,6,3,7,2,0,8
24.529,58.421,2023,6,3,7,2,0,8
24.531,58.505,2023,6,3,7,2,0,8
24.537,58.528,2023,6,3,7,2,0,8
24.539,58.462,2023,6,3,7,2,0,8
24.539,58.546,2023,6,3,7,2,0,8
24.541,58.567,2023,6,3,7,2,0,8
24.544,58.57,2023,6,3,7,2,0,8
24.544,58.571,2023,6,3,7,2,0,8
24.542,58.629,2023,6,3,7,2,0,8
24.542,58.618,2023,6,3,7,2,0,8
24.543,58.617,2023,6,3,8,2,0,8
24.54,58.58,2023,6,3,8,2,0,8
24.541,58.571,2023,6,3,8,2,0,8
24.549,58.569,2023,6,3,8,2,0,8
24.552,58.432,2023,6,3,8,2,0,8
24.555,58.465,2023,6,3,8,2,0,8
24.565,58.455,2023,6,3,8,2,0,8
24.571,58.422,2023,6,3,8,2,0,8
24.579,58.438,2023,6,3,8,2,0,8
24.583,58.452,2023,6,3,8,2,0,8
24.586,58.381,2023,6,3,8,2,0,8
24.594,58.422,2023,6,3,8,2,0,8
24.606,58.366,2023,6,3,8,2,0,8
24.614,58.315,2023,6,3,8,2,0,8
24.626,58.291,2023,6,3,8,2,0,8
24.634,58.482,2023,6,3,8,2,0,8
24.64,58.606,2023,6,3,8,2,0,8
24.633,58.537,2023,6,3,8,2,0,8
24.62,58.597,2023,6,3,8,2,0,8
24.604,58.762,2023,6,3,8,2,0,8
24.582,58.955,2023,6,3,8,2,0,8
24.542,59.241,2023,6,3,8,2,0,8
24.502,59.184,2023,6,3,8,2,0,8
24.465,59.198,2023,6,3,8,2,0,8
24.438,59.228,2023,6,3,8,2,0,8
24.407,59.314,2023,6,3,8,2,0,8
24.373,59.468,2023,6,3,8,2,0,8
24.342,59.636,2023,6,3,8,2,0,8
24.321,59.714,2023,6,3,8,2,0,8
24.305,59.261,2023,6,3,8,2,0,8
24.26,59.076,2023,6,3,9,2,0,8
24.222,58.995,2023,6,3,9,2,0,8
24.174,59.053,2023,6,3,9,2,0,8
24.116,59.307,2023,6,3,9,2,0,8
24.086,59.355,2023,6,3,9,2,0,8
24.061,59.507,2023,6,3,9,2,0,8
24.043,59.554,2023,6,3,9,2,0,8
24.027,59.548,2023,6,3,9,2,0,8
23.992,59.703,2023,6,3,9,2,0,8
23.958,59.829,2023,6,3,9,2,0,8
23.918,59.995,2023,6,3,9,2,0,8
23.875,60.238,2023,6,3,9,2,0,8
23.811,60.384,2023,6,3,9,2,0,8
23.775,60.523,2023,6,3,9,2,0,8
23.754,60.602,2023,6,3,9,2,0,8
23.748,60.797,2023,6,3,9,2,0,8
23.746,60.979,2023,6,3,9,2,0,8
23.749,61.084,2023,6,3,9,2,0,8
23.752,61.152,2023,6,3,9,2,0,8
23.753,61.199,2023,6,3,9,2,0,8
23.75,61.226,2023,6,3,9,2,0,8
23.756,61.328,2023,6,3,9,2,0,8
23.764,61.512,2023,6,3,9,2,0,8
23.766,61.561,2023,6,3,9,2,0,8
23.775,61.689,2023,6,3,9,2,0,8
23.785,61.672,2023,6,3,9,2,0,8
23.812,61.828,2023,6,3,9,2,0,8
23.826,61.927,2023,6,3,9,2,0,8
23.832,62.126,2023,6,3,9,2,0,8
23.829,62.264,2023,6,3,9,2,0,8
23.821,62.33,2023,6,3,10,2,0,8
23.826,62.542,2023,6,3,10,2,0,8
23.832,62.694,2023,6,3,10,2,0,8
23.815,62.732,2023,6,3,10,2,0,8
23.791,62.928,2023,6,3,10,2,0,8
23.78,63.05,2023,6,3,10,2,0,8
23.784,62.971,2023,6,3,10,2,0,8
23.795,62.949,2023,6,3,10,2,0,8
23.816,62.936,2023,6,3,10,2,0,8
23.841,62.951,2023,6,3,10,2,0,8
23.872,63.105,2023,6,3,10,2,0,8
23.895,63.177,2023,6,3,10,2,0,8
23.9,63.153,2023,6,3,10,2,0,8
23.904,63.435,2023,6,3,10,2,0,8
23.915,63.451,2023,6,3,10,2,0,8
23.931,63.437,2023,6,3,10,2,0,8
23.949,63.279,2023,6,3,10,2,0,8
23.979,63.222,2023,6,3,10,2,0,8
24.005,63.136,2023,6,3,10,2,0,8
24.027,63.015,2023,6,3,10,2,0,8
24.044,62.948,2023,6,3,10,2,0,8
24.059,62.963,2023,6,3,10,2,0,8
24.092,62.896,2023,6,3,10,2,0,8
24.128,62.745,2023,6,3,10,2,0,8
24.164,62.529,2023,6,3,10,2,0,8
24.202,62.652,2023,6,3,10,2,0,8
24.251,62.595,2023,6,3,10,2,0,8
24.296,62.349,2023,6,3,10,2,0,8
24.349,62.124,2023,6,3,10,2,0,8
24.39,61.988,2023,6,3,11,2,0,7
24.398,61.943,2023,6,3,11,2,0,7
24.386,62.071,2023,6,3,11,2,0,7
24.352,62.339,2023,6,3,11,2,0,7
24.326,62.354,2023,6,3,11,2,0,7
24.313,62.218,2023,6,3,11,2,0,8
24.318,61.94,2023,6,3,11,2,0,8
24.34,61.646,2023,6,3,11,2,0,8
24.346,61.24,2023,6,3,11,2,0,8
24.359,61.067,2023,6,3,11,2,0,8
24.401,60.773,2023,6,3,11,2,0,8
24.454,60.632,2023,6,3,11,2,0,8
24.512,60.139,2023,6,3,11,2,0,8
24.567,59.773,2023,6,3,11,2,0,8
24.596,59.292,2023,6,3,11,2,0,8
24.586,59.23,2023,6,3,11,2,0,8
24.576,59.234,2023,6,3,11,2,0,8
24.571,59.368,2023,6,3,11,2,0,8
24.598,59.389,2023,6,3,11,2,0,8
24.639,59.303,2023,6,3,11,2,0,8
24.669,59.428,2023,6,3,11,2,0,8
24.705,59.343,2023,6,3,11,2,0,8
24.771,59.214,2023,6,3,11,2,0,8
24.835,59.057,2023,6,3,11,2,0,7
24.872,58.945,2023,6,3,11,2,0,7
24.914,59.015,2023,6,3,11,2,0,7
24.949,58.974,2023,6,3,11,2,0,7
24.978,58.73,2023,6,3,11,2,0,7
24.997,58.743,2023,6,3,11,2,0,7
25.021,58.613,2023,6,3,11,2,0,7
25.06,58.531,2023,6,3,12,2,0,7
25.097,58.681,2023,6,3,12,2,0,7
25.098,58.914,2023,6,3,12,2,0,7
25.066,59.258,2023,6,3,12,2,0,7
25.007,59.488,2023,6,3,12,2,0,7
24.956,59.67,2023,6,3,12,2,0,7
24.911,59.799,2023,6,3,12,2,0,7
24.88,59.816,2023,6,3,12,2,0,7
24.842,60.051,2023,6,3,12,2,0,7
24.832,60.212,2023,6,3,12,2,0,7
24.843,60.312,2023,6,3,12,2,0,7
24.856,60.657,2023,6,3,12,2,0,7
24.887,60.625,2023,6,3,12,2,0,7
24.949,60.49,2023,6,3,12,2,0,7
25.005,60.326,2023,6,3,12,2,0,7
25.03,59.978,2023,6,3,12,2,0,7
25.05,59.83,2023,6,3,12,2,0,7
25.061,59.592,2023,6,3,12,2,0,7
25.069,59.443,2023,6,3,12,2,0,7
25.063,59.648,2023,6,3,12,2,0,7
25.025,60.148,2023,6,3,12,2,0,7
24.939,60.557,2023,6,3,12,2,0,7
24.849,61.01,2023,6,3,12,2,0,7
24.781,61.297,2023,6,3,12,2,0,7
24.763,61.426,2023,6,3,12,2,0,7
24.755,61.728,2023,6,3,12,2,0,7
24.736,61.808,2023,6,3,12,2,0,7
24.731,61.967,2023,6,3,12,2,0,7
24.765,67.556,2023,6,3,12,2,0,6
24.765,66.839,2023,6,3,12,2,0,6
24.738,64.397,2023,6,3,13,2,0,7
24.747,63.914,2023,6,3,13,2,0,7
24.775,63.28,2023,6,3,13,2,0,7
24.806,63.007,2023,6,3,13,2,0,7
24.824,62.34,2023,6,3,13,2,0,7
24.841,62.375,2023,6,3,13,2,0,7
24.866,61.979,2023,6,3,13,2,0,7
24.893,61.84,2023,6,3,13,2,0,7
24.923,61.736,2023,6,3,13,2,0,7
24.943,61.735,2023,6,3,13,2,0,7
24.951,61.638,2023,6,3,13,2,0,7
24.96,61.427,2023,6,3,13,2,0,7
24.969,61.336,2023,6,3,13,2,0,7
24.984,61.246,2023,6,3,13,2,0,7
24.99,61.243,2023,6,3,13,2,0,7
24.993,61.306,2023,6,3,13,2,0,7
25.003,61.352,2023,6,3,13,2,0,7
25.014,61.642,2023,6,3,13,2,0,7
25.016,61.76,2023,6,3,13,2,0,7
25.012,62.079,2023,6,3,13,2,0,7
25.008,62.379,2023,6,3,13,2,0,7
24.996,62.557,2023,6,3,13,2,0,7
24.988,62.976,2023,6,3,13,2,0,7
24.99,63.956,2023,6,3,13,2,0,7
24.999,64.801,2023,6,3,13,2,0,6
25.011,65.188,2023,6,3,13,2,0,6
25.019,65.352,2023,6,3,13,2,0,6
25.017,65.318,2023,6,3,13,2,0,6
25.021,64.855,2023,6,3,13,2,0,6
25.023,64.707,2023,6,3,13,2,0,6
25.022,64.353,2023,6,3,14,2,0,6
25.038,64.422,2023,6,3,14,2,0,6
25.046,65.358,2023,6,3,14,2,0,6
25.054,64.864,2023,6,3,14,2,0,6
25.061,64.674,2023,6,3,14,2,0,6
25.071,64.601,2023,6,3,14,2,0,6
25.085,64.155,2023,6,3,14,2,0,6
25.1,64.126,2023,6,3,14,2,0,6
25.122,65.111,2023,6,3,14,2,0,6
25.143,66.808,2023,6,3,14,2,0,6
25.14,65.77,2023,6,3,14,2,0,6
25.145,65.999,2023,6,3,14,2,0,6
25.15,65.142,2023,6,3,14,2,0,6
25.153,64.863,2023,6,3,14,2,0,6
25.16,64.335,2023,6,3,14,2,0,6
25.166,64.382,2023,6,3,14,2,0,6
25.175,64.645,2023,6,3,14,2,0,6
25.181,65.508,2023,6,3,14,2,0,6
25.197,66.5,2023,6,3,14,2,0,6
25.202,65.913,2023,6,3,14,2,0,6
25.2,64.855,2023,6,3,14,2,0,6
25.199,64.409,2023,6,3,14,2,0,6
25.204,64.18,2023,6,3,14,2,0,6
25.206,63.761,2023,6,3,14,2,0,6
25.215,63.425,2023,6,3,14,2,0,6
25.23,63.34,2023,6,3,14,2,0,6
25.256,63.529,2023,6,3,14,2,0,6
25.269,64.317,2023,6,3,14,2,0,6
25.289,64.072,2023,6,3,14,2,0,6
25.299,64.081,2023,6,3,14,2,0,6
25.31,63.923,2023,6,3,15,2,0,6
25.319,63.496,2023,6,3,15,2,0,6
25.319,63.419,2023,6,3,15,2,0,6
25.318,63.572,2023,6,3,15,2,0,6
25.316,63.228,2023,6,3,15,2,0,6
25.31,62.757,2023,6,3,15,2,0,7
25.293,62.339,2023,6,3,15,2,0,7
25.278,61.986,2023,6,3,15,2,0,7
25.257,61.815,2023,6,3,15,2,0,7
25.24,61.762,2023,6,3,15,2,0,7
25.241,61.765,2023,6,3,15,2,0,7
25.245,61.47,2023,6,3,15,2,0,7
25.245,61.167,2023,6,3,15,2,0,7
25.246,60.974,2023,6,3,15,2,0,7
25.263,60.733,2023,6,3,15,2,0,7
25.271,60.364,2023,6,3,15,2,0,7
25.267,59.951,2023,6,3,15,2,0,7
25.259,59.923,2023,6,3,15,2,0,7
25.254,59.77,2023,6,3,15,2,0,7
25.26,59.577,2023,6,3,15,2,0,7
25.243,59.17,2023,6,3,15,2,0,7
25.226,59.305,2023,6,3,15,2,0,7
25.215,59.36,2023,6,3,15,2,0,7
25.206,59.449,2023,6,3,15,2,0,7
25.184,59.609,2023,6,3,15,2,0,7
25.161,59.788,2023,6,3,15,2,0,7
25.15,59.928,2023,6,3,15,2,0,7
25.143,59.999,2023,6,3,15,2,0,7
25.14,59.9,2023,6,3,15,2,0,7
25.133,59.952,2023,6,3,15,2,0,7
25.113,60.031,2023,6,3,16,2,0,7
25.092,60.076,2023,6,3,16,2,0,7
25.083,60.119,2023,6,3,16,2,0,7
25.081,60.096,2023,6,3,16,2,0,7
25.08,59.93,2023,6,3,16,2,0,7
25.081,59.496,2023,6,3,16,2,0,7
25.079,59.297,2023,6,3,16,2,0,7
25.072,58.91,2023,6,3,16,2,0,7
25.063,58.908,2023,6,3,16,2,0,7
25.068,58.953,2023,6,3,16,2,0,7
25.083,58.836,2023,6,3,16,2,0,7
25.102,58.823,2023,6,3,16,2,0,7
25.129,58.773,2023,6,3,16,2,0,7
25.149,58.556,2023,6,3,16,2,0,7
25.161,58.425,2023,6,3,16,2,0,7
25.17,58.201,2023,6,3,16,2,0,7
25.175,58.12,2023,6,3,16,2,0,7
25.187,57.913,2023,6,3,16,2,0,7
25.204,57.966,2023,6,3,16,2,0,7
25.221,57.778,2023,6,3,16,2,0,7
25.237,57.635,2023,6,3,16,2,0,7
25.247,57.572,2023,6,3,16,2,0,7
25.263,57.397,2023,6,3,16,2,0,7
25.28,57.313,2023,6,3,16,2,0,7
25.317,57.618,2023,6,3,16,2,0,7
25.382,57.346,2023,6,3,16,2,0,7
25.431,57.094,2023,6,3,16,2,0,7
25.459,57.09,2023,6,3,16,2,0,7
25.472,56.801,2023,6,3,16,2,0,7
25.476,56.641,2023,6,3,16,2,0,7
25.475,56.563,2023,6,3,17,2,0,7
25.48,56.514,2023,6,3,17,2,0,7
25.493,56.556,2023,6,3,17,2,0,7
25.499,56.567,2023,6,3,17,2,0,7
25.508,56.668,2023,6,3,17,2,0,7
25.52,56.602,2023,6,3,17,2,0,7
25.535,56.561,2023,6,3,17,2,0,7
25.545,56.556,2023,6,3,17,2,0,7
25.553,56.563,2023,6,3,17,2,0,7
25.555,56.556,2023,6,3,17,2,0,7
25.555,56.597,2023,6,3,17,2,0,7
25.56,56.641,2023,6,3,17,2,0,7
25.574,56.676,2023,6,3,17,2,0,7
25.583,56.572,2023,6,3,17,2,0,7
25.585,56.556,2023,6,3,17,2,0,7
25.58,56.655,2023,6,3,17,2,0,7
25.576,56.676,2023,6,3,17,2,0,7
25.575,56.604,2023,6,3,17,2,0,7
25.563,56.492,2023,6,3,17,2,0,7
25.553,56.477,2023,6,3,17,2,0,7
25.547,56.372,2023,6,3,17,2,0,7
25.531,56.328,2023,6,3,17,2,0,7
25.517,56.327,2023,6,3,17,2,0,7
25.509,56.309,2023,6,3,17,2,0,7
25.5,56.178,2023,6,3,17,2,0,7
25.493,56.124,2023,6,3,17,2,0,7
25.492,56.116,2023,6,3,17,2,0,7
25.495,55.952,2023,6,3,17,2,0,7
25.494,55.762,2023,6,3,17,2,0,7
25.501,55.698,2023,6,3,17,2,0,7
25.497,55.472,2023,6,3,18,2,0,7
25.493,55.597,2023,6,3,18,2,0,7
25.496,55.594,2023,6,3,18,2,0,7
25.506,55.755,2023,6,3,18,2,0,7
25.525,55.789,2023,6,3,18,2,0,7
25.549,55.799,2023,6,3,18,2,0,7
25.565,55.717,2023,6,3,18,2,0,7
25.562,55.648,2023,6,3,18,2,0,7
25.555,55.776,2023,6,3,18,2,0,7
25.553,55.848,2023,6,3,18,2,0,7
25.56,55.865,2023,6,3,18,2,0,7
25.568,55.712,2023,6,3,18,2,0,7
25.576,55.676,2023,6,3,18,2,0,7
25.579,55.589,2023,6,3,18,2,0,7
25.569,55.49,2023,6,3,18,2,0,7
25.56,55.669,2023,6,3,18,2,0,7
25.563,55.723,2023,6,3,18,2,0,7
25.568,55.674,2023,6,3,18,2,0,7
25.581,55.669,2023,6,3,18,2,0,7
25.588,55.549,2023,6,3,18,2,0,7
25.585,55.298,2023,6,3,18,2,0,7
25.589,55.043,2023,6,3,18,2,0,7
25.595,54.942,2023,6,3,18,2,0,7
25.598,54.836,2023,6,3,18,2,0,7
25.605,54.707,2023,6,3,18,2,0,7
25.604,54.73,2023,6,3,18,2,0,7
25.598,54.736,2023,6,3,18,2,0,7
25.591,54.949,2023,6,3,18,2,0,7
25.59,54.858,2023,6,3,18,2,0,7
25.585,54.93,2023,6,3,18,2,0,7
25.567,55.164,2023,6,3,19,2,0,7
25.548,54.902,2023,6,3,19,2,0,7
25.53,54.74,2023,6,3,19,2,0,7
25.516,54.8,2023,6,3,19,2,0,7
25.517,55.067,2023,6,3,19,2,0,7
25.513,55.105,2023,6,3,19,2,0,7
25.513,55.121,2023,6,3,19,2,0,7
25.513,55.059,2023,6,3,19,2,0,7
25.509,55.014,2023,6,3,19,2,0,7
25.506,55.054,2023,6,3,19,2,0,7
25.498,55.033,2023,6,3,19,2,0,7
25.499,55.356,2023,6,3,19,2,0,7
25.494,55.57,2023,6,3,19,2,0,7
25.486,55.71,2023,6,3,19,2,0,7
25.48,55.67,2023,6,3,19,2,0,7
25.475,55.505,2023,6,3,19,2,0,7
25.469,55.502,2023,6,3,19,2,0,7
25.466,55.535,2023,6,3,19,2,0,7
25.469,55.595,2023,6,3,19,2,0,7
25.471,55.649,2023,6,3,19,2,0,7
25.468,55.498,2023,6,3,19,2,0,7
25.468,55.514,2023,6,3,19,2,0,7
25.47,55.596,2023,6,3,19,2,0,7
25.479,55.637,2023,6,3,19,2,0,7
25.475,55.508,2023,6,3,19,2,0,7
25.459,55.81,2023,6,3,19,2,0,7
25.436,56.091,2023,6,3,19,2,0,7
25.424,56.412,2023,6,3,19,2,0,7
25.412,56.874,2023,6,3,19,2,0,7
25.371,57.686,2023,6,3,19,2,0,7
25.308,58.295,2023,6,3,20,2,0,7
25.24,58.472,2023,6,3,20,2,0,7
25.208,58.521,2023,6,3,20,2,0,7
25.187,58.708,2023,6,3,20,2,0,7
25.172,58.864,2023,6,3,20,2,0,7
25.169,58.862,2023,6,3,20,2,0,7
25.166,59.126,2023,6,3,20,2,0,7
25.159,59.271,2023,6,3,20,2,0,7
25.149,59.437,2023,6,3,20,2,0,7
25.139,59.526,2023,6,3,20,2,0,7
25.136,59.568,2023,6,3,20,2,0,7
25.141,59.624,2023,6,3,20,2,0,7
25.141,59.566,2023,6,3,20,2,0,7
25.146,59.628,2023,6,3,20,2,0,7
25.147,59.55,2023,6,3,20,2,0,7
25.148,59.578,2023,6,3,20,2,0,7
25.159,59.592,2023,6,3,20,2,0,7
25.167,59.559,2023,6,3,20,2,0,7
25.172,59.616,2023,6,3,20,2,0,7
25.178,59.677,2023,6,3,20,2,0,7
25.182,59.526,2023,6,3,20,2,0,7
25.179,59.475,2023,6,3,20,2,0,7
25.176,59.474,2023,6,3,20,2,0,7
25.169,59.502,2023,6,3,20,2,0,7
25.167,59.64,2023,6,3,20,2,0,7
25.159,59.721,2023,6,3,20,2,0,7
25.152,59.693,2023,6,3,20,2,0,7
25.157,59.789,2023,6,3,20,2,0,7
25.165,59.664,2023,6,3,20,2,0,7
25.173,59.688,2023,6,3,20,2,0,7
25.176,59.809,2023,6,3,21,2,0,7
25.177,59.773,2023,6,3,21,2,0,7
25.182,59.637,2023,6,3,21,2,0,7
25.184,59.492,2023,6,3,21,2,0,7
25.184,59.474,2023,6,3,21,2,0,7
25.177,59.38,2023,6,3,21,2,0,7
25.159,59.262,2023,6,3,21,2,0,7
25.15,59.337,2023,6,3,21,2,0,7
25.147,59.354,2023,6,3,21,2,0,7
25.147,59.368,2023,6,3,21,2,0,7
25.146,59.298,2023,6,3,21,2,0,7
25.149,59.291,2023,6,3,21,2,0,7
25.148,59.315,2023,6,3,21,2,0,7
25.145,59.247,2023,6,3,21,2,0,7
25.138,59.381,2023,6,3,21,2,0,7
25.141,58.709,2023,6,3,21,2,0,7
25.183,58.424,2023,6,3,21,2,0,7
25.263,58.459,2023,6,3,21,2,0,7
25.307,58.861,2023,6,3,21,2,0,7
25.265,59.167,2023,6,3,21,2,0,7
25.153,59.57,2023,6,3,21,2,0,7
25.042,59.922,2023,6,3,21,2,0,7
24.934,60.077,2023,6,3,21,2,0,7
24.861,60.476,2023,6,3,21,2,0,7
24.793,60.644,2023,6,3,21,2,0,7
24.708,60.714,2023,6,3,21,2,0,7
24.634,60.919,2023,6,3,21,2,0,7
24.573,61.177,2023,6,3,21,2,0,7
24.508,61.421,2023,6,3,21,2,0,7
24.456,61.606,2023,6,3,21,2,0,8
24.408,61.707,2023,6,3,22,2,0,8
24.359,61.88,2023,6,3,22,2,0,8
24.323,61.937,2023,6,3,22,2,0,8
24.284,62.14,2023,6,3,22,2,0,8
24.232,62.276,2023,6,3,22,2,0,8
24.201,62.38,2023,6,3,22,2,0,8
24.168,62.375,2023,6,3,22,2,0,8
24.156,62.542,2023,6,3,22,2,0,8
24.117,62.756,2023,6,3,22,2,0,8
24.052,63.169,2023,6,3,22,2,0,8
23.954,63.73,2023,6,3,22,2,0,8
23.882,64.177,2023,6,3,22,2,0,8
23.827,64.85,2023,6,3,22,2,0,7
23.733,65.571,2023,6,3,22,2,0,7
23.648,66.103,2023,6,3,22,2,0,7
23.582,66.628,2023,6,3,22,2,0,7
23.535,66.883,2023,6,3,22,2,0,7
23.508,67.316,2023,6,3,22,2,0,7
23.492,67.535,2023,6,3,22,2,0,7
23.492,67.685,2023,6,3,22,2,0,7
23.504,67.73,2023,6,3,22,2,0,7
23.522,67.829,2023,6,3,22,2,0,7
23.529,67.779,2023,6,3,22,2,0,7
23.547,67.635,2023,6,3,22,2,0,7
23.577,67.683,2023,6,3,22,2,0,7
23.606,67.852,2023,6,3,22,2,0,7
23.625,67.938,2023,6,3,22,2,0,7
23.635,68.028,2023,6,3,22,2,0,7
23.647,68.096,2023,6,3,22,2,0,7
23.653,68.337,2023,6,3,22,2,0,7
23.645,68.466,2023,6,3,23,2,0,7
23.643,68.101,2023,6,3,23,2,0,7
23.657,67.856,2023,6,3,23,2,0,7
23.705,67.923,2023,6,3,23,2,0,7
23.758,67.917,2023,6,3,23,2,0,7
23.814,68.282,2023,6,3,23,2,0,7
23.859,68.19,2023,6,3,23,2,0,7
23.904,67.816,2023,6,3,23,2,0,7
23.945,67.679,2023,6,3,23,2,0,7
23.989,67.522,2023,6,3,23,2,0,7
24.031,67.447,2023,6,3,23,2,0,7
24.067,67.194,2023,6,3,23,2,0,7
24.103,66.806,2023,6,3,23,2,0,7
24.131,66.721,2023,6,3,23,2,0,7
24.148,66.465,2023,6,3,23,2,0,7
24.158,66.231,2023,6,3,23,2,0,7
24.166,66.172,2023,6,3,23,2,0,7
24.169,66.007,2023,6,3,23,2,0,7
24.174,66.075,2023,6,3,23,2,0,7
24.175,65.904,2023,6,3,23,2,0,7
24.179,65.768,2023,6,3,23,2,0,7
24.182,65.813,2023,6,3,23,2,0,7
24.19,65.865,2023,6,3,23,2,0,7
24.193,65.759,2023,6,3,23,2,0,7
24.192,65.786,2023,6,3,23,2,0,7
24.194,65.705,2023,6,3,23,2,0,7
24.2,65.694,2023,6,3,23,2,0,7
24.198,65.419,2023,6,3,23,2,0,7
24.183,65.164,2023,6,3,23,2,0,7
24.167,64.936,2023,6,3,23,2,0,7
24.154,64.799,2023,6,4,0,2,0,7
24.139,64.514,2023,6,4,0,2,0,7
24.119,64.207,2023,6,4,0,2,0,7
24.097,64.044,2023,6,4,0,2,0,7
24.079,64.042,2023,6,4,0,2,0,7
24.06,64.005,2023,6,4,0,2,0,7
24.047,63.981,2023,6,4,0,2,0,7
24.031,63.975,2023,6,4,0,2,0,7
24.018,63.804,2023,6,4,0,2,0,7
23.996,63.757,2023,6,4,0,2,0,8
23.971,63.798,2023,6,4,0,2,0,8
23.948,63.97,2023,6,4,0,2,0,8
23.938,64.008,2023,6,4,0,2,0,8
23.935,63.951,2023,6,4,0,2,0,8
23.928,63.866,2023,6,4,0,2,0,8
23.923,63.863,2023,6,4,0,2,0,8
23.909,63.826,2023,6,4,0,2,0,8
23.899,63.931,2023,6,4,0,2,0,8
23.894,63.81,2023,6,4,0,2,0,8
23.886,63.929,2023,6,4,0,2,0,8
23.877,63.917,2023,6,4,0,2,0,8
23.869,63.772,2023,6,4,0,2,0,8
23.858,63.793,2023,6,4,0,2,0,8
23.849,63.691,2023,6,4,0,2,0,8
23.841,63.748,2023,6,4,0,2,0,8
23.834,63.845,2023,6,4,0,2,0,8
23.823,63.869,2023,6,4,0,2,0,8
23.811,63.801,2023,6,4,0,2,0,8
23.794,63.924,2023,6,4,0,2,0,8
23.784,63.822,2023,6,4,1,2,0,8
23.778,63.948,2023,6,4,1,2,0,8
23.776,63.926,2023,6,4,1,2,0,8
23.775,63.924,2023,6,4,1,2,0,8
23.773,63.881,2023,6,4,1,2,0,8
23.766,63.815,2023,6,4,1,2,0,8
23.758,63.673,2023,6,4,1,2,0,8
23.75,63.6,2023,6,4,1,2,0,8
23.745,63.492,2023,6,4,1,2,0,8
23.739,63.598,2023,6,4,1,2,0,8
23.731,63.434,2023,6,4,1,2,0,8
23.716,63.325,2023,6,4,1,2,0,8
23.7,63.289,2023,6,4,1,2,0,8
23.69,63.279,2023,6,4,1,2,0,8
23.685,63.362,2023,6,4,1,2,0,8
23.683,63.355,2023,6,4,1,2,0,8
23.678,63.263,2023,6,4,1,2,0,8
23.672,63.341,2023,6,4,1,2,0,8
23.664,63.439,2023,6,4,1,2,0,8
23.654,63.42,2023,6,4,1,2,0,8
23.648,63.391,2023,6,4,1,2,0,8
23.644,63.424,2023,6,4,1,2,0,8
23.644,63.432,2023,6,4,1,2,0,8
23.645,63.52,2023,6,4,1,2,0,8
23.648,63.499,2023,6,4,1,2,0,8
23.646,63.371,2023,6,4,1,2,0,8
23.646,63.284,2023,6,4,1,2,0,8
23.64,63.181,2023,6,4,1,2,0,8
23.627,63.106,2023,6,4,1,2,0,8
23.617,62.945,2023,6,4,1,2,0,8
23.606,62.815,2023,6,4,2,2,0,8
23.592,62.317,2023,6,4,2,2,0,8
23.569,61.923,2023,6,4,2,2,0,8
23.54,61.76,2023,6,4,2,2,0,8
23.516,61.57,2023,6,4,2,2,0,8
23.497,61.493,2023,6,4,2,2,0,8
23.481,61.422,2023,6,4,2,2,0,8
23.467,61.453,2023,6,4,2,2,0,8
23.461,61.467,2023,6,4,2,2,0,8
23.455,61.484,2023,6,4,2,2,0,8
23.444,61.484,2023,6,4,2,2,0,8
23.432,61.443,2023,6,4,2,2,0,8
23.422,61.429,2023,6,4,2,2,0,8
23.415,61.22,2023,6,4,2,2,0,9
23.403,61.031,2023,6,4,2,2,0,9
23.391,60.962,2023,6,4,2,2,0,9
23.38,60.884,2023,6,4,2,2,0,9
23.371,60.861,2023,6,4,2,2,0,9
23.355,60.634,2023,6,4,2,2,0,9
23.339,60.422,2023,6,4,2,2,0,9
23.319,60.09,2023,6,4,2,2,0,9
23.306,59.829,2023,6,4,2,2,0,9
23.287,59.636,2023,6,4,2,2,0,9
23.274,59.324,2023,6,4,2,2,0,9
23.256,59.143,2023,6,4,2,2,0,9
23.237,59.018,2023,6,4,2,2,0,9
23.224,58.777,2023,6,4,2,2,0,9
23.203,58.72,2023,6,4,2,2,0,9
23.189,58.613,2023,6,4,2,2,0,9
23.172,58.677,2023,6,4,2,2,0,9
23.165,58.699,2023,6,4,3,2,0,9
23.159,58.702,2023,6,4,3,2,0,9
23.153,58.702,2023,6,4,3,2,0,9
23.146,58.71,2023,6,4,3,2,0,9
23.136,58.875,2023,6,4,3,2,0,9
23.13,59.047,2023,6,4,3,2,0,9
23.129,59.086,2023,6,4,3,2,0,9
23.126,59.19,2023,6,4,3,2,0,9
23.128,59.388,2023,6,4,3,2,0,9
23.128,59.465,2023,6,4,3,2,0,9
23.126,59.426,2023,6,4,3,2,0,9
23.124,59.47,2023,6,4,3,2,0,9
23.127,59.475,2023,6,4,3,2,0,9
23.127,59.48,2023,6,4,3,2,0,9
23.127,59.54,2023,6,4,3,2,0,9
23.126,59.483,2023,6,4,3,2,0,9
23.124,59.476,2023,6,4,3,2,0,9
23.124,59.475,2023,6,4,3,2,0,9
23.119,59.476,2023,6,4,3,2,0,9
23.117,59.466,2023,6,4,3,2,0,9
23.113,59.395,2023,6,4,3,2,0,9
23.111,59.46,2023,6,4,3,2,0,9
23.106,59.454,2023,6,4,3,2,0,9
23.107,59.475,2023,6,4,3,2,0,9
23.102,59.479,2023,6,4,3,2,0,9
23.097,59.477,2023,6,4,3,2,0,9
23.092,59.538,2023,6,4,3,2,0,9
23.088,59.569,2023,6,4,3,2,0,9
23.085,59.627,2023,6,4,3,2,0,9
23.086,59.578,2023,6,4,3,2,0,9
23.082,59.495,2023,6,4,4,2,0,9
23.077,59.494,2023,6,4,4,2,0,9
23.063,59.519,2023,6,4,4,2,0,9
23.064,59.591,2023,6,4,4,2,0,9
23.063,59.499,2023,6,4,4,2,0,9
23.052,59.483,2023,6,4,4,2,0,9
23.044,59.466,2023,6,4,4,2,0,9
23.036,59.296,2023,6,4,4,2,0,9
23.029,59.226,2023,6,4,4,2,0,9
23.016,59.303,2023,6,4,4,2,0,9
23.009,59.413,2023,6,4,4,2,0,9
23.004,59.478,2023,6,4,4,2,0,9
23.0,59.59,2023,6,4,4,2,0,9
22.997,59.614,2023,6,4,4,2,0,9
22.992,59.704,2023,6,4,4,2,0,9
22.991,59.769,2023,6,4,4,2,0,9
22.984,59.793,2023,6,4,4,2,0,9
22.979,59.679,2023,6,4,4,2,0,9
22.976,59.626,2023,6,4,4,2,0,9
22.973,59.6,2023,6,4,4,2,0,9
22.963,59.588,2023,6,4,4,2,0,9
22.95,59.683,2023,6,4,4,2,0,9
22.941,59.667,2023,6,4,4,2,0,9
22.937,59.715,2023,6,4,4,2,0,9
22.934,59.819,2023,6,4,4,2,0,9
22.929,59.861,2023,6,4,4,2,0,9
22.927,59.881,2023,6,4,4,2,0,9
22.918,59.813,2023,6,4,4,2,0,9
22.912,59.694,2023,6,4,4,2,0,9
22.901,59.627,2023,6,4,4,2,0,9
22.893,59.615,2023,6,4,5,2,0,9
22.887,59.595,2023,6,4,5,2,0,9
22.872,59.588,2023,6,4,5,2,0,9
22.863,59.599,2023,6,4,5,2,0,9
22.856,59.664,2023,6,4,5,2,0,9
22.853,59.733,2023,6,4,5,2,0,9
22.851,59.784,2023,6,4,5,2,0,9
22.847,59.842,2023,6,4,5,2,0,9
22.838,59.823,2023,6,4,5,2,0,9
22.832,59.851,2023,6,4,5,2,0,9
22.831,59.945,2023,6,4,5,2,0,9
22.829,59.972,2023,6,4,5,2,0,9
22.825,60.042,2023,6,4,5,2,0,9
22.823,60.058,2023,6,4,5,2,0,9
22.822,60.093,2023,6,4,5,2,0,9
22.821,60.122,2023,6,4,5,2,0,9
22.817,60.107,2023,6,4,5,2,0,9
22.816,60.092,2023,6,4,5,2,0,9
22.817,60.034,2023,6,4,5,2,0,9
22.816,59.984,2023,6,4,5,2,0,9
22.815,59.942,2023,6,4,5,2,0,9
22.805,59.859,2023,6,4,5,2,0,9
22.804,59.889,2023,6,4,5,2,0,9
22.801,59.893,2023,6,4,5,2,0,9
22.798,59.887,2023,6,4,5,2,0,9
22.794,59.889,2023,6,4,5,2,0,9
22.79,59.874,2023,6,4,5,2,0,9
22.79,59.851,2023,6,4,5,2,0,9
22.787,59.81,2023,6,4,5,2,0,9
22.782,59.735,2023,6,4,5,2,0,9
22.775,59.71,2023,6,4,6,2,0,9
22.77,59.715,2023,6,4,6,2,0,9
22.768,59.762,2023,6,4,6,2,0,9
22.765,59.689,2023,6,4,6,2,0,9
22.762,59.684,2023,6,4,6,2,0,9
22.762,59.616,2023,6,4,6,2,0,9
22.759,59.535,2023,6,4,6,2,0,9
22.756,59.561,2023,6,4,6,2,0,9
22.753,59.544,2023,6,4,6,2,0,9
22.749,59.498,2023,6,4,6,2,0,9
22.738,59.453,2023,6,4,6,2,0,9
22.728,59.354,2023,6,4,6,2,0,9
22.719,59.394,2023,6,4,6,2,0,9
22.712,59.492,2023,6,4,6,2,0,9
22.703,59.529,2023,6,4,6,2,0,9
22.687,59.507,2023,6,4,6,2,0,9
22.677,59.588,2023,6,4,6,2,0,9
22.668,59.477,2023,6,4,6,2,0,9
22.656,59.597,2023,6,4,6,2,0,9
22.642,59.603,2023,6,4,6,2,0,9
22.631,59.715,2023,6,4,6,2,0,9
22.628,59.773,2023,6,4,6,2,0,9
22.626,59.753,2023,6,4,6,2,0,9
22.625,59.698,2023,6,4,6,2,0,9
22.609,59.633,2023,6,4,6,2,0,9
22.601,59.751,2023,6,4,6,2,0,9
22.597,59.68,2023,6,4,6,2,0,9
22.596,59.842,2023,6,4,6,2,0,9
22.595,59.821,2023,6,4,6,2,0,9
22.593,59.774,2023,6,4,6,2,0,9
22.592,59.635,2023,6,4,7,2,0,9
22.59,59.627,2023,6,4,7,2,0,9
22.585,59.527,2023,6,4,7,2,0,9
22.579,59.277,2023,6,4,7,2,0,9
22.578,59.352,2023,6,4,7,2,0,9
22.576,59.399,2023,6,4,7,2,0,9
22.583,59.329,2023,6,4,7,2,0,9
22.584,59.15,2023,6,4,7,2,0,9
22.582,59.079,2023,6,4,7,2,0,9
22.576,59.067,2023,6,4,7,2,0,9
22.574,59.036,2023,6,4,7,2,0,9
22.572,58.983,2023,6,4,7,2,0,9
22.572,58.987,2023,6,4,7,2,0,9
22.571,58.991,2023,6,4,7,2,0,9
22.575,58.972,2023,6,4,7,2,0,9
22.574,58.891,2023,6,4,7,2,0,9
22.57,58.898,2023,6,4,7,2,0,9
22.562,58.861,2023,6,4,7,2,0,9
22.555,58.899,2023,6,4,7,2,0,10
22.549,58.851,2023,6,4,7,2,0,10
22.542,58.658,2023,6,4,7,2,0,10
22.547,58.611,2023,6,4,7,2,0,10
22.541,58.624,2023,6,4,7,2,0,10
22.541,58.522,2023,6,4,7,2,0,10
22.536,58.568,2023,6,4,7,2,0,10
22.536,58.632,2023,6,4,7,2,0,10
22.538,58.608,2023,6,4,7,2,0,10
22.544,58.424,2023,6,4,7,2,0,10
22.553,58.277,2023,6,4,7,2,0,10
22.563,58.03,2023,6,4,7,2,0,9
22.564,57.868,2023,6,4,8,2,0,9
22.571,57.801,2023,6,4,8,2,0,9
22.571,57.593,2023,6,4,8,2,0,9
22.571,57.65,2023,6,4,8,2,0,9
22.576,57.573,2023,6,4,8,2,0,9
22.577,57.413,2023,6,4,8,2,0,9
22.581,57.262,2023,6,4,8,2,0,9
22.598,57.35,2023,6,4,8,2,0,9
22.619,57.425,2023,6,4,8,2,0,9
22.638,57.233,2023,6,4,8,2,0,9
22.656,57.115,2023,6,4,8,2,0,9
22.668,56.797,2023,6,4,8,2,0,9
22.69,56.638,2023,6,4,8,2,0,9
22.714,56.29,2023,6,4,8,2,0,9
22.732,56.251,2023,6,4,8,2,0,9
22.748,56.303,2023,6,4,8,2,0,9
22.776,56.123,2023,6,4,8,2,0,9
22.803,56.105,2023,6,4,8,2,0,9
22.828,56.136,2023,6,4,8,2,0,9
22.861,56.194,2023,6,4,8,2,0,9
22.894,56.192,2023,6,4,8,2,0,9
22.924,56.072,2023,6,4,8,2,0,9
22.951,56.088,2023,6,4,8,2,0,9
22.983,55.969,2023,6,4,8,2,0,9
23.02,55.796,2023,6,4,8,2,0,9
23.069,55.696,2023,6,4,8,2,0,9
23.098,55.677,2023,6,4,8,2,0,9
23.119,55.861,2023,6,4,8,2,0,9
23.143,55.93,2023,6,4,8,2,0,9
23.154,55.592,2023,6,4,8,2,0,9
23.163,55.308,2023,6,4,9,2,0,9
23.175,54.723,2023,6,4,9,2,0,9
23.189,54.462,2023,6,4,9,2,0,9
23.201,54.158,2023,6,4,9,2,0,9
23.213,53.92,2023,6,4,9,2,0,9
23.229,53.721,2023,6,4,9,2,0,9
23.248,53.653,2023,6,4,9,2,0,9
23.272,53.478,2023,6,4,9,2,0,9
23.291,53.576,2023,6,4,9,2,0,9
23.308,53.371,2023,6,4,9,2,0,9
23.328,53.241,2023,6,4,9,2,0,9
23.336,53.051,2023,6,4,9,2,0,9
23.327,53.014,2023,6,4,9,2,0,9
23.327,52.934,2023,6,4,9,2,0,9
23.33,52.489,2023,6,4,9,2,0,9
23.347,52.343,2023,6,4,9,2,0,9
23.373,52.295,2023,6,4,9,2,0,9
23.399,52.022,2023,6,4,9,2,0,9
23.429,51.759,2023,6,4,9,2,0,9
23.46,51.388,2023,6,4,9,2,0,9
23.484,51.412,2023,6,4,9,2,0,9
23.517,51.381,2023,6,4,9,2,0,9
23.545,51.476,2023,6,4,9,2,0,9
23.571,51.484,2023,6,4,9,2,0,9
23.602,50.991,2023,6,4,9,2,0,9
23.64,50.31,2023,6,4,9,2,0,9
23.672,49.763,2023,6,4,9,2,0,8
23.698,48.794,2023,6,4,9,2,0,8
23.723,47.862,2023,6,4,9,2,0,8
23.744,47.375,2023,6,4,9,2,0,8
23.771,47.321,2023,6,4,10,2,0,8
23.794,47.067,2023,6,4,10,2,0,8
23.831,46.712,2023,6,4,10,2,0,8
23.859,46.813,2023,6,4,10,2,0,8
23.885,46.934,2023,6,4,10,2,0,8
23.912,46.757,2023,6,4,10,2,0,8
23.934,46.663,2023,6,4,10,2,0,8
23.964,46.835,2023,6,4,10,2,0,8
23.991,47.159,2023,6,4,10,2,0,8
24.02,47.268,2023,6,4,10,2,0,8
24.053,47.327,2023,6,4,10,2,0,8
24.084,47.48,2023,6,4,10,2,0,8
24.112,47.258,2023,6,4,10,2,0,8
24.123,47.335,2023,6,4,10,2,0,8
24.143,47.443,2023,6,4,10,2,0,8
24.166,47.363,2023,6,4,10,2,0,8
24.19,47.124,2023,6,4,10,2,0,8
24.208,47.304,2023,6,4,10,2,0,8
24.235,47.14,2023,6,4,10,2,0,8
24.255,46.988,2023,6,4,10,2,0,8
24.267,47.019,2023,6,4,10,2,0,8
24.281,47.073,2023,6,4,10,2,0,8
24.3,46.901,2023,6,4,10,2,0,8
24.312,46.805,2023,6,4,10,2,0,8
24.323,46.561,2023,6,4,10,2,0,8
24.333,46.458,2023,6,4,10,2,0,8
24.348,46.058,2023,6,4,10,2,0,8
24.364,46.04,2023,6,4,10,2,0,8
24.387,45.983,2023,6,4,10,2,0,8
24.409,45.856,2023,6,4,10,2,0,8
24.425,45.476,2023,6,4,11,2,0,8
24.453,45.493,2023,6,4,11,2,0,8
24.467,45.567,2023,6,4,11,2,0,8
24.467,45.358,2023,6,4,11,2,0,8
24.473,45.285,2023,6,4,11,2,0,8
24.495,45.382,2023,6,4,11,2,0,8
24.526,45.466,2023,6,4,11,2,0,8
24.541,45.426,2023,6,4,11,2,0,8
24.527,45.41,2023,6,4,11,2,0,8
24.505,45.315,2023,6,4,11,2,0,8
24.479,45.07,2023,6,4,11,2,0,8
24.464,44.723,2023,6,4,11,2,0,8
24.459,44.665,2023,6,4,11,2,0,8
24.459,44.541,2023,6,4,11,2,0,8
24.464,44.544,2023,6,4,11,2,0,8
24.482,44.566,2023,6,4,11,2,0,8
24.496,44.582,2023,6,4,11,2,0,8
24.518,44.527,2023,6,4,11,2,0,8
24.538,44.132,2023,6,4,11,2,0,8
24.552,43.665,2023,6,4,11,2,0,8
24.569,43.336,2023,6,4,11,2,0,8
24.576,43.083,2023,6,4,11,2,0,8
24.59,43.051,2023,6,4,11,2,0,8
24.587,43.147,2023,6,4,11,2,0,8
24.582,43.108,2023,6,4,11,2,0,8
24.562,43.415,2023,6,4,11,2,0,8
24.532,43.454,2023,6,4,11,2,0,8
24.523,43.599,2023,6,4,11,2,0,8
24.517,43.686,2023,6,4,11,2,0,8
24.513,43.65,2023,6,4,11,2,0,8
24.517,43.858,2023,6,4,12,2,0,8
24.53,43.885,2023,6,4,12,2,0,8
24.543,43.795,2023,6,4,12,2,0,8
24.549,43.728,2023,6,4,12,2,0,8
24.556,43.846,2023,6,4,12,2,0,8
24.571,43.728,2023,6,4,12,2,0,8
24.582,43.5,2023,6,4,12,2,0,8
24.59,43.291,2023,6,4,12,2,0,8
24.602,43.268,2023,6,4,12,2,0,8
24.613,43.198,2023,6,4,12,2,0,8
24.625,43.145,2023,6,4,12,2,0,8
24.641,42.957,2023,6,4,12,2,0,8
24.651,42.79,2023,6,4,12,2,0,8
24.673,42.74,2023,6,4,12,2,0,8
24.681,42.51,2023,6,4,12,2,0,8
24.684,42.322,2023,6,4,12,2,0,8
24.682,42.191,2023,6,4,12,2,0,8
24.679,42.264,2023,6,4,12,2,0,8
24.688,42.328,2023,6,4,12,2,0,8
24.696,42.558,2023,6,4,12,2,0,8
24.71,42.506,2023,6,4,12,2,0,8
24.719,42.582,2023,6,4,12,2,0,8
24.729,42.493,2023,6,4,12,2,0,8
24.744,42.268,2023,6,4,12,2,0,8
24.75,42.001,2023,6,4,12,2,0,8
24.753,41.831,2023,6,4,12,2,0,8
24.753,41.99,2023,6,4,12,2,0,8
24.763,41.847,2023,6,4,12,2,0,8
24.772,41.832,2023,6,4,12,2,0,8
24.779,41.653,2023,6,4,12,2,0,7
24.782,41.396,2023,6,4,13,2,0,7
24.788,41.288,2023,6,4,13,2,0,7
24.787,41.154,2023,6,4,13,2,0,7
24.786,41.068,2023,6,4,13,2,0,7
24.785,40.902,2023,6,4,13,2,0,7
24.787,41.385,2023,6,4,13,2,0,7
24.788,41.203,2023,6,4,13,2,0,7
24.794,41.073,2023,6,4,13,2,0,7
24.815,41.419,2023,6,4,13,2,0,7
24.836,41.541,2023,6,4,13,2,0,7
24.84,41.284,2023,6,4,13,2,0,7
24.833,41.567,2023,6,4,13,2,0,7
24.825,41.86,2023,6,4,13,2,0,7
24.801,41.928,2023,6,4,13,2,0,7
24.779,42.096,2023,6,4,13,2,0,7
24.763,42.225,2023,6,4,13,2,0,8
24.742,42.244,2023,6,4,13,2,0,8
24.73,42.23,2023,6,4,13,2,0,8
24.726,42.262,2023,6,4,13,2,0,8
24.729,42.379,2023,6,4,13,2,0,8
24.735,42.22,2023,6,4,13,2,0,8
24.738,42.294,2023,6,4,13,2,0,8
24.747,42.513,2023,6,4,13,2,0,8
24.765,42.413,2023,6,4,13,2,0,8
24.773,42.21,2023,6,4,13,2,0,8
24.783,42.134,2023,6,4,13,2,0,7
24.78,41.263,2023,6,4,13,2,0,7
24.754,41.399,2023,6,4,13,2,0,8
24.741,41.769,2023,6,4,13,2,0,8
24.737,42.115,2023,6,4,14,2,0,8
24.72,42.138,2023,6,4,14,2,0,8
24.706,41.816,2023,6,4,14,2,0,8
24.696,41.576,2023,6,4,14,2,0,8
24.687,41.669,2023,6,4,14,2,0,8
24.678,41.607,2023,6,4,14,2,0,8
24.667,41.721,2023,6,4,14,2,0,8
24.667,41.696,2023,6,4,14,2,0,8
24.669,41.755,2023,6,4,14,2,0,8
24.673,41.574,2023,6,4,14,2,0,8
24.673,41.545,2023,6,4,14,2,0,8
24.673,41.442,2023,6,4,14,2,0,8
24.673,41.538,2023,6,4,14,2,0,8
24.673,41.554,2023,6,4,14,2,0,8
24.672,41.61,2023,6,4,14,2,0,8
24.672,41.771,2023,6,4,14,2,0,8
24.676,41.81,2023,6,4,14,2,0,8
24.677,41.726,2023,6,4,14,2,0,8
24.672,41.686,2023,6,4,14,2,0,8
24.673,42.083,2023,6,4,14,2,0,8
24.673,42.065,2023,6,4,14,2,0,8
24.674,42.016,2023,6,4,14,2,0,8
24.675,41.975,2023,6,4,14,2,0,8
24.682,42.057,2023,6,4,14,2,0,8
24.693,42.101,2023,6,4,14,2,0,8
24.704,42.355,2023,6,4,14,2,0,8
24.691,42.018,2023,6,4,14,2,0,8
24.685,41.713,2023,6,4,14,2,0,8
24.676,41.517,2023,6,4,14,2,0,8
24.659,41.462,2023,6,4,14,2,0,8
24.63,41.364,2023,6,4,15,2,0,8
24.598,41.214,2023,6,4,15,2,0,8
24.578,41.427,2023,6,4,15,2,0,8
24.559,41.635,2023,6,4,15,2,0,8
24.552,41.788,2023,6,4,15,2,0,8
24.549,41.883,2023,6,4,15,2,0,8
24.555,41.832,2023,6,4,15,2,0,8
24.549,41.533,2023,6,4,15,2,0,8
24.538,41.671,2023,6,4,15,2,0,8
24.531,41.89,2023,6,4,15,2,0,8
24.529,41.91,2023,6,4,15,2,0,8
24.533,42.123,2023,6,4,15,2,0,8
24.544,42.12,2023,6,4,15,2,0,8
24.563,42.249,2023,6,4,15,2,0,8
24.573,41.903,2023,6,4,15,2,0,8
24.578,42.115,2023,6,4,15,2,0,8
24.586,42.246,2023,6,4,15,2,0,8
24.597,42.56,2023,6,4,15,2,0,8
24.607,42.586,2023,6,4,15,2,0,8
24.612,42.594,2023,6,4,15,2,0,8
24.616,42.494,2023,6,4,15,2,0,8
24.613,42.599,2023,6,4,15,2,0,8
24.603,42.698,2023,6,4,15,2,0,8
24.593,42.739,2023,6,4,15,2,0,8
24.605,43.019,2023,6,4,15,2,0,8
24.626,43.118,2023,6,4,15,2,0,8
24.643,43.006,2023,6,4,15,2,0,8
24.648,42.876,2023,6,4,15,2,0,8
24.647,42.81,2023,6,4,15,2,0,8
24.636,42.771,2023,6,4,15,2,0,8
24.626,43.055,2023,6,4,16,2,0,8
24.633,42.927,2023,6,4,16,2,0,8
24.628,42.676,2023,6,4,16,2,0,8
24.626,42.743,2023,6,4,16,2,0,8
24.639,42.708,2023,6,4,16,2,0,8
24.643,42.641,2023,6,4,16,2,0,8
24.648,42.669,2023,6,4,16,2,0,8
24.663,42.848,2023,6,4,16,2,0,8
24.673,42.42,2023,6,4,16,2,0,8
24.661,42.016,2023,6,4,16,2,0,8
24.637,41.988,2023,6,4,16,2,0,8
24.615,41.873,2023,6,4,16,2,0,8
24.597,41.954,2023,6,4,16,2,0,8
24.59,42.097,2023,6,4,16,2,0,8
24.591,42.354,2023,6,4,16,2,0,8
24.598,42.424,2023,6,4,16,2,0,8
24.596,42.277,2023,6,4,16,2,0,8
24.592,42.35,2023,6,4,16,2,0,8
24.599,42.353,2023,6,4,16,2,0,8
24.589,42.04,2023,6,4,16,2,0,8
24.567,42.135,2023,6,4,16,2,0,8
24.555,42.034,2023,6,4,16,2,0,8
24.549,42.386,2023,6,4,16,2,0,8
24.558,42.221,2023,6,4,16,2,0,8
24.566,42.369,2023,6,4,16,2,0,8
24.577,42.503,2023,6,4,16,2,0,8
24.585,42.015,2023,6,4,16,2,0,8
24.581,41.976,2023,6,4,16,2,0,8
24.574,41.743,2023,6,4,16,2,0,8
24.561,41.844,2023,6,4,16,2,0,8
24.555,41.856,2023,6,4,17,2,0,8
24.543,41.983,2023,6,4,17,2,0,8
24.533,41.969,2023,6,4,17,2,0,8
24.526,41.984,2023,6,4,17,2,0,8
24.522,42.191,2023,6,4,17,2,0,8
24.523,42.227,2023,6,4,17,2,0,8
24.515,41.978,2023,6,4,17,2,0,8
24.499,42.085,2023,6,4,17,2,0,8
24.488,42.114,2023,6,4,17,2,0,8
24.478,42.376,2023,6,4,17,2,0,8
24.481,42.349,2023,6,4,17,2,0,8
24.491,42.118,2023,6,4,17,2,0,8
24.496,42.112,2023,6,4,17,2,0,8
24.497,42.212,2023,6,4,17,2,0,8
24.507,42.381,2023,6,4,17,2,0,8
24.53,42.425,2023,6,4,17,2,0,8
24.536,42.358,2023,6,4,17,2,0,8
24.527,42.555,2023,6,4,17,2,0,8
24.511,42.481,2023,6,4,17,2,0,8
24.497,42.661,2023,6,4,17,2,0,8
24.501,42.725,2023,6,4,17,2,0,8
24.51,42.749,2023,6,4,17,2,0,8
24.5,42.882,2023,6,4,17,2,0,8
24.485,42.939,2023,6,4,17,2,0,8
24.466,42.62,2023,6,4,17,2,0,8
24.439,42.683,2023,6,4,17,2,0,8
24.415,42.747,2023,6,4,17,2,0,8
24.398,42.955,2023,6,4,17,2,0,8
24.393,43.034,2023,6,4,17,2,0,8
24.393,43.173,2023,6,4,17,2,0,8
24.409,43.283,2023,6,4,18,2,0,8
24.426,43.261,2023,6,4,18,2,0,8
24.433,43.526,2023,6,4,18,2,0,8
24.446,43.522,2023,6,4,18,2,0,8
24.45,43.593,2023,6,4,18,2,0,8
24.437,43.686,2023,6,4,18,2,0,8
24.423,43.69,2023,6,4,18,2,0,8
24.42,43.739,2023,6,4,18,2,0,8
24.423,43.818,2023,6,4,18,2,0,8
24.422,43.84,2023,6,4,18,2,0,8
24.427,43.897,2023,6,4,18,2,0,8
24.436,43.757,2023,6,4,18,2,0,8
24.437,43.846,2023,6,4,18,2,0,8
24.449,44.374,2023,6,4,18,2,0,8
24.455,44.106,2023,6,4,18,2,0,8
24.455,43.942,2023,6,4,18,2,0,8
24.459,43.753,2023,6,4,18,2,0,8
24.439,43.589,2023,6,4,18,2,0,8
24.391,43.553,2023,6,4,18,2,0,8
24.323,43.531,2023,6,4,18,2,0,8
24.283,44.089,2023,6,4,18,2,0,8
24.269,44.237,2023,6,4,18,2,0,8
24.252,44.339,2023,6,4,18,2,0,8
24.244,44.485,2023,6,4,18,2,0,8
24.242,44.392,2023,6,4,18,2,0,8
24.235,44.344,2023,6,4,18,2,0,8
24.219,44.448,2023,6,4,18,2,0,8
24.198,44.482,2023,6,4,18,2,0,8
24.171,44.544,2023,6,4,18,2,0,8
24.154,44.604,2023,6,4,18,2,0,8
24.149,44.856,2023,6,4,19,2,0,8
24.154,44.71,2023,6,4,19,2,0,8
24.154,44.852,2023,6,4,19,2,0,8
24.143,44.821,2023,6,4,19,2,0,8
24.124,44.855,2023,6,4,19,2,0,8
24.108,44.819,2023,6,4,19,2,0,8
24.097,44.395,2023,6,4,19,2,0,8
24.072,44.149,2023,6,4,19,2,0,8
24.06,44.209,2023,6,4,19,2,0,8
24.05,44.055,2023,6,4,19,2,0,8
24.037,44.23,2023,6,4,19,2,0,8
24.027,44.319,2023,6,4,19,2,0,8
24.021,44.299,2023,6,4,19,2,0,8
24.014,44.416,2023,6,4,19,2,0,8
24.017,44.684,2023,6,4,19,2,0,8
24.012,44.522,2023,6,4,19,2,0,8
24.001,44.478,2023,6,4,19,2,0,8
23.981,44.436,2023,6,4,19,2,0,8
23.968,44.505,2023,6,4,19,2,0,8
23.947,44.743,2023,6,4,19,2,0,8
23.94,44.837,2023,6,4,19,2,0,8
23.935,44.629,2023,6,4,19,2,0,8
23.909,44.519,2023,6,4,19,2,0,8
23.895,44.495,2023,6,4,19,2,0,8
23.878,44.55,2023,6,4,19,2,0,8
23.861,44.804,2023,6,4,19,2,0,8
23.847,44.979,2023,6,4,19,2,0,8
23.829,44.709,2023,6,4,19,2,0,8
23.819,44.601,2023,6,4,19,2,0,8
23.807,44.887,2023,6,4,19,2,0,8
23.812,44.993,2023,6,4,20,2,0,8
23.821,45.11,2023,6,4,20,2,0,8
23.817,45.079,2023,6,4,20,2,0,8
23.813,45.212,2023,6,4,20,2,0,8
23.817,45.159,2023,6,4,20,2,0,8
23.82,45.157,2023,6,4,20,2,0,8
23.818,45.039,2023,6,4,20,2,0,8
23.803,45.049,2023,6,4,20,2,0,8
23.793,45.064,2023,6,4,20,2,0,8
23.785,45.229,2023,6,4,20,2,0,8
23.781,45.38,2023,6,4,20,2,0,8
23.777,45.426,2023,6,4,20,2,0,8
23.773,45.459,2023,6,4,20,2,0,8
23.77,45.402,2023,6,4,20,2,0,8
23.769,45.386,2023,6,4,20,2,0,8
23.765,45.512,2023,6,4,20,2,0,8
23.756,45.73,2023,6,4,20,2,0,8
23.74,46.015,2023,6,4,20,2,0,8
23.73,46.045,2023,6,4,20,2,0,8
23.735,46.107,2023,6,4,20,2,0,8
23.75,46.237,2023,6,4,20,2,0,8
23.774,46.224,2023,6,4,20,2,0,8
23.787,46.177,2023,6,4,20,2,0,8
23.803,46.322,2023,6,4,20,2,0,8
23.825,46.243,2023,6,4,20,2,0,8
23.835,46.342,2023,6,4,20,2,0,8
23.856,46.393,2023,6,4,20,2,0,8
23.881,46.339,2023,6,4,20,2,0,8
23.901,46.32,2023,6,4,20,2,0,8
23.922,46.421,2023,6,4,20,2,0,8
23.937,46.402,2023,6,4,21,2,0,8
23.947,46.33,2023,6,4,21,2,0,8
23.953,46.197,2023,6,4,21,2,0,8
23.956,46.251,2023,6,4,21,2,0,8
23.962,46.212,2023,6,4,21,2,0,8
23.965,46.209,2023,6,4,21,2,0,8
23.964,46.301,2023,6,4,21,2,0,8
23.967,46.329,2023,6,4,21,2,0,8
23.963,46.113,2023,6,4,21,2,0,8
23.946,46.097,2023,6,4,21,2,0,8
23.938,46.113,2023,6,4,21,2,0,8
23.934,46.133,2023,6,4,21,2,0,8
23.934,46.117,2023,6,4,21,2,0,8
23.937,46.196,2023,6,4,21,2,0,8
23.947,46.173,2023,6,4,21,2,0,8
23.947,46.144,2023,6,4,21,2,0,8
23.935,46.161,2023,6,4,21,2,0,8
23.92,46.234,2023,6,4,21,2,0,8
23.893,46.123,2023,6,4,21,2,0,8
23.862,46.175,2023,6,4,21,2,0,8
23.829,46.236,2023,6,4,21,2,0,8
23.796,46.395,2023,6,4,21,2,0,8
23.787,46.5,2023,6,4,21,2,0,8
23.792,46.567,2023,6,4,21,2,0,8
23.806,46.55,2023,6,4,21,2,0,8
23.811,46.594,2023,6,4,21,2,0,8
23.822,46.541,2023,6,4,21,2,0,8
23.83,46.408,2023,6,4,21,2,0,8
23.816,46.465,2023,6,4,21,2,0,8
23.81,46.389,2023,6,4,21,2,0,8
23.791,46.355,2023,6,4,22,2,0,8
23.778,46.406,2023,6,4,22,2,0,8
23.757,46.443,2023,6,4,22,2,0,8
23.748,46.474,2023,6,4,22,2,0,8
23.742,46.49,2023,6,4,22,2,0,8
23.732,46.48,2023,6,4,22,2,0,8
23.723,46.498,2023,6,4,22,2,0,8
23.709,46.51,2023,6,4,22,2,0,8
23.693,46.598,2023,6,4,22,2,0,8
23.674,46.659,2023,6,4,22,2,0,8
23.656,46.734,2023,6,4,22,2,0,9
23.648,46.776,2023,6,4,22,2,0,9
23.635,46.846,2023,6,4,22,2,0,9
23.626,46.87,2023,6,4,22,2,0,9
23.613,46.933,2023,6,4,22,2,0,9
23.601,46.976,2023,6,4,22,2,0,9
23.595,46.998,2023,6,4,22,2,0,9
23.589,47.102,2023,6,4,22,2,0,9
23.59,47.128,2023,6,4,22,2,0,9
23.596,47.13,2023,6,4,22,2,0,9
23.599,47.129,2023,6,4,22,2,0,9
23.593,47.13,2023,6,4,22,2,0,9
23.582,47.169,2023,6,4,22,2,0,9
23.572,47.249,2023,6,4,22,2,0,9
23.569,47.258,2023,6,4,22,2,0,9
23.568,47.321,2023,6,4,22,2,0,9
23.573,47.39,2023,6,4,22,2,0,9
23.576,47.486,2023,6,4,22,2,0,9
23.583,47.429,2023,6,4,22,2,0,9
23.582,47.492,2023,6,4,22,2,0,9
23.568,47.482,2023,6,4,23,2,0,9
23.551,47.63,2023,6,4,23,2,0,9
23.529,47.531,2023,6,4,23,2,0,9
23.495,47.604,2023,6,4,23,2,0,9
23.463,48.04,2023,6,4,23,2,0,9
23.43,48.166,2023,6,4,23,2,0,9
23.413,48.168,2023,6,4,23,2,0,9
23.414,49.248,2023,6,4,23,2,0,9
23.495,52.107,2023,6,4,23,2,0,9
23.666,51.318,2023,6,4,23,2,0,9
23.784,50.252,2023,6,4,23,2,0,8
23.828,50.29,2023,6,4,23,2,0,8
23.835,50.255,2023,6,4,23,2,0,8
23.824,50.077,2023,6,4,23,2,0,8
23.801,50.219,2023,6,4,23,2,0,8
23.782,50.396,2023,6,4,23,2,0,8
23.763,50.205,2023,6,4,23,2,0,8
23.748,50.158,2023,6,4,23,2,0,8
23.734,50.193,2023,6,4,23,2,0,8
23.724,50.044,2023,6,4,23,2,0,8
23.706,49.95,2023,6,4,23,2,0,8
23.688,49.946,2023,6,4,23,2,0,8
23.678,49.846,2023,6,4,23,2,0,8
23.666,49.542,2023,6,4,23,2,0,9
23.651,49.494,2023,6,4,23,2,0,9
23.642,49.47,2023,6,4,23,2,0,9
23.626,49.358,2023,6,4,23,2,0,9
23.607,49.388,2023,6,4,23,2,0,9
23.597,49.345,2023,6,4,23,2,0,9
23.595,49.104,2023,6,4,23,2,0,9
23.584,49.028,2023,7,5,0,3,1,9
23.574,48.91,2023,7,5,0,3,1,9
23.561,48.872,2023,7,5,0,3,1,9
23.539,48.807,2023,7,5,0,3,1,9
23.529,48.802,2023,7,5,0,3,1,9
23.512,48.896,2023,7,5,0,3,1,9
23.5,48.91,2023,7,5,0,3,1,9
23.494,48.927,2023,7,5,0,3,1,9
23.491,48.926,2023,7,5,0,3,1,9
23.496,48.777,2023,7,5,0,3,1,9
23.495,48.659,2023,7,5,0,3,1,9
23.482,48.568,2023,7,5,0,3,1,9
23.466,48.661,2023,7,5,0,3,1,9
23.455,48.726,2023,7,5,0,3,1,9
23.426,48.54,2023,7,5,0,3,1,9
23.39,48.314,2023,7,5,0,3,1,9
23.36,48.187,2023,7,5,0,3,1,9
23.327,48.243,2023,7,5,0,3,1,9
23.28,48.361,2023,7,5,0,3,1,9
23.213,48.476,2023,7,5,0,3,1,9
23.154,48.587,2023,7,5,0,3,1,9
23.087,48.767,2023,7,5,0,3,1,9
23.021,48.935,2023,7,5,0,3,1,9
22.974,48.969,2023,7,5,0,3,1,9
22.937,49.008,2023,7,5,0,3,1,9
22.889,49.096,2023,7,5,0,3,1,9
22.834,49.224,2023,7,5,0,3,1,9
22.792,49.333,2023,7,5,0,3,1,9
22.749,49.391,2023,7,5,0,3,1,9
22.713,49.505,2023,7,5,0,3,1,9
22.675,49.68,2023,7,5,1,3,1,9
22.644,49.758,2023,7,5,1,3,1,9
22.622,49.835,2023,7,5,1,3,1,9
22.59,49.893,2023,7,5,1,3,1,9
22.564,49.978,2023,7,5,1,3,1,9
22.528,50.026,2023,7,5,1,3,1,10
22.487,50.037,2023,7,5,1,3,1,10
22.465,50.134,2023,7,5,1,3,1,10
22.443,50.256,2023,7,5,1,3,1,10
22.42,50.379,2023,7,5,1,3,1,10
22.389,50.509,2023,7,5,1,3,1,10
22.372,50.523,2023,7,5,1,3,1,10
22.36,50.552,2023,7,5,1,3,1,10
22.365,50.459,2023,7,5,1,3,1,10
22.386,50.523,2023,7,5,1,3,1,10
22.409,50.44,2023,7,5,1,3,1,10
22.432,50.404,2023,7,5,1,3,1,10
22.431,50.31,2023,7,5,1,3,1,10
22.436,50.289,2023,7,5,1,3,1,10
22.449,50.214,2023,7,5,1,3,1,10
22.452,50.173,2023,7,5,1,3,1,10
22.449,50.168,2023,7,5,1,3,1,10
22.442,50.236,2023,7,5,1,3,1,10
22.439,50.168,2023,7,5,1,3,1,10
22.432,50.184,2023,7,5,1,3,1,10
22.424,50.277,2023,7,5,1,3,1,10
22.415,50.302,2023,7,5,1,3,1,10
22.406,50.324,2023,7,5,1,3,1,10
22.401,50.406,2023,7,5,1,3,1,10
22.392,50.461,2023,7,5,1,3,1,10
22.392,50.453,2023,7,5,2,3,1,10
22.386,50.507,2023,7,5,2,3,1,10
22.385,50.471,2023,7,5,2,3,1,10
22.39,50.401,2023,7,5,2,3,1,10
22.387,50.371,2023,7,5,2,3,1,10
22.383,50.321,2023,7,5,2,3,1,10
22.381,50.306,2023,7,5,2,3,1,10
22.381,50.301,2023,7,5,2,3,1,10
22.379,50.294,2023,7,5,2,3,1,10
22.376,50.29,2023,7,5,2,3,1,10
22.367,50.198,2023,7,5,2,3,1,10
22.374,50.179,2023,7,5,2,3,1,10
22.378,50.194,2023,7,5,2,3,1,10
22.378,50.177,2023,7,5,2,3,1,10
22.374,50.233,2023,7,5,2,3,1,10
22.374,50.271,2023,7,5,2,3,1,10
22.361,50.07,2023,7,5,2,3,1,10
22.338,50.111,2023,7,5,2,3,1,10
22.338,50.168,2023,7,5,2,3,1,10
22.315,50.178,2023,7,5,2,3,1,10
22.278,50.39,2023,7,5,2,3,1,10
22.264,50.558,2023,7,5,2,3,1,10
22.26,50.568,2023,7,5,2,3,1,10
22.266,50.643,2023,7,5,2,3,1,10
22.284,50.667,2023,7,5,2,3,1,10
22.306,50.687,2023,7,5,2,3,1,10
22.335,50.639,2023,7,5,2,3,1,10
22.361,50.569,2023,7,5,2,3,1,10
22.388,50.558,2023,7,5,2,3,1,10
22.414,50.553,2023,7,5,3,3,1,10
22.442,50.489,2023,7,5,3,3,1,10
22.465,50.432,2023,7,5,3,3,1,10
22.491,50.394,2023,7,5,3,3,1,10
22.521,50.303,2023,7,5,3,3,1,10
22.548,50.232,2023,7,5,3,3,1,10
22.568,50.277,2023,7,5,3,3,1,9
22.586,50.265,2023,7,5,3,3,1,9
22.604,50.229,2023,7,5,3,3,1,9
22.624,50.181,2023,7,5,3,3,1,9
22.638,50.215,2023,7,5,3,3,1,9
22.652,50.184,2023,7,5,3,3,1,9
22.668,50.156,2023,7,5,3,3,1,9
22.681,50.076,2023,7,5,3,3,1,9
22.704,50.081,2023,7,5,3,3,1,9
22.715,50.111,2023,7,5,3,3,1,9
22.722,49.939,2023,7,5,3,3,1,9
22.729,50.029,2023,7,5,3,3,1,9
22.739,50.002,2023,7,5,3,3,1,9
22.749,49.947,2023,7,5,3,3,1,9
22.754,49.955,2023,7,5,3,3,1,9
22.759,49.951,2023,7,5,3,3,1,9
22.769,49.812,2023,7,5,3,3,1,9
22.773,49.785,2023,7,5,3,3,1,9
22.775,49.812,2023,7,5,3,3,1,9
22.779,49.855,2023,7,5,3,3,1,9
22.784,49.819,2023,7,5,3,3,1,9
22.791,49.777,2023,7,5,3,3,1,9
22.797,49.777,2023,7,5,3,3,1,9
22.805,49.674,2023,7,5,3,3,1,9
22.814,49.691,2023,7,5,4,3,1,9
22.819,49.683,2023,7,5,4,3,1,9
22.821,49.614,2023,7,5,4,3,1,9
22.824,49.582,2023,7,5,4,3,1,9
22.833,49.621,2023,7,5,4,3,1,9
22.839,49.56,2023,7,5,4,3,1,9
22.848,49.613,2023,7,5,4,3,1,9
22.85,49.57,2023,7,5,4,3,1,9
22.856,49.566,2023,7,5,4,3,1,9
22.86,49.523,2023,7,5,4,3,1,9
22.863,49.48,2023,7,5,4,3,1,9
22.864,49.364,2023,7,5,4,3,1,9
22.872,49.293,2023,7,5,4,3,1,9
22.872,49.29,2023,7,5,4,3,1,9
22.874,49.324,2023,7,5,4,3,1,9
22.878,49.323,2023,7,5,4,3,1,9
22.885,49.255,2023,7,5,4,3,1,9
22.892,49.161,2023,7,5,4,3,1,9
22.891,48.956,2023,7,5,4,3,1,9
22.892,48.986,2023,7,5,4,3,1,9
22.89,49.093,2023,7,5,4,3,1,9
22.895,49.149,2023,7,5,4,3,1,9
22.9,49.141,2023,7,5,4,3,1,9
22.902,49.178,2023,7,5,4,3,1,9
22.906,49.121,2023,7,5,4,3,1,9
22.91,48.992,2023,7,5,4,3,1,9
22.914,48.951,2023,7,5,4,3,1,9
22.919,48.97,2023,7,5,4,3,1,9
22.924,49.063,2023,7,5,4,3,1,9
22.928,49.082,2023,7,5,4,3,1,9
22.933,48.993,2023,7,5,5,3,1,9
22.939,49.133,2023,7,5,5,3,1,9
22.946,49.046,2023,7,5,5,3,1,9
22.96,48.995,2023,7,5,5,3,1,9
22.968,49.04,2023,7,5,5,3,1,9
22.974,49.186,2023,7,5,5,3,1,9
22.98,49.024,2023,7,5,5,3,1,9
22.987,48.983,2023,7,5,5,3,1,9
22.993,48.897,2023,7,5,5,3,1,9
22.999,48.993,2023,7,5,5,3,1,9
23.001,48.958,2023,7,5,5,3,1,9
23.001,49.084,2023,7,5,5,3,1,9
23.004,49.086,2023,7,5,5,3,1,9
23.005,49.082,2023,7,5,5,3,1,9
23.005,49.103,2023,7,5,5,3,1,9
23.005,49.014,2023,7,5,5,3,1,9
23.006,48.996,2023,7,5,5,3,1,9
23.007,49.16,2023,7,5,5,3,1,9
23.007,49.158,2023,7,5,5,3,1,9
23.011,49.057,2023,7,5,5,3,1,9
23.016,48.992,2023,7,5,5,3,1,9
23.019,49.131,2023,7,5,5,3,1,9
23.021,49.035,2023,7,5,5,3,1,9
23.019,49.121,2023,7,5,5,3,1,9
23.021,49.126,2023,7,5,5,3,1,9
23.019,49.178,2023,7,5,5,3,1,9
23.025,49.195,2023,7,5,5,3,1,9
23.023,49.119,2023,7,5,5,3,1,9
23.022,49.166,2023,7,5,5,3,1,9
23.024,49.18,2023,7,5,5,3,1,9
23.018,49.243,2023,7,5,6,3,1,9
23.017,49.245,2023,7,5,6,3,1,9
23.012,49.234,2023,7,5,6,3,1,9
23.013,49.233,2023,7,5,6,3,1,9
23.01,49.249,2023,7,5,6,3,1,9
23.009,49.162,2023,7,5,6,3,1,9
23.007,49.205,2023,7,5,6,3,1,9
23.006,49.251,2023,7,5,6,3,1,9
23.005,49.236,2023,7,5,6,3,1,9
23.008,49.16,2023,7,5,6,3,1,9
23.009,49.224,2023,7,5,6,3,1,9
23.012,49.297,2023,7,5,6,3,1,9
23.01,49.316,2023,7,5,6,3,1,9
23.013,49.332,2023,7,5,6,3,1,9
23.014,49.363,2023,7,5,6,3,1,9
23.015,49.342,2023,7,5,6,3,1,9
23.018,49.347,2023,7,5,6,3,1,9
23.022,49.351,2023,7,5,6,3,1,9
23.027,49.362,2023,7,5,6,3,1,9
23.033,49.354,2023,7,5,6,3,1,9
23.037,49.355,2023,7,5,6,3,1,9
23.041,49.35,2023,7,5,6,3,1,9
23.048,49.457,2023,7,5,6,3,1,9
23.058,49.417,2023,7,5,6,3,1,9
23.075,49.389,2023,7,5,6,3,1,9
23.086,49.349,2023,7,5,6,3,1,9
23.092,49.356,2023,7,5,6,3,1,9
23.093,49.354,2023,7,5,6,3,1,9
23.099,49.42,2023,7,5,6,3,1,9
23.104,49.463,2023,7,5,6,3,1,9
23.11,49.435,2023,7,5,7,3,1,9
23.115,49.359,2023,7,5,7,3,1,9
23.116,49.379,2023,7,5,7,3,1,9
23.116,49.385,2023,7,5,7,3,1,9
23.116,49.418,2023,7,5,7,3,1,9
23.113,49.419,2023,7,5,7,3,1,9
23.113,49.49,2023,7,5,7,3,1,9
23.11,49.517,2023,7,5,7,3,1,9
23.115,49.473,2023,7,5,7,3,1,9
23.118,49.543,2023,7,5,7,3,1,9
23.118,49.643,2023,7,5,7,3,1,9
23.114,49.677,2023,7,5,7,3,1,9
23.11,49.718,2023,7,5,7,3,1,9
23.112,49.835,2023,7,5,7,3,1,9
23.11,49.959,2023,7,5,7,3,1,9
23.106,49.988,2023,7,5,7,3,1,9
23.109,50.087,2023,7,5,7,3,1,9
23.108,50.15,2023,7,5,7,3,1,9
23.115,50.308,2023,7,5,7,3,1,9
23.117,50.346,2023,7,5,7,3,1,9
23.119,50.325,2023,7,5,7,3,1,9
23.122,50.381,2023,7,5,7,3,1,9
23.125,50.419,2023,7,5,7,3,1,9
23.126,50.302,2023,7,5,7,3,1,9
23.126,50.343,2023,7,5,7,3,1,9
23.128,50.397,2023,7,5,7,3,1,9
23.132,50.484,2023,7,5,7,3,1,9
23.136,50.806,2023,7,5,7,3,1,9
23.138,50.611,2023,7,5,7,3,1,9
23.133,50.895,2023,7,5,7,3,1,9
23.132,50.926,2023,7,5,8,3,1,9
23.133,50.981,2023,7,5,8,3,1,9
23.135,50.99,2023,7,5,8,3,1,9
23.136,51.042,2023,7,5,8,3,1,9
23.141,51.042,2023,7,5,8,3,1,9
23.141,51.183,2023,7,5,8,3,1,9
23.141,51.286,2023,7,5,8,3,1,9
23.137,51.363,2023,7,5,8,3,1,9
23.138,51.212,2023,7,5,8,3,1,9
23.141,51.369,2023,7,5,8,3,1,9
23.137,51.163,2023,7,5,8,3,1,9
23.14,51.393,2023,7,5,8,3,1,9
23.144,51.284,2023,7,5,8,3,1,9
23.151,51.121,2023,7,5,8,3,1,9
23.156,51.536,2023,7,5,8,3,1,9
23.162,51.599,2023,7,5,8,3,1,9
23.168,51.362,2023,7,5,8,3,1,9
23.179,51.751,2023,7,5,8,3,1,9
23.192,51.766,2023,7,5,8,3,1,9
23.203,51.816,2023,7,5,8,3,1,9
23.215,51.974,2023,7,5,8,3,1,9
23.224,52.255,2023,7,5,8,3,1,9
23.234,52.156,2023,7,5,8,3,1,9
23.245,52.06,2023,7,5,8,3,1,9
23.25,52.064,2023,7,5,8,3,1,9
23.248,52.088,2023,7,5,8,3,1,9
23.239,52.666,2023,7,5,8,3,1,9
23.24,53.147,2023,7,5,8,3,1,9
23.233,53.545,2023,7,5,8,3,1,9
23.227,53.861,2023,7,5,8,3,1,9
23.214,54.262,2023,7,5,9,3,1,9
23.202,54.316,2023,7,5,9,3,1,9
23.19,54.455,2023,7,5,9,3,1,9
23.172,54.626,2023,7,5,9,3,1,9
23.157,54.654,2023,7,5,9,3,1,9
23.142,54.823,2023,7,5,9,3,1,9
23.13,55.168,2023,7,5,9,3,1,9
23.118,55.265,2023,7,5,9,3,1,9
23.103,55.276,2023,7,5,9,3,1,9
23.091,55.252,2023,7,5,9,3,1,9
23.081,55.455,2023,7,5,9,3,1,9
23.065,55.703,2023,7,5,9,3,1,9
23.052,56.007,2023,7,5,9,3,1,9
23.04,56.417,2023,7,5,9,3,1,9
23.025,56.571,2023,7,5,9,3,1,9
23.011,56.547,2023,7,5,9,3,1,9
23.009,56.57,2023,7,5,9,3,1,9
23.012,56.662,2023,7,5,9,3,1,9
23.037,56.412,2023,7,5,9,3,1,9
23.059,56.006,2023,7,5,9,3,1,9
23.085,55.92,2023,7,5,9,3,1,9
23.103,55.905,2023,7,5,9,3,1,9
23.12,55.818,2023,7,5,9,3,1,9
23.143,55.639,2023,7,5,9,3,1,9
23.161,55.652,2023,7,5,9,3,1,9
23.181,55.801,2023,7,5,9,3,1,9
23.197,55.79,2023,7,5,9,3,1,9
23.224,55.756,2023,7,5,9,3,1,9
23.249,55.563,2023,7,5,9,3,1,9
23.273,55.342,2023,7,5,9,3,1,9
23.294,55.317,2023,7,5,10,3,1,9
23.312,55.255,2023,7,5,10,3,1,9
23.325,54.993,2023,7,5,10,3,1,9
23.353,55.326,2023,7,5,10,3,1,9
23.369,55.38,2023,7,5,10,3,1,9
23.386,55.464,2023,7,5,10,3,1,9
23.419,55.357,2023,7,5,10,3,1,9
23.462,55.155,2023,7,5,10,3,1,9
23.48,54.991,2023,7,5,10,3,1,9
23.493,54.899,2023,7,5,10,3,1,9
23.513,55.252,2023,7,5,10,3,1,9
23.525,55.53,2023,7,5,10,3,1,9
23.536,55.771,2023,7,5,10,3,1,9
23.554,55.803,2023,7,5,10,3,1,9
23.57,55.642,2023,7,5,10,3,1,9
23.586,55.498,2023,7,5,10,3,1,9
23.599,55.497,2023,7,5,10,3,1,9
23.612,55.531,2023,7,5,10,3,1,9
23.626,55.659,2023,7,5,10,3,1,9
23.637,55.711,2023,7,5,10,3,1,9
23.652,55.666,2023,7,5,10,3,1,9
23.664,55.393,2023,7,5,10,3,1,9
23.672,55.399,2023,7,5,10,3,1,8
23.682,55.533,2023,7,5,10,3,1,8
23.692,55.66,2023,7,5,10,3,1,8
23.708,55.663,2023,7,5,10,3,1,8
23.72,55.738,2023,7,5,10,3,1,8
23.724,55.781,2023,7,5,10,3,1,8
23.727,55.812,2023,7,5,10,3,1,8
23.74,55.773,2023,7,5,10,3,1,8
23.748,55.73,2023,7,5,11,3,1,8
23.756,55.69,2023,7,5,11,3,1,8
23.774,55.65,2023,7,5,11,3,1,8
23.786,55.678,2023,7,5,11,3,1,8
23.815,55.68,2023,7,5,11,3,1,8
23.837,55.679,2023,7,5,11,3,1,8
23.863,55.668,2023,7,5,11,3,1,8
23.893,55.655,2023,7,5,11,3,1,8
23.926,55.651,2023,7,5,11,3,1,8
23.946,55.624,2023,7,5,11,3,1,8
23.966,55.536,2023,7,5,11,3,1,8
23.977,55.666,2023,7,5,11,3,1,8
23.988,55.673,2023,7,5,11,3,1,8
24.007,55.655,2023,7,5,11,3,1,8
24.023,55.684,2023,7,5,11,3,1,8
24.045,56.143,2023,7,5,11,3,1,8
24.057,56.489,2023,7,5,11,3,1,8
24.065,56.597,2023,7,5,11,3,1,8
24.073,56.462,2023,7,5,11,3,1,8
24.085,56.425,2023,7,5,11,3,1,8
24.104,56.361,2023,7,5,11,3,1,8
24.133,56.312,2023,7,5,11,3,1,8
24.163,56.309,2023,7,5,11,3,1,8
24.203,56.226,2023,7,5,11,3,1,8
24.241,55.909,2023,7,5,11,3,1,8
24.279,56.002,2023,7,5,11,3,1,8
24.313,56.037,2023,7,5,11,3,1,8
24.353,56.019,2023,7,5,11,3,1,8
24.391,56.001,2023,7,5,11,3,1,8
24.425,55.878,2023,7,5,11,3,1,8
24.456,55.834,2023,7,5,12,3,1,8
24.487,55.83,2023,7,5,12,3,1,8
24.523,55.871,2023,7,5,12,3,1,8
24.554,55.795,2023,7,5,12,3,1,8
24.58,55.793,2023,7,5,12,3,1,8
24.608,55.748,2023,7,5,12,3,1,8
24.639,55.699,2023,7,5,12,3,1,8
24.667,55.657,2023,7,5,12,3,1,8
24.685,55.669,2023,7,5,12,3,1,8
24.712,55.605,2023,7,5,12,3,1,8
24.737,55.503,2023,7,5,12,3,1,8
24.762,55.467,2023,7,5,12,3,1,8
24.773,55.38,2023,7,5,12,3,1,8
24.783,55.387,2023,7,5,12,3,1,7
24.795,55.385,2023,7,5,12,3,1,7
24.803,55.365,2023,7,5,12,3,1,7
24.814,55.333,2023,7,5,12,3,1,7
24.825,55.3,2023,7,5,12,3,1,7
24.836,55.317,2023,7,5,12,3,1,7
24.845,55.184,2023,7,5,12,3,1,7
24.852,55.086,2023,7,5,12,3,1,7
24.86,55.075,2023,7,5,12,3,1,7
24.866,55.195,2023,7,5,12,3,1,7
24.886,55.377,2023,7,5,12,3,1,7
24.925,55.395,2023,7,5,12,3,1,7
24.957,55.385,2023,7,5,12,3,1,7
24.983,56.669,2023,7,5,12,3,1,7
24.935,57.374,2023,7,5,12,3,1,7
24.866,57.825,2023,7,5,12,3,1,7
24.78,58.361,2023,7,5,12,3,1,7
24.685,58.941,2023,7,5,13,3,1,8
24.615,59.395,2023,7,5,13,3,1,8
24.555,59.544,2023,7,5,13,3,1,8
24.478,59.659,2023,7,5,13,3,1,8
24.391,60.147,2023,7,5,13,3,1,8
24.342,60.089,2023,7,5,13,3,1,8
24.289,60.729,2023,7,5,13,3,1,8
24.248,60.983,2023,7,5,13,3,1,8
24.217,61.007,2023,7,5,13,3,1,8
24.2,61.353,2023,7,5,13,3,1,8
24.206,61.338,2023,7,5,13,3,1,8
24.248,61.171,2023,7,5,13,3,1,8
24.307,60.984,2023,7,5,13,3,1,8
24.372,60.63,2023,7,5,13,3,1,8
24.439,60.533,2023,7,5,13,3,1,8
24.497,60.357,2023,7,5,13,3,1,8
24.561,60.138,2023,7,5,13,3,1,8
24.628,59.979,2023,7,5,13,3,1,8
24.691,59.83,2023,7,5,13,3,1,8
24.76,59.679,2023,7,5,13,3,1,8
24.819,59.563,2023,7,5,13,3,1,7
24.876,59.362,2023,7,5,13,3,1,7
24.933,59.292,2023,7,5,13,3,1,7
24.988,59.143,2023,7,5,13,3,1,7
25.027,59.037,2023,7,5,13,3,1,7
25.053,58.94,2023,7,5,13,3,1,7
25.08,58.718,2023,7,5,13,3,1,7
25.099,58.667,2023,7,5,13,3,1,7
25.12,58.594,2023,7,5,13,3,1,7
25.141,58.409,2023,7,5,13,3,1,7
25.167,58.303,2023,7,5,14,3,1,7
25.185,58.146,2023,7,5,14,3,1,7
25.204,58.082,2023,7,5,14,3,1,7
25.217,58.012,2023,7,5,14,3,1,7
25.235,57.979,2023,7,5,14,3,1,7
25.243,57.961,2023,7,5,14,3,1,7
25.25,57.948,2023,7,5,14,3,1,7
25.263,57.965,2023,7,5,14,3,1,7
25.272,57.82,2023,7,5,14,3,1,7
25.295,58.791,2023,7,5,14,3,1,7
25.317,59.616,2023,7,5,14,3,1,7
25.332,59.195,2023,7,5,14,3,1,7
25.353,58.944,2023,7,5,14,3,1,7
25.372,58.738,2023,7,5,14,3,1,7
25.389,58.719,2023,7,5,14,3,1,7
25.407,58.659,2023,7,5,14,3,1,7
25.422,58.66,2023,7,5,14,3,1,7
25.431,58.619,2023,7,5,14,3,1,7
25.449,58.598,2023,7,5,14,3,1,7
25.468,58.635,2023,7,5,14,3,1,7
25.499,58.645,2023,7,5,14,3,1,7
25.518,58.625,2023,7,5,14,3,1,7
25.536,58.7,2023,7,5,14,3,1,7
25.548,58.702,2023,7,5,14,3,1,7
25.552,58.715,2023,7,5,14,3,1,7
25.559,58.813,2023,7,5,14,3,1,7
25.573,58.836,2023,7,5,14,3,1,7
25.585,58.819,2023,7,5,14,3,1,7
25.599,58.919,2023,7,5,14,3,1,7
25.616,58.903,2023,7,5,14,3,1,7
25.639,58.754,2023,7,5,15,3,1,7
25.662,58.708,2023,7,5,15,3,1,7
25.686,58.7,2023,7,5,15,3,1,7
25.692,58.698,2023,7,5,15,3,1,7
25.692,58.599,2023,7,5,15,3,1,7
25.695,58.659,2023,7,5,15,3,1,7
25.701,58.446,2023,7,5,15,3,1,7
25.709,58.575,2023,7,5,15,3,1,7
25.728,58.593,2023,7,5,15,3,1,7
25.747,58.573,2023,7,5,15,3,1,7
25.765,58.564,2023,7,5,15,3,1,7
25.781,58.73,2023,7,5,15,3,1,7
25.797,58.711,2023,7,5,15,3,1,7
25.81,58.925,2023,7,5,15,3,1,7
25.81,59.185,2023,7,5,15,3,1,7
25.806,59.404,2023,7,5,15,3,1,7
25.8,59.68,2023,7,5,15,3,1,7
25.794,60.064,2023,7,5,15,3,1,7
25.776,60.517,2023,7,5,15,3,1,7
25.754,61.2,2023,7,5,15,3,1,6
25.729,61.772,2023,7,5,15,3,1,6
25.701,62.998,2023,7,5,15,3,1,6
25.673,64.128,2023,7,5,15,3,1,6
25.653,64.675,2023,7,5,15,3,1,6
25.604,62.783,2023,7,5,15,3,1,6
25.554,63.056,2023,7,5,15,3,1,6
25.484,62.836,2023,7,5,15,3,1,6
25.413,62.896,2023,7,5,15,3,1,6
25.351,63.267,2023,7,5,15,3,1,6
25.297,63.43,2023,7,5,15,3,1,6
25.25,63.44,2023,7,5,16,3,1,6
25.221,63.773,2023,7,5,16,3,1,6
25.197,64.715,2023,7,5,16,3,1,6
25.208,64.991,2023,7,5,16,3,1,6
25.258,65.853,2023,7,5,16,3,1,6
25.301,63.656,2023,7,5,16,3,1,6
25.286,62.814,2023,7,5,16,3,1,7
25.268,62.316,2023,7,5,16,3,1,7
25.23,61.724,2023,7,5,16,3,1,7
25.191,61.525,2023,7,5,16,3,1,7
25.172,61.78,2023,7,5,16,3,1,7
25.152,61.173,2023,7,5,16,3,1,7
25.127,60.468,2023,7,5,16,3,1,7
25.097,60.551,2023,7,5,16,3,1,7
25.073,60.239,2023,7,5,16,3,1,7
25.054,60.057,2023,7,5,16,3,1,7
25.021,59.224,2023,7,5,16,3,1,7
24.97,58.976,2023,7,5,16,3,1,7
24.927,58.686,2023,7,5,16,3,1,7
24.895,58.695,2023,7,5,16,3,1,7
24.868,58.476,2023,7,5,16,3,1,7
24.838,58.391,2023,7,5,16,3,1,7
24.783,58.09,2023,7,5,16,3,1,7
24.706,57.965,2023,7,5,16,3,1,8
24.647,57.866,2023,7,5,16,3,1,8
24.597,58.107,2023,7,5,16,3,1,8
24.559,58.295,2023,7,5,16,3,1,8
24.533,58.638,2023,7,5,16,3,1,8
24.541,58.719,2023,7,5,16,3,1,8
24.577,58.793,2023,7,5,17,3,1,8
24.635,58.728,2023,7,5,17,3,1,8
24.689,58.097,2023,7,5,17,3,1,8
24.675,57.239,2023,7,5,17,3,1,8
24.576,57.272,2023,7,5,17,3,1,8
24.446,57.681,2023,7,5,17,3,1,8
24.339,58.185,2023,7,5,17,3,1,8
24.289,58.638,2023,7,5,17,3,1,8
24.302,58.915,2023,7,5,17,3,1,8
24.378,58.948,2023,7,5,17,3,1,8
24.478,58.882,2023,7,5,17,3,1,8
24.582,58.811,2023,7,5,17,3,1,8
24.682,58.626,2023,7,5,17,3,1,8
24.773,58.53,2023,7,5,17,3,1,8
24.856,58.319,2023,7,5,17,3,1,7
24.936,58.298,2023,7,5,17,3,1,7
25.015,58.202,2023,7,5,17,3,1,7
25.079,58.062,2023,7,5,17,3,1,7
25.143,57.946,2023,7,5,17,3,1,7
25.186,57.865,2023,7,5,17,3,1,7
25.223,57.813,2023,7,5,17,3,1,7
25.254,57.761,2023,7,5,17,3,1,7
25.286,57.903,2023,7,5,17,3,1,7
25.317,57.811,2023,7,5,17,3,1,7
25.342,57.89,2023,7,5,17,3,1,7
25.37,57.743,2023,7,5,17,3,1,7
25.396,57.589,2023,7,5,17,3,1,7
25.415,57.47,2023,7,5,17,3,1,7
25.426,57.543,2023,7,5,17,3,1,7
25.439,57.669,2023,7,5,17,3,1,7
25.461,57.755,2023,7,5,18,3,1,7
25.486,57.97,2023,7,5,18,3,1,7
25.508,57.906,2023,7,5,18,3,1,7
25.526,57.91,2023,7,5,18,3,1,7
25.54,57.923,2023,7,5,18,3,1,7
25.547,58.097,2023,7,5,18,3,1,7
25.558,58.091,2023,7,5,18,3,1,7
25.571,58.298,2023,7,5,18,3,1,7
25.584,58.259,2023,7,5,18,3,1,7
25.604,58.312,2023,7,5,18,3,1,7
25.621,58.188,2023,7,5,18,3,1,7
25.638,58.058,2023,7,5,18,3,1,7
25.602,55.911,2023,7,5,18,3,1,7
25.468,55.355,2023,7,5,18,3,1,7
25.268,55.426,2023,7,5,18,3,1,7
25.099,55.865,2023,7,5,18,3,1,7
24.937,56.219,2023,7,5,18,3,1,7
24.829,56.918,2023,7,5,18,3,1,7
24.781,57.2,2023,7,5,18,3,1,7
24.773,57.381,2023,7,5,18,3,1,8
24.791,57.497,2023,7,5,18,3,1,7
24.819,57.616,2023,7,5,18,3,1,7
24.853,57.495,2023,7,5,18,3,1,7
24.895,57.393,2023,7,5,18,3,1,7
24.939,57.389,2023,7,5,18,3,1,7
24.968,57.322,2023,7,5,18,3,1,7
24.991,57.097,2023,7,5,18,3,1,7
25.011,57.073,2023,7,5,18,3,1,7
25.029,56.986,2023,7,5,18,3,1,7
25.045,57.002,2023,7,5,18,3,1,7
25.06,57.191,2023,7,5,19,3,1,7
25.08,57.22,2023,7,5,19,3,1,7
25.092,57.205,2023,7,5,19,3,1,7
25.11,57.047,2023,7,5,19,3,1,7
25.118,57.059,2023,7,5,19,3,1,7
25.119,57.078,2023,7,5,19,3,1,7
25.118,56.984,2023,7,5,19,3,1,7
25.126,57.003,2023,7,5,19,3,1,7
25.132,56.982,2023,7,5,19,3,1,7
25.136,56.968,2023,7,5,19,3,1,7
25.138,57.002,2023,7,5,19,3,1,7
25.137,57.12,2023,7,5,19,3,1,7
25.139,57.233,2023,7,5,19,3,1,7
25.141,57.221,2023,7,5,19,3,1,7
25.143,57.129,2023,7,5,19,3,1,7
25.143,57.09,2023,7,5,19,3,1,7
25.141,57.072,2023,7,5,19,3,1,7
25.136,56.996,2023,7,5,19,3,1,7
25.124,56.816,2023,7,5,19,3,1,7
25.104,56.636,2023,7,5,19,3,1,7
25.093,56.501,2023,7,5,19,3,1,7
25.081,56.396,2023,7,5,19,3,1,7
25.064,56.341,2023,7,5,19,3,1,7
25.056,56.131,2023,7,5,19,3,1,7
25.052,56.053,2023,7,5,19,3,1,7
25.051,55.976,2023,7,5,19,3,1,7
25.049,55.944,2023,7,5,19,3,1,7
25.047,55.939,2023,7,5,19,3,1,7
25.046,55.952,2023,7,5,19,3,1,7
25.046,55.85,2023,7,5,19,3,1,7
25.042,55.729,2023,7,5,20,3,1,7
25.044,55.693,2023,7,5,20,3,1,7
25.045,55.611,2023,7,5,20,3,1,7
25.048,55.578,2023,7,5,20,3,1,7
25.05,55.539,2023,7,5,20,3,1,7
25.05,55.454,2023,7,5,20,3,1,7
25.051,55.427,2023,7,5,20,3,1,7
25.048,55.433,2023,7,5,20,3,1,7
25.052,55.441,2023,7,5,20,3,1,7
25.055,55.505,2023,7,5,20,3,1,7
25.058,55.556,2023,7,5,20,3,1,7
25.058,55.776,2023,7,5,20,3,1,7
25.056,55.874,2023,7,5,20,3,1,7
25.046,55.924,2023,7,5,20,3,1,7
25.032,55.94,2023,7,5,20,3,1,7
25.018,55.975,2023,7,5,20,3,1,7
24.997,55.877,2023,7,5,20,3,1,7
24.98,55.99,2023,7,5,20,3,1,7
24.964,55.981,2023,7,5,20,3,1,7
24.951,56.006,2023,7,5,20,3,1,7
24.93,56.29,2023,7,5,20,3,1,7
24.911,56.338,2023,7,5,20,3,1,7
24.894,56.351,2023,7,5,20,3,1,7
24.876,56.376,2023,7,5,20,3,1,7
24.858,56.863,2023,7,5,20,3,1,7
24.839,57.014,2023,7,5,20,3,1,7
24.826,57.056,2023,7,5,20,3,1,7
24.803,56.87,2023,7,5,20,3,1,7
24.783,56.796,2023,7,5,20,3,1,7
24.774,56.692,2023,7,5,20,3,1,8
24.763,56.645,2023,7,5,21,3,1,8
24.753,56.594,2023,7,5,21,3,1,8
24.734,56.987,2023,7,5,21,3,1,8
24.728,57.716,2023,7,5,21,3,1,8
24.736,57.776,2023,7,5,21,3,1,8
24.756,59.005,2023,7,5,21,3,1,8
24.759,58.584,2023,7,5,21,3,1,8
24.757,58.269,2023,7,5,21,3,1,8
24.749,58.132,2023,7,5,21,3,1,8
24.736,58.298,2023,7,5,21,3,1,8
24.741,58.04,2023,7,5,21,3,1,8
24.73,57.897,2023,7,5,21,3,1,8
24.735,57.723,2023,7,5,21,3,1,8
24.743,57.756,2023,7,5,21,3,1,8
24.756,57.779,2023,7,5,21,3,1,8
24.766,57.892,2023,7,5,21,3,1,8
24.775,58.057,2023,7,5,21,3,1,8
24.789,58.127,2023,7,5,21,3,1,7
24.796,58.092,2023,7,5,21,3,1,7
24.8,58.181,2023,7,5,21,3,1,7
24.804,58.153,2023,7,5,21,3,1,7
24.803,58.244,2023,7,5,21,3,1,7
24.802,58.274,2023,7,5,21,3,1,7
24.801,58.368,2023,7,5,21,3,1,7
24.801,58.549,2023,7,5,21,3,1,7
24.802,58.671,2023,7,5,21,3,1,7
24.796,58.595,2023,7,5,21,3,1,7
24.789,58.663,2023,7,5,21,3,1,7
24.788,58.773,2023,7,5,21,3,1,7
24.789,58.789,2023,7,5,21,3,1,7
24.791,58.79,2023,7,5,22,3,1,7
24.792,58.791,2023,7,5,22,3,1,7
24.787,58.791,2023,7,5,22,3,1,7
24.778,58.791,2023,7,5,22,3,1,7
24.772,58.742,2023,7,5,22,3,1,8
24.766,58.832,2023,7,5,22,3,1,8
24.765,58.909,2023,7,5,22,3,1,8
24.767,58.799,2023,7,5,22,3,1,8
24.767,58.844,2023,7,5,22,3,1,8
24.763,58.907,2023,7,5,22,3,1,8
24.763,58.919,2023,7,5,22,3,1,8
24.76,58.921,2023,7,5,22,3,1,8
24.752,58.979,2023,7,5,22,3,1,8
24.747,58.982,2023,7,5,22,3,1,8
24.742,59.007,2023,7,5,22,3,1,8
24.734,58.998,2023,7,5,22,3,1,8
24.725,58.937,2023,7,5,22,3,1,8
24.725,58.927,2023,7,5,22,3,1,8
24.724,58.945,2023,7,5,22,3,1,8
24.72,58.966,2023,7,5,22,3,1,8
24.713,59.029,2023,7,5,22,3,1,8
24.711,58.939,2023,7,5,22,3,1,8
24.708,58.927,2023,7,5,22,3,1,8
24.707,58.925,2023,7,5,22,3,1,8
24.702,58.927,2023,7,5,22,3,1,8
24.699,58.857,2023,7,5,22,3,1,8
24.699,58.91,2023,7,5,22,3,1,8
24.695,58.969,2023,7,5,22,3,1,8
24.69,59.042,2023,7,5,22,3,1,8
24.685,59.085,2023,7,5,22,3,1,8
24.682,59.075,2023,7,5,23,3,1,8
24.678,58.991,2023,7,5,23,3,1,8
24.674,58.937,2023,7,5,23,3,1,8
24.671,59.164,2023,7,5,23,3,1,8
24.664,59.173,2023,7,5,23,3,1,8
24.658,59.454,2023,7,5,23,3,1,8
24.648,59.577,2023,7,5,23,3,1,8
24.632,59.142,2023,7,5,23,3,1,8
24.613,58.538,2023,7,5,23,3,1,8
24.589,58.385,2023,7,5,23,3,1,8
24.569,58.304,2023,7,5,23,3,1,8
24.537,58.276,2023,7,5,23,3,1,8
24.507,58.27,2023,7,5,23,3,1,8
24.485,58.196,2023,7,5,23,3,1,8
24.465,58.299,2023,7,5,23,3,1,8
24.441,58.321,2023,7,5,23,3,1,8
24.426,58.402,2023,7,5,23,3,1,8
24.405,58.476,2023,7,5,23,3,1,8
24.388,58.694,2023,7,5,23,3,1,8
24.37,58.475,2023,7,5,23,3,1,8
24.349,58.27,2023,7,5,23,3,1,8
24.327,58.3,2023,7,5,23,3,1,8
24.313,58.257,2023,7,5,23,3,1,8
24.298,58.212,2023,7,5,23,3,1,8
24.275,58.191,2023,7,5,23,3,1,8
24.254,58.072,2023,7,5,23,3,1,8
24.241,57.887,2023,7,5,23,3,1,8
24.222,57.769,2023,7,5,23,3,1,8
24.201,57.704,2023,7,5,23,3,1,8
24.178,57.669,2023,7,5,23,3,1,8
24.154,57.624,2023,7,6,0,3,1,8
24.129,57.498,2023,7,6,0,3,1,8
24.103,57.455,2023,7,6,0,3,1,8
24.075,57.503,2023,7,6,0,3,1,8
24.055,57.559,2023,7,6,0,3,1,8
24.034,57.583,2023,7,6,0,3,1,8
24.02,57.629,2023,7,6,0,3,1,8
24.002,57.686,2023,7,6,0,3,1,8
23.981,57.669,2023,7,6,0,3,1,8
23.965,57.533,2023,7,6,0,3,1,8
23.947,57.475,2023,7,6,0,3,1,8
23.927,57.46,2023,7,6,0,3,1,8
23.907,57.365,2023,7,6,0,3,1,8
23.887,57.319,2023,7,6,0,3,1,8
23.87,57.318,2023,7,6,0,3,1,8
23.854,57.238,2023,7,6,0,3,1,8
23.836,57.119,2023,7,6,0,3,1,8
23.814,57.093,2023,7,6,0,3,1,8
23.792,56.924,2023,7,6,0,3,1,8
23.776,56.802,2023,7,6,0,3,1,8
23.757,56.725,2023,7,6,0,3,1,8
23.735,56.742,2023,7,6,0,3,1,8
23.715,56.752,2023,7,6,0,3,1,8
23.695,56.725,2023,7,6,0,3,1,8
23.681,56.681,2023,7,6,0,3,1,8
23.661,56.629,2023,7,6,0,3,1,9
23.651,56.6,2023,7,6,0,3,1,9
23.632,56.608,2023,7,6,0,3,1,9
23.606,56.695,2023,7,6,0,3,1,9
23.586,56.667,2023,7,6,0,3,1,9
23.569,56.632,2023,7,6,1,3,1,9
23.549,56.608,2023,7,6,1,3,1,9
23.534,56.505,2023,7,6,1,3,1,9
23.521,56.455,2023,7,6,1,3,1,9
23.503,56.367,2023,7,6,1,3,1,9
23.484,56.357,2023,7,6,1,3,1,9
23.47,56.362,2023,7,6,1,3,1,9
23.464,56.323,2023,7,6,1,3,1,9
23.452,56.246,2023,7,6,1,3,1,9
23.431,56.244,2023,7,6,1,3,1,9
23.419,56.305,2023,7,6,1,3,1,9
23.411,56.166,2023,7,6,1,3,1,9
23.401,56.114,2023,7,6,1,3,1,9
23.387,56.177,2023,7,6,1,3,1,9
23.379,56.338,2023,7,6,1,3,1,9
23.37,56.357,2023,7,6,1,3,1,9
23.36,56.179,2023,7,6,1,3,1,9
23.35,56.122,2023,7,6,1,3,1,9
23.339,56.115,2023,7,6,1,3,1,9
23.326,56.116,2023,7,6,1,3,1,9
23.315,56.115,2023,7,6,1,3,1,9
23.31,56.116,2023,7,6,1,3,1,9
23.307,56.117,2023,7,6,1,3,1,9
23.304,56.118,2023,7,6,1,3,1,9
23.287,56.119,2023,7,6,1,3,1,9
23.272,56.086,2023,7,6,1,3,1,9
23.251,56.02,2023,7,6,1,3,1,9
23.229,55.924,2023,7,6,1,3,1,9
23.205,55.878,2023,7,6,1,3,1,9
23.181,55.862,2023,7,6,1,3,1,9
23.162,55.777,2023,7,6,2,3,1,9
23.141,55.665,2023,7,6,2,3,1,9
23.122,55.626,2023,7,6,2,3,1,9
23.103,55.57,2023,7,6,2,3,1,9
23.09,55.596,2023,7,6,2,3,1,9
23.067,55.563,2023,7,6,2,3,1,9
23.047,55.603,2023,7,6,2,3,1,9
23.037,55.534,2023,7,6,2,3,1,9
23.025,55.505,2023,7,6,2,3,1,9
23.008,55.476,2023,7,6,2,3,1,9
22.995,55.35,2023,7,6,2,3,1,9
22.974,55.376,2023,7,6,2,3,1,9
22.95,55.38,2023,7,6,2,3,1,9
22.939,55.387,2023,7,6,2,3,1,9
22.93,55.301,2023,7,6,2,3,1,9
22.916,55.266,2023,7,6,2,3,1,9
22.901,55.182,2023,7,6,2,3,1,9
22.88,55.168,2023,7,6,2,3,1,9
22.861,55.141,2023,7,6,2,3,1,9
22.849,55.063,2023,7,6,2,3,1,9
22.828,55.11,2023,7,6,2,3,1,9
22.817,55.132,2023,7,6,2,3,1,9
22.802,55.055,2023,7,6,2,3,1,9
22.794,54.931,2023,7,6,2,3,1,9
22.782,54.889,2023,7,6,2,3,1,9
22.76,54.887,2023,7,6,2,3,1,9
22.739,54.962,2023,7,6,2,3,1,9
22.723,55.012,2023,7,6,2,3,1,9
22.714,55.019,2023,7,6,2,3,1,9
22.71,54.935,2023,7,6,2,3,1,9
22.685,54.901,2023,7,6,3,3,1,9
22.664,54.99,2023,7,6,3,3,1,9
22.646,55.022,2023,7,6,3,3,1,9
22.637,55.026,2023,7,6,3,3,1,9
22.63,55.025,2023,7,6,3,3,1,9
22.616,55.026,2023,7,6,3,3,1,9
22.604,54.972,2023,7,6,3,3,1,9
22.592,55.018,2023,7,6,3,3,1,9
22.577,55.006,2023,7,6,3,3,1,9
22.565,54.964,2023,7,6,3,3,1,9
22.545,55.001,2023,7,6,3,3,1,10
22.531,55.031,2023,7,6,3,3,1,10
22.522,55.035,2023,7,6,3,3,1,10
22.503,55.011,2023,7,6,3,3,1,10
22.488,55.038,2023,7,6,3,3,1,10
22.482,55.092,2023,7,6,3,3,1,10
22.476,55.16,2023,7,6,3,3,1,10
22.47,55.168,2023,7,6,3,3,1,10
22.462,55.147,2023,7,6,3,3,1,10
22.448,55.098,2023,7,6,3,3,1,10
22.434,55.09,2023,7,6,3,3,1,10
22.418,55.088,2023,7,6,3,3,1,10
22.399,55.054,2023,7,6,3,3,1,10
22.383,55.104,2023,7,6,3,3,1,10
22.376,55.166,2023,7,6,3,3,1,10
22.372,55.177,2023,7,6,3,3,1,10
22.371,55.178,2023,7,6,3,3,1,10
22.37,55.179,2023,7,6,3,3,1,10
22.373,55.174,2023,7,6,3,3,1,10
22.374,55.178,2023,7,6,3,3,1,10
22.377,55.148,2023,7,6,4,3,1,10
22.375,55.063,2023,7,6,4,3,1,10
22.37,55.044,2023,7,6,4,3,1,10
22.353,54.995,2023,7,6,4,3,1,10
22.341,54.981,2023,7,6,4,3,1,10
22.322,55.023,2023,7,6,4,3,1,10
22.303,55.055,2023,7,6,4,3,1,10
22.295,55.073,2023,7,6,4,3,1,10
22.292,55.135,2023,7,6,4,3,1,10
22.285,55.174,2023,7,6,4,3,1,10
22.288,55.142,2023,7,6,4,3,1,10
22.286,55.158,2023,7,6,4,3,1,10
22.276,55.165,2023,7,6,4,3,1,10
22.269,55.185,2023,7,6,4,3,1,10
22.267,55.149,2023,7,6,4,3,1,10
22.264,55.141,2023,7,6,4,3,1,10
22.259,55.078,2023,7,6,4,3,1,10
22.246,55.078,2023,7,6,4,3,1,10
22.227,55.185,2023,7,6,4,3,1,10
22.212,55.266,2023,7,6,4,3,1,10
22.204,55.288,2023,7,6,4,3,1,10
22.2,55.297,2023,7,6,4,3,1,10
22.188,55.299,2023,7,6,4,3,1,10
22.175,55.323,2023,7,6,4,3,1,10
22.16,55.328,2023,7,6,4,3,1,10
22.143,55.369,2023,7,6,4,3,1,10
22.133,55.428,2023,7,6,4,3,1,10
22.119,55.455,2023,7,6,4,3,1,10
22.109,55.468,2023,7,6,4,3,1,10
22.1,55.549,2023,7,6,4,3,1,10
22.089,55.586,2023,7,6,5,3,1,10
22.083,55.565,2023,7,6,5,3,1,10
22.069,55.592,2023,7,6,5,3,1,10
22.054,55.678,2023,7,6,5,3,1,10
22.043,55.729,2023,7,6,5,3,1,10
22.041,55.777,2023,7,6,5,3,1,10
22.04,55.771,2023,7,6,5,3,1,10
22.041,55.816,2023,7,6,5,3,1,10
22.04,55.728,2023,7,6,5,3,1,10
22.035,55.755,2023,7,6,5,3,1,10
22.033,55.809,2023,7,6,5,3,1,10
22.02,55.791,2023,7,6,5,3,1,10
22.009,55.804,2023,7,6,5,3,1,10
21.992,55.804,2023,7,6,5,3,1,10
21.981,55.852,2023,7,6,5,3,1,10
21.972,55.864,2023,7,6,5,3,1,10
21.962,55.926,2023,7,6,5,3,1,10
21.946,55.904,2023,7,6,5,3,1,10
21.928,55.944,2023,7,6,5,3,1,10
21.908,55.993,2023,7,6,5,3,1,10
21.897,56.103,2023,7,6,5,3,1,10
21.887,56.118,2023,7,6,5,3,1,10
21.875,56.21,2023,7,6,5,3,1,10
21.867,56.214,2023,7,6,5,3,1,10
21.863,56.319,2023,7,6,5,3,1,10
21.868,56.356,2023,7,6,5,3,1,10
21.862,56.39,2023,7,6,5,3,1,10
21.858,56.457,2023,7,6,5,3,1,10
21.851,56.468,2023,7,6,5,3,1,10
21.851,56.529,2023,7,6,5,3,1,10
21.845,56.577,2023,7,6,6,3,1,10
21.846,56.621,2023,7,6,6,3,1,10
21.847,56.555,2023,7,6,6,3,1,10
21.84,56.596,2023,7,6,6,3,1,10
21.831,56.626,2023,7,6,6,3,1,10
21.826,56.652,2023,7,6,6,3,1,10
21.817,56.741,2023,7,6,6,3,1,10
21.805,56.723,2023,7,6,6,3,1,10
21.796,56.79,2023,7,6,6,3,1,10
21.792,56.812,2023,7,6,6,3,1,10
21.792,56.785,2023,7,6,6,3,1,10
21.792,56.829,2023,7,6,6,3,1,10
21.789,56.841,2023,7,6,6,3,1,10
21.779,56.847,2023,7,6,6,3,1,10
21.763,56.905,2023,7,6,6,3,1,10
21.754,56.906,2023,7,6,6,3,1,10
21.747,56.978,2023,7,6,6,3,1,10
21.737,56.995,2023,7,6,6,3,1,10
21.722,57.039,2023,7,6,6,3,1,10
21.714,57.18,2023,7,6,6,3,1,10
21.706,57.119,2023,7,6,6,3,1,10
21.7,57.25,2023,7,6,6,3,1,10
21.687,57.232,2023,7,6,6,3,1,10
21.679,57.339,2023,7,6,6,3,1,10
21.677,57.362,2023,7,6,6,3,1,10
21.675,57.359,2023,7,6,6,3,1,10
21.677,57.389,2023,7,6,6,3,1,10
21.676,57.417,2023,7,6,6,3,1,10
21.677,57.515,2023,7,6,6,3,1,10
21.679,57.511,2023,7,6,7,3,1,10
21.685,57.517,2023,7,6,7,3,1,10
21.698,57.513,2023,7,6,7,3,1,10
21.705,57.52,2023,7,6,7,3,1,10
21.708,57.588,2023,7,6,7,3,1,10
21.704,57.599,2023,7,6,7,3,1,10
21.704,57.634,2023,7,6,7,3,1,10
21.702,57.698,2023,7,6,7,3,1,10
21.702,57.824,2023,7,6,7,3,1,10
21.701,57.992,2023,7,6,7,3,1,10
21.699,57.923,2023,7,6,7,3,1,10
21.697,57.99,2023,7,6,7,3,1,10
21.706,57.908,2023,7,6,7,3,1,10
21.71,57.97,2023,7,6,7,3,1,10
21.708,57.935,2023,7,6,7,3,1,10
21.707,57.898,2023,7,6,7,3,1,10
21.709,57.902,2023,7,6,7,3,1,10
21.712,57.912,2023,7,6,7,3,1,10
21.713,58.004,2023,7,6,7,3,1,10
21.715,57.954,2023,7,6,7,3,1,10
21.71,58.026,2023,7,6,7,3,1,10
21.711,58.079,2023,7,6,7,3,1,10
21.715,58.184,2023,7,6,7,3,1,10
21.714,58.162,2023,7,6,7,3,1,10
21.716,58.152,2023,7,6,7,3,1,10
21.731,58.24,2023,7,6,7,3,1,10
21.741,58.275,2023,7,6,7,3,1,10
21.743,58.274,2023,7,6,7,3,1,10
21.745,58.381,2023,7,6,7,3,1,10
21.743,58.413,2023,7,6,7,3,1,10
21.748,58.409,2023,7,6,8,3,1,10
21.766,58.449,2023,7,6,8,3,1,10
21.782,58.51,2023,7,6,8,3,1,10
21.783,58.581,2023,7,6,8,3,1,10
21.791,58.619,2023,7,6,8,3,1,10
21.802,58.677,2023,7,6,8,3,1,10
21.806,58.686,2023,7,6,8,3,1,10
21.802,58.698,2023,7,6,8,3,1,10
21.82,58.637,2023,7,6,8,3,1,10
21.831,58.736,2023,7,6,8,3,1,10
21.847,58.738,2023,7,6,8,3,1,10
21.861,58.745,2023,7,6,8,3,1,10
21.879,58.713,2023,7,6,8,3,1,10
21.888,58.668,2023,7,6,8,3,1,10
21.892,58.689,2023,7,6,8,3,1,10
21.894,58.778,2023,7,6,8,3,1,10
21.899,58.739,2023,7,6,8,3,1,10
21.916,58.791,2023,7,6,8,3,1,10
21.932,58.805,2023,7,6,8,3,1,10
21.935,58.764,2023,7,6,8,3,1,10
21.94,58.806,2023,7,6,8,3,1,10
21.957,58.819,2023,7,6,8,3,1,10
21.963,58.763,2023,7,6,8,3,1,10
21.968,58.72,2023,7,6,8,3,1,10
21.975,58.701,2023,7,6,8,3,1,10
21.977,58.718,2023,7,6,8,3,1,10
21.979,58.728,2023,7,6,8,3,1,10
21.998,58.685,2023,7,6,8,3,1,10
22.015,58.623,2023,7,6,8,3,1,10
22.031,58.569,2023,7,6,8,3,1,10
22.038,58.57,2023,7,6,9,3,1,10
22.043,58.427,2023,7,6,9,3,1,10
22.048,58.419,2023,7,6,9,3,1,10
22.048,58.315,2023,7,6,9,3,1,10
22.05,58.317,2023,7,6,9,3,1,10
22.053,58.292,2023,7,6,9,3,1,10
22.068,58.291,2023,7,6,9,3,1,10
22.082,58.292,2023,7,6,9,3,1,10
22.11,58.19,2023,7,6,9,3,1,10
22.144,58.087,2023,7,6,9,3,1,10
22.162,57.931,2023,7,6,9,3,1,10
22.17,57.901,2023,7,6,9,3,1,10
22.174,57.7,2023,7,6,9,3,1,10
22.18,57.532,2023,7,6,9,3,1,10
22.173,57.27,2023,7,6,9,3,1,10
22.162,57.144,2023,7,6,9,3,1,10
22.157,57.13,2023,7,6,9,3,1,10
22.157,56.952,2023,7,6,9,3,1,10
22.147,56.954,2023,7,6,9,3,1,10
22.145,56.823,2023,7,6,9,3,1,10
22.149,56.683,2023,7,6,9,3,1,10
22.151,56.667,2023,7,6,9,3,1,10
22.158,56.56,2023,7,6,9,3,1,10
22.162,56.607,2023,7,6,9,3,1,10
22.174,56.598,2023,7,6,9,3,1,10
22.188,56.499,2023,7,6,9,3,1,10
22.198,56.38,2023,7,6,9,3,1,10
22.198,56.372,2023,7,6,9,3,1,10
22.198,56.241,2023,7,6,9,3,1,10
22.204,56.519,2023,7,6,9,3,1,10
22.204,56.987,2023,7,6,10,3,1,10
22.21,56.876,2023,7,6,10,3,1,10
22.227,56.385,2023,7,6,10,3,1,10
22.244,56.184,2023,7,6,10,3,1,10
22.257,56.107,2023,7,6,10,3,1,10
22.277,56.066,2023,7,6,10,3,1,10
22.29,55.854,2023,7,6,10,3,1,10
22.295,55.881,2023,7,6,10,3,1,10
22.306,55.899,2023,7,6,10,3,1,10
22.32,55.927,2023,7,6,10,3,1,10
22.339,55.876,2023,7,6,10,3,1,10
22.359,56.042,2023,7,6,10,3,1,10
22.405,56.026,2023,7,6,10,3,1,10
22.457,55.954,2023,7,6,10,3,1,10
22.52,55.923,2023,7,6,10,3,1,10
22.563,55.817,2023,7,6,10,3,1,9
22.606,55.722,2023,7,6,10,3,1,9
22.634,55.676,2023,7,6,10,3,1,9
22.674,55.561,2023,7,6,10,3,1,9
22.728,55.431,2023,7,6,10,3,1,9
22.773,55.277,2023,7,6,10,3,1,9
22.808,55.158,2023,7,6,10,3,1,9
22.837,55.046,2023,7,6,10,3,1,9
22.851,54.979,2023,7,6,10,3,1,9
22.86,54.891,2023,7,6,10,3,1,9
22.867,54.88,2023,7,6,10,3,1,9
22.877,55.227,2023,7,6,10,3,1,9
22.882,55.424,2023,7,6,10,3,1,9
22.879,55.629,2023,7,6,10,3,1,9
22.871,55.655,2023,7,6,10,3,1,9
22.882,55.557,2023,7,6,11,3,1,9
22.895,55.521,2023,7,6,11,3,1,9
22.903,55.488,2023,7,6,11,3,1,9
22.912,55.511,2023,7,6,11,3,1,9
22.925,55.562,2023,7,6,11,3,1,9
22.933,55.595,2023,7,6,11,3,1,9
22.941,55.42,2023,7,6,11,3,1,9
22.944,55.099,2023,7,6,11,3,1,9
22.943,55.007,2023,7,6,11,3,1,9
22.939,55.077,2023,7,6,11,3,1,9
22.937,54.993,2023,7,6,11,3,1,9
22.941,54.954,2023,7,6,11,3,1,9
22.942,54.973,2023,7,6,11,3,1,9
22.948,55.001,2023,7,6,11,3,1,9
22.974,55.117,2023,7,6,11,3,1,9
23.023,55.122,2023,7,6,11,3,1,9
23.075,55.06,2023,7,6,11,3,1,9
23.122,54.9,2023,7,6,11,3,1,9
23.156,54.825,2023,7,6,11,3,1,9
23.175,54.738,2023,7,6,11,3,1,9
23.189,54.752,2023,7,6,11,3,1,9
23.197,54.838,2023,7,6,11,3,1,9
23.227,54.853,2023,7,6,11,3,1,9
23.272,54.954,2023,7,6,11,3,1,9
23.33,54.962,2023,7,6,11,3,1,9
23.395,54.962,2023,7,6,11,3,1,9
23.45,54.828,2023,7,6,11,3,1,9
23.491,54.639,2023,7,6,11,3,1,9
23.522,54.456,2023,7,6,11,3,1,9
23.536,54.327,2023,7,6,11,3,1,9
23.534,54.31,2023,7,6,12,3,1,9
23.535,54.275,2023,7,6,12,3,1,9
23.531,54.219,2023,7,6,12,3,1,9
23.521,54.276,2023,7,6,12,3,1,9
23.504,53.957,2023,7,6,12,3,1,9
23.493,54.207,2023,7,6,12,3,1,9
23.494,54.342,2023,7,6,12,3,1,9
23.503,54.455,2023,7,6,12,3,1,9
23.522,54.666,2023,7,6,12,3,1,9
23.549,54.77,2023,7,6,12,3,1,9
23.57,54.81,2023,7,6,12,3,1,9
23.595,54.882,2023,7,6,12,3,1,9
23.631,54.932,2023,7,6,12,3,1,9
23.655,54.963,2023,7,6,12,3,1,9
23.674,55.144,2023,7,6,12,3,1,8
23.689,55.117,2023,7,6,12,3,1,8
23.709,55.174,2023,7,6,12,3,1,8
23.721,55.163,2023,7,6,12,3,1,8
23.727,55.178,2023,7,6,12,3,1,8
23.741,55.185,2023,7,6,12,3,1,8
23.747,55.185,2023,7,6,12,3,1,8
23.751,55.261,2023,7,6,12,3,1,8
23.757,55.305,2023,7,6,12,3,1,8
23.776,55.407,2023,7,6,12,3,1,8
23.794,55.432,2023,7,6,12,3,1,8
23.826,55.433,2023,7,6,12,3,1,8
23.852,55.493,2023,7,6,12,3,1,8
23.881,55.534,2023,7,6,12,3,1,8
23.906,55.549,2023,7,6,12,3,1,8
23.928,55.552,2023,7,6,12,3,1,8
23.941,55.48,2023,7,6,13,3,1,8
23.96,55.51,2023,7,6,13,3,1,8
23.976,55.53,2023,7,6,13,3,1,8
23.992,55.518,2023,7,6,13,3,1,8
24.005,55.541,2023,7,6,13,3,1,8
24.012,55.543,2023,7,6,13,3,1,8
24.017,55.549,2023,7,6,13,3,1,8
24.022,55.647,2023,7,6,13,3,1,8
24.029,55.651,2023,7,6,13,3,1,8
24.044,55.666,2023,7,6,13,3,1,8
24.06,55.643,2023,7,6,13,3,1,8
24.08,55.654,2023,7,6,13,3,1,8
24.097,55.663,2023,7,6,13,3,1,8
24.116,55.598,2023,7,6,13,3,1,8
24.128,55.602,2023,7,6,13,3,1,8
24.147,55.751,2023,7,6,13,3,1,8
24.167,55.705,2023,7,6,13,3,1,8
24.194,55.689,2023,7,6,13,3,1,8
24.212,55.658,2023,7,6,13,3,1,8
24.237,55.709,2023,7,6,13,3,1,8
24.261,55.675,2023,7,6,13,3,1,8
24.282,55.65,2023,7,6,13,3,1,8
24.303,55.645,2023,7,6,13,3,1,8
24.316,55.651,2023,7,6,13,3,1,8
24.335,55.556,2023,7,6,13,3,1,8
24.345,55.652,2023,7,6,13,3,1,8
24.342,55.565,2023,7,6,13,3,1,8
24.343,55.669,2023,7,6,13,3,1,8
24.344,55.55,2023,7,6,13,3,1,8
24.35,55.399,2023,7,6,13,3,1,8
24.373,55.405,2023,7,6,14,3,1,8
24.405,55.322,2023,7,6,14,3,1,8
24.436,55.256,2023,7,6,14,3,1,8
24.464,55.342,2023,7,6,14,3,1,8
24.503,55.49,2023,7,6,14,3,1,8
24.534,55.318,2023,7,6,14,3,1,8
24.561,55.247,2023,7,6,14,3,1,8
24.579,55.238,2023,7,6,14,3,1,8
24.602,55.109,2023,7,6,14,3,1,8
24.618,54.871,2023,7,6,14,3,1,8
24.637,54.949,2023,7,6,14,3,1,8
24.653,54.77,2023,7,6,14,3,1,8
24.671,54.722,2023,7,6,14,3,1,8
24.681,54.605,2023,7,6,14,3,1,8
24.699,54.698,2023,7,6,14,3,1,8
24.717,54.587,2023,7,6,14,3,1,8
24.731,54.47,2023,7,6,14,3,1,8
24.749,54.285,2023,7,6,14,3,1,8
24.761,54.208,2023,7,6,14,3,1,8
24.772,54.299,2023,7,6,14,3,1,8
24.787,54.395,2023,7,6,14,3,1,7
24.799,54.279,2023,7,6,14,3,1,7
24.807,54.133,2023,7,6,14,3,1,7
24.812,54.778,2023,7,6,14,3,1,7
24.828,58.123,2023,7,6,14,3,1,7
24.844,59.463,2023,7,6,14,3,1,7
24.87,61.382,2023,7,6,14,3,1,7
24.897,61.815,2023,7,6,14,3,1,7
24.906,58.692,2023,7,6,14,3,1,7
24.905,57.009,2023,7,6,14,3,1,7
24.903,56.658,2023,7,6,15,3,1,7
24.9,56.777,2023,7,6,15,3,1,7
24.907,57.967,2023,7,6,15,3,1,7
24.926,58.692,2023,7,6,15,3,1,7
24.956,62.627,2023,7,6,15,3,1,7
24.992,65.265,2023,7,6,15,3,1,6
25.024,63.39,2023,7,6,15,3,1,7
25.039,60.742,2023,7,6,15,3,1,7
25.049,59.958,2023,7,6,15,3,1,7
25.052,59.52,2023,7,6,15,3,1,7
25.052,58.976,2023,7,6,15,3,1,7
25.051,58.707,2023,7,6,15,3,1,7
25.048,58.782,2023,7,6,15,3,1,7
25.043,58.551,2023,7,6,15,3,1,7
25.044,58.46,2023,7,6,15,3,1,7
25.042,58.384,2023,7,6,15,3,1,7
25.045,58.106,2023,7,6,15,3,1,7
25.047,57.308,2023,7,6,15,3,1,7
25.044,56.819,2023,7,6,15,3,1,7
25.045,56.584,2023,7,6,15,3,1,7
25.046,56.26,2023,7,6,15,3,1,7
25.042,56.066,2023,7,6,15,3,1,7
25.043,55.918,2023,7,6,15,3,1,7
25.042,55.765,2023,7,6,15,3,1,7
25.037,55.685,2023,7,6,15,3,1,7
25.04,55.589,2023,7,6,15,3,1,7
25.041,55.392,2023,7,6,15,3,1,7
25.037,55.284,2023,7,6,15,3,1,7
25.04,55.153,2023,7,6,15,3,1,7
25.038,54.964,2023,7,6,15,3,1,7
25.029,54.996,2023,7,6,16,3,1,7
25.021,54.991,2023,7,6,16,3,1,7
25.011,54.839,2023,7,6,16,3,1,7
25.0,54.759,2023,7,6,16,3,1,7
24.985,53.963,2023,7,6,16,3,1,7
24.942,52.821,2023,7,6,16,3,1,7
24.878,52.574,2023,7,6,16,3,1,7
24.82,51.027,2023,7,6,16,3,1,7
24.777,50.366,2023,7,6,16,3,1,8
24.766,50.401,2023,7,6,16,3,1,8
24.767,50.79,2023,7,6,16,3,1,8
24.778,51.007,2023,7,6,16,3,1,7
24.798,51.385,2023,7,6,16,3,1,7
24.819,51.579,2023,7,6,16,3,1,7
24.834,51.836,2023,7,6,16,3,1,7
24.857,52.013,2023,7,6,16,3,1,7
24.881,52.056,2023,7,6,16,3,1,7
24.899,52.017,2023,7,6,16,3,1,7
24.918,52.01,2023,7,6,16,3,1,7
24.937,52.066,2023,7,6,16,3,1,7
24.95,52.164,2023,7,6,16,3,1,7
24.973,52.15,2023,7,6,16,3,1,7
24.994,52.21,2023,7,6,16,3,1,7
25.015,51.925,2023,7,6,16,3,1,7
25.032,51.88,2023,7,6,16,3,1,7
25.044,51.951,2023,7,6,16,3,1,7
25.051,51.883,2023,7,6,16,3,1,7
25.054,51.925,2023,7,6,16,3,1,7
25.059,52.055,2023,7,6,16,3,1,7
25.068,52.379,2023,7,6,16,3,1,7
25.084,52.692,2023,7,6,17,3,1,7
25.094,52.65,2023,7,6,17,3,1,7
25.1,52.707,2023,7,6,17,3,1,7
25.106,52.662,2023,7,6,17,3,1,7
25.118,52.816,2023,7,6,17,3,1,7
25.13,53.071,2023,7,6,17,3,1,7
25.141,53.078,2023,7,6,17,3,1,7
25.151,53.002,2023,7,6,17,3,1,7
25.165,52.965,2023,7,6,17,3,1,7
25.176,52.973,2023,7,6,17,3,1,7
25.189,53.004,2023,7,6,17,3,1,7
25.205,52.963,2023,7,6,17,3,1,7
25.222,52.841,2023,7,6,17,3,1,7
25.237,52.667,2023,7,6,17,3,1,7
25.249,52.612,2023,7,6,17,3,1,7
25.263,52.633,2023,7,6,17,3,1,7
25.269,52.536,2023,7,6,17,3,1,7
25.279,52.529,2023,7,6,17,3,1,7
25.3,52.596,2023,7,6,17,3,1,7
25.322,52.632,2023,7,6,17,3,1,7
25.345,52.696,2023,7,6,17,3,1,7
25.361,52.632,2023,7,6,17,3,1,7
25.381,52.621,2023,7,6,17,3,1,7
25.394,52.572,2023,7,6,17,3,1,7
25.402,52.388,2023,7,6,17,3,1,7
25.408,52.098,2023,7,6,17,3,1,7
25.413,51.983,2023,7,6,17,3,1,7
25.42,52.267,2023,7,6,17,3,1,7
25.423,52.341,2023,7,6,17,3,1,7
25.426,52.176,2023,7,6,17,3,1,7
25.431,51.953,2023,7,6,18,3,1,7
25.44,52.28,2023,7,6,18,3,1,7
25.454,52.388,2023,7,6,18,3,1,7
25.457,52.358,2023,7,6,18,3,1,7
25.455,52.238,2023,7,6,18,3,1,7
25.455,52.172,2023,7,6,18,3,1,7
25.46,52.133,2023,7,6,18,3,1,7
25.46,52.014,2023,7,6,18,3,1,7
25.457,51.861,2023,7,6,18,3,1,7
25.461,51.838,2023,7,6,18,3,1,7
25.467,51.836,2023,7,6,18,3,1,7
25.471,51.822,2023,7,6,18,3,1,7
25.472,51.844,2023,7,6,18,3,1,7
25.477,51.724,2023,7,6,18,3,1,7
25.485,51.815,2023,7,6,18,3,1,7
25.497,51.76,2023,7,6,18,3,1,7
25.499,51.712,2023,7,6,18,3,1,7
25.499,51.707,2023,7,6,18,3,1,7
25.493,51.632,2023,7,6,18,3,1,7
25.492,51.585,2023,7,6,18,3,1,7
25.486,51.691,2023,7,6,18,3,1,7
25.489,51.717,2023,7,6,18,3,1,7
25.496,51.799,2023,7,6,18,3,1,7
25.507,51.866,2023,7,6,18,3,1,7
25.513,51.855,2023,7,6,18,3,1,7
25.514,51.618,2023,7,6,18,3,1,7
25.512,51.862,2023,7,6,18,3,1,7
25.516,52.152,2023,7,6,18,3,1,7
25.516,52.011,2023,7,6,18,3,1,7
25.513,52.012,2023,7,6,18,3,1,7
25.501,51.893,2023,7,6,19,3,1,7
25.483,51.969,2023,7,6,19,3,1,7
25.461,52.038,2023,7,6,19,3,1,7
25.442,52.401,2023,7,6,19,3,1,7
25.43,52.732,2023,7,6,19,3,1,7
25.424,52.902,2023,7,6,19,3,1,7
25.424,52.619,2023,7,6,19,3,1,7
25.42,52.68,2023,7,6,19,3,1,7
25.41,52.383,2023,7,6,19,3,1,7
25.393,51.951,2023,7,6,19,3,1,7
25.371,52.218,2023,7,6,19,3,1,7
25.357,51.328,2023,7,6,19,3,1,7
25.3,51.378,2023,7,6,19,3,1,7
25.227,50.669,2023,7,6,19,3,1,7
25.148,50.337,2023,7,6,19,3,1,7
25.071,50.516,2023,7,6,19,3,1,7
25.02,50.665,2023,7,6,19,3,1,7
24.975,50.345,2023,7,6,19,3,1,7
24.933,50.253,2023,7,6,19,3,1,7
24.887,49.674,2023,7,6,19,3,1,7
24.829,49.104,2023,7,6,19,3,1,7
24.763,49.465,2023,7,6,19,3,1,8
24.714,49.549,2023,7,6,19,3,1,8
24.689,49.67,2023,7,6,19,3,1,8
24.678,49.52,2023,7,6,19,3,1,8
24.652,49.495,2023,7,6,19,3,1,8
24.621,49.659,2023,7,6,19,3,1,8
24.595,49.807,2023,7,6,19,3,1,8
24.575,49.716,2023,7,6,19,3,1,8
24.562,49.66,2023,7,6,19,3,1,8
24.544,49.431,2023,7,6,20,3,1,8
24.513,48.568,2023,7,6,20,3,1,8
24.435,48.639,2023,7,6,20,3,1,8
24.354,49.097,2023,7,6,20,3,1,8
24.316,49.04,2023,7,6,20,3,1,8
24.288,49.313,2023,7,6,20,3,1,8
24.273,49.238,2023,7,6,20,3,1,8
24.272,49.342,2023,7,6,20,3,1,8
24.265,49.068,2023,7,6,20,3,1,8
24.241,49.199,2023,7,6,20,3,1,8
24.22,49.292,2023,7,6,20,3,1,8
24.212,49.281,2023,7,6,20,3,1,8
24.207,49.394,2023,7,6,20,3,1,8
24.209,48.863,2023,7,6,20,3,1,8
24.174,48.51,2023,7,6,20,3,1,8
24.137,49.026,2023,7,6,20,3,1,8
24.119,48.953,2023,7,6,20,3,1,8
24.097,48.992,2023,7,6,20,3,1,8
24.089,48.566,2023,7,6,20,3,1,8
24.064,48.704,2023,7,6,20,3,1,8
24.06,48.738,2023,7,6,20,3,1,8
24.091,48.929,2023,7,6,20,3,1,8
24.139,49.035,2023,7,6,20,3,1,8
24.191,49.116,2023,7,6,20,3,1,8
24.244,49.199,2023,7,6,20,3,1,8
24.298,49.242,2023,7,6,20,3,1,8
24.343,49.341,2023,7,6,20,3,1,8
24.393,49.366,2023,7,6,20,3,1,8
24.43,49.467,2023,7,6,20,3,1,8
24.462,49.557,2023,7,6,21,3,1,8
24.497,49.607,2023,7,6,21,3,1,8
24.527,49.612,2023,7,6,21,3,1,8
24.545,49.666,2023,7,6,21,3,1,8
24.564,49.73,2023,7,6,21,3,1,8
24.576,49.756,2023,7,6,21,3,1,8
24.58,49.845,2023,7,6,21,3,1,8
24.585,49.902,2023,7,6,21,3,1,8
24.592,49.938,2023,7,6,21,3,1,8
24.596,49.979,2023,7,6,21,3,1,8
24.613,49.991,2023,7,6,21,3,1,8
24.629,49.888,2023,7,6,21,3,1,8
24.646,49.858,2023,7,6,21,3,1,8
24.66,49.838,2023,7,6,21,3,1,8
24.668,49.856,2023,7,6,21,3,1,8
24.67,49.953,2023,7,6,21,3,1,8
24.676,49.986,2023,7,6,21,3,1,8
24.68,49.975,2023,7,6,21,3,1,8
24.685,49.984,2023,7,6,21,3,1,8
24.691,49.972,2023,7,6,21,3,1,8
24.69,49.914,2023,7,6,21,3,1,8
24.689,49.974,2023,7,6,21,3,1,8
24.694,49.954,2023,7,6,21,3,1,8
24.694,50.081,2023,7,6,21,3,1,8
24.686,50.12,2023,7,6,21,3,1,8
24.671,50.23,2023,7,6,21,3,1,8
24.65,50.247,2023,7,6,21,3,1,8
24.64,50.349,2023,7,6,21,3,1,8
24.632,50.613,2023,7,6,21,3,1,8
24.606,49.483,2023,7,6,21,3,1,8
24.514,47.481,2023,7,6,22,3,1,8
24.322,47.09,2023,7,6,22,3,1,8
24.129,47.176,2023,7,6,22,3,1,8
23.946,47.326,2023,7,6,22,3,1,8
23.781,47.386,2023,7,6,22,3,1,8
23.631,47.582,2023,7,6,22,3,1,9
23.504,47.761,2023,7,6,22,3,1,9
23.352,47.514,2023,7,6,22,3,1,9
23.208,47.676,2023,7,6,22,3,1,9
23.076,48.099,2023,7,6,22,3,1,9
22.953,48.023,2023,7,6,22,3,1,9
22.807,48.576,2023,7,6,22,3,1,9
22.686,48.687,2023,7,6,22,3,1,9
22.596,49.16,2023,7,6,22,3,1,9
22.517,49.318,2023,7,6,22,3,1,10
22.426,48.903,2023,7,6,22,3,1,10
22.343,49.285,2023,7,6,22,3,1,10
22.227,48.89,2023,7,6,22,3,1,10
22.113,48.446,2023,7,6,22,3,1,10
22.002,48.125,2023,7,6,22,3,1,10
21.915,47.835,2023,7,6,22,3,1,10
21.827,48.199,2023,7,6,22,3,1,10
21.723,50.21,2023,7,6,22,3,1,10
21.7,51.521,2023,7,6,22,3,1,10
21.749,52.127,2023,7,6,22,3,1,10
21.843,53.46,2023,7,6,22,3,1,10
21.94,53.617,2023,7,6,22,3,1,10
22.041,53.802,2023,7,6,22,3,1,10
22.149,53.994,2023,7,6,22,3,1,10
22.247,53.826,2023,7,6,22,3,1,10
22.343,53.932,2023,7,6,23,3,1,10
22.429,54.09,2023,7,6,23,3,1,10
22.514,53.987,2023,7,6,23,3,1,10
22.581,54.0,2023,7,6,23,3,1,9
22.646,54.166,2023,7,6,23,3,1,9
22.711,54.18,2023,7,6,23,3,1,9
22.764,54.136,2023,7,6,23,3,1,9
22.807,54.103,2023,7,6,23,3,1,9
22.85,53.911,2023,7,6,23,3,1,9
22.899,53.879,2023,7,6,23,3,1,9
22.938,53.857,2023,7,6,23,3,1,9
22.973,53.934,2023,7,6,23,3,1,9
23.006,53.979,2023,7,6,23,3,1,9
23.038,54.097,2023,7,6,23,3,1,9
23.073,54.198,2023,7,6,23,3,1,9
23.092,54.306,2023,7,6,23,3,1,9
23.114,54.416,2023,7,6,23,3,1,9
23.134,54.484,2023,7,6,23,3,1,9
23.154,54.696,2023,7,6,23,3,1,9
23.163,55.43,2023,7,6,23,3,1,9
23.173,54.389,2023,7,6,23,3,1,9
23.173,53.259,2023,7,6,23,3,1,9
23.167,52.405,2023,7,6,23,3,1,9
23.154,52.48,2023,7,6,23,3,1,9
23.14,52.292,2023,7,6,23,3,1,9
23.126,51.78,2023,7,6,23,3,1,9
23.115,51.798,2023,7,6,23,3,1,9
23.106,51.795,2023,7,6,23,3,1,9
23.098,52.01,2023,7,6,23,3,1,9
23.093,51.97,2023,7,6,23,3,1,9
23.092,51.797,2023,7,0,0,3,0,9
23.091,51.864,2023,7,0,0,3,0,9
23.093,51.443,2023,7,0,0,3,0,9
23.09,51.443,2023,7,0,0,3,0,9
23.088,50.928,2023,7,0,0,3,0,9
23.082,50.368,2023,7,0,0,3,0,9
23.06,50.457,2023,7,0,0,3,0,9
23.048,50.743,2023,7,0,0,3,0,9
23.041,50.349,2023,7,0,0,3,0,9
23.035,50.012,2023,7,0,0,3,0,9
23.028,49.794,2023,7,0,0,3,0,9
23.014,49.919,2023,7,0,0,3,0,9
23.004,49.791,2023,7,0,0,3,0,9
22.991,49.743,2023,7,0,0,3,0,9
22.978,49.43,2023,7,0,0,3,0,9
22.97,49.347,2023,7,0,0,3,0,9
22.956,49.372,2023,7,0,0,3,0,9
22.946,49.419,2023,7,0,0,3,0,9
22.94,49.455,2023,7,0,0,3,0,9
22.936,49.526,2023,7,0,0,3,0,9
22.93,49.26,2023,7,0,0,3,0,9
22.929,49.27,2023,7,0,0,3,0,9
22.921,49.406,2023,7,0,0,3,0,9
22.912,49.334,2023,7,0,0,3,0,9
22.907,49.253,2023,7,0,0,3,0,9
22.901,49.012,2023,7,0,0,3,0,9
22.893,48.956,2023,7,0,0,3,0,9
22.881,49.091,2023,7,0,0,3,0,9
22.875,49.108,2023,7,0,0,3,0,9
22.863,49.055,2023,7,0,0,3,0,9
22.857,49.013,2023,7,0,1,3,0,9
22.851,48.682,2023,7,0,1,3,0,9
22.837,48.755,2023,7,0,1,3,0,9
22.831,49.083,2023,7,0,1,3,0,9
22.826,49.399,2023,7,0,1,3,0,9
22.827,49.601,2023,7,0,1,3,0,9
22.83,49.438,2023,7,0,1,3,0,9
22.829,49.061,2023,7,0,1,3,0,9
22.822,48.86,2023,7,0,1,3,0,9
22.817,49.032,2023,7,0,1,3,0,9
22.814,49.185,2023,7,0,1,3,0,9
22.811,49.179,2023,7,0,1,3,0,9
22.815,49.414,2023,7,0,1,3,0,9
22.82,49.274,2023,7,0,1,3,0,9
22.824,49.186,2023,7,0,1,3,0,9
22.83,49.313,2023,7,0,1,3,0,9
22.834,49.127,2023,7,0,1,3,0,9
22.839,49.172,2023,7,0,1,3,0,9
22.84,49.183,2023,7,0,1,3,0,9
22.843,48.674,2023,7,0,1,3,0,9
22.831,48.496,2023,7,0,1,3,0,9
22.821,48.463,2023,7,0,1,3,0,9
22.808,48.471,2023,7,0,1,3,0,9
22.793,48.427,2023,7,0,1,3,0,9
22.784,48.474,2023,7,0,1,3,0,9
22.772,48.385,2023,7,0,1,3,0,9
22.767,48.465,2023,7,0,1,3,0,9
22.76,48.163,2023,7,0,1,3,0,9
22.749,48.103,2023,7,0,1,3,0,9
22.735,48.372,2023,7,0,1,3,0,9
22.727,48.469,2023,7,0,2,3,0,9
22.725,48.438,2023,7,0,2,3,0,9
22.72,48.364,2023,7,0,2,3,0,9
22.713,48.356,2023,7,0,2,3,0,9
22.701,48.493,2023,7,0,2,3,0,9
22.691,48.5,2023,7,0,2,3,0,9
22.68,48.486,2023,7,0,2,3,0,9
22.671,48.536,2023,7,0,2,3,0,9
22.667,48.594,2023,7,0,2,3,0,9
22.662,48.635,2023,7,0,2,3,0,9
22.65,48.419,2023,7,0,2,3,0,9
22.643,48.472,2023,7,0,2,3,0,9
22.64,48.536,2023,7,0,2,3,0,9
22.637,48.468,2023,7,0,2,3,0,9
22.63,48.354,2023,7,0,2,3,0,9
22.624,48.539,2023,7,0,2,3,0,9
22.611,48.464,2023,7,0,2,3,0,9
22.607,48.51,2023,7,0,2,3,0,9
22.603,48.688,2023,7,0,2,3,0,9
22.599,48.629,2023,7,0,2,3,0,9
22.6,48.558,2023,7,0,2,3,0,9
22.599,48.501,2023,7,0,2,3,0,9
22.597,48.505,2023,7,0,2,3,0,9
22.594,48.56,2023,7,0,2,3,0,9
22.592,48.434,2023,7,0,2,3,0,9
22.587,48.373,2023,7,0,2,3,0,9
22.577,48.267,2023,7,0,2,3,0,9
22.568,48.339,2023,7,0,2,3,0,9
22.561,48.203,2023,7,0,2,3,0,9
22.553,48.136,2023,7,0,2,3,0,10
22.538,48.273,2023,7,0,3,3,0,10
22.528,48.251,2023,7,0,3,3,0,10
22.523,48.242,2023,7,0,3,3,0,10
22.521,48.24,2023,7,0,3,3,0,10
22.521,48.301,2023,7,0,3,3,0,10
22.521,48.249,2023,7,0,3,3,0,10
22.523,48.302,2023,7,0,3,3,0,10
22.525,48.254,2023,7,0,3,3,0,10
22.522,48.228,2023,7,0,3,3,0,10
22.52,48.118,2023,7,0,3,3,0,10
22.518,48.0,2023,7,0,3,3,0,10
22.514,47.989,2023,7,0,3,3,0,10
22.506,48.019,2023,7,0,3,3,0,10
22.498,47.941,2023,7,0,3,3,0,10
22.485,47.919,2023,7,0,3,3,0,10
22.478,47.867,2023,7,0,3,3,0,10
22.469,47.828,2023,7,0,3,3,0,10
22.461,47.837,2023,7,0,3,3,0,10
22.452,47.966,2023,7,0,3,3,0,10
22.448,48.068,2023,7,0,3,3,0,10
22.445,48.137,2023,7,0,3,3,0,10
22.441,48.019,2023,7,0,3,3,0,10
22.437,47.965,2023,7,0,3,3,0,10
22.431,47.873,2023,7,0,3,3,0,10
22.421,47.865,2023,7,0,3,3,0,10
22.413,47.863,2023,7,0,3,3,0,10
22.408,47.968,2023,7,0,3,3,0,10
22.401,47.939,2023,7,0,3,3,0,10
22.393,47.884,2023,7,0,3,3,0,10
22.382,47.795,2023,7,0,3,3,0,10
22.374,47.811,2023,7,0,4,3,0,10
22.36,47.866,2023,7,0,4,3,0,10
22.35,47.784,2023,7,0,4,3,0,10
22.342,47.777,2023,7,0,4,3,0,10
22.33,47.859,2023,7,0,4,3,0,10
22.314,47.87,2023,7,0,4,3,0,10
22.305,47.872,2023,7,0,4,3,0,10
22.298,47.873,2023,7,0,4,3,0,10
22.29,47.843,2023,7,0,4,3,0,10
22.281,47.767,2023,7,0,4,3,0,10
22.269,47.757,2023,7,0,4,3,0,10
22.26,47.862,2023,7,0,4,3,0,10
22.256,47.98,2023,7,0,4,3,0,10
22.249,48.006,2023,7,0,4,3,0,10
22.245,48.007,2023,7,0,4,3,0,10
22.244,48.077,2023,7,0,4,3,0,10
22.241,48.152,2023,7,0,4,3,0,10
22.239,48.166,2023,7,0,4,3,0,10
22.235,48.148,2023,7,0,4,3,0,10
22.233,48.135,2023,7,0,4,3,0,10
22.229,48.134,2023,7,0,4,3,0,10
22.224,48.17,2023,7,0,4,3,0,10
22.222,48.306,2023,7,0,4,3,0,10
22.212,48.372,2023,7,0,4,3,0,10
22.211,48.388,2023,7,0,4,3,0,10
22.207,48.394,2023,7,0,4,3,0,10
22.204,48.394,2023,7,0,4,3,0,10
22.203,48.399,2023,7,0,4,3,0,10
22.203,48.395,2023,7,0,4,3,0,10
22.202,48.408,2023,7,0,4,3,0,10
22.199,48.496,2023,7,0,5,3,0,10
22.198,48.53,2023,7,0,5,3,0,10
22.201,48.611,2023,7,0,5,3,0,10
22.203,48.645,2023,7,0,5,3,0,10
22.209,48.651,2023,7,0,5,3,0,10
22.214,48.652,2023,7,0,5,3,0,10
22.216,48.656,2023,7,0,5,3,0,10
22.213,48.69,2023,7,0,5,3,0,10
22.212,48.655,2023,7,0,5,3,0,10
22.206,48.68,2023,7,0,5,3,0,10
22.199,48.769,2023,7,0,5,3,0,10
22.194,48.843,2023,7,0,5,3,0,10
22.191,48.896,2023,7,0,5,3,0,10
22.185,48.919,2023,7,0,5,3,0,10
22.179,48.996,2023,7,0,5,3,0,10
22.172,49.034,2023,7,0,5,3,0,10
22.163,49.039,2023,7,0,5,3,0,10
22.148,49.112,2023,7,0,5,3,0,10
22.133,49.164,2023,7,0,5,3,0,10
22.117,49.171,2023,7,0,5,3,0,10
22.107,49.269,2023,7,0,5,3,0,10
22.102,49.299,2023,7,0,5,3,0,10
22.099,49.402,2023,7,0,5,3,0,10
22.096,49.428,2023,7,0,5,3,0,10
22.093,49.431,2023,7,0,5,3,0,10
22.087,49.522,2023,7,0,5,3,0,10
22.078,49.556,2023,7,0,5,3,0,10
22.077,49.571,2023,7,0,5,3,0,10
22.075,49.675,2023,7,0,5,3,0,10
22.073,49.742,2023,7,0,5,3,0,10
22.071,49.808,2023,7,0,6,3,0,10
22.064,49.817,2023,7,0,6,3,0,10
22.061,49.819,2023,7,0,6,3,0,10
22.058,49.824,2023,7,0,6,3,0,10
22.049,49.916,2023,7,0,6,3,0,10
22.043,49.945,2023,7,0,6,3,0,10
22.039,49.968,2023,7,0,6,3,0,10
22.035,50.057,2023,7,0,6,3,0,10
22.027,50.139,2023,7,0,6,3,0,10
22.015,50.189,2023,7,0,6,3,0,10
22.011,50.205,2023,7,0,6,3,0,10
22.005,50.246,2023,7,0,6,3,0,10
22.0,50.324,2023,7,0,6,3,0,10
21.992,50.335,2023,7,0,6,3,0,10
21.982,50.364,2023,7,0,6,3,0,10
21.972,50.456,2023,7,0,6,3,0,10
21.965,50.479,2023,7,0,6,3,0,10
21.956,50.58,2023,7,0,6,3,0,10
21.946,50.602,2023,7,0,6,3,0,10
21.944,50.705,2023,7,0,6,3,0,10
21.951,50.725,2023,7,0,6,3,0,10
21.953,50.744,2023,7,0,6,3,0,10
21.956,50.755,2023,7,0,6,3,0,10
21.969,50.813,2023,7,0,6,3,0,10
21.976,50.837,2023,7,0,6,3,0,10
21.977,50.852,2023,7,0,6,3,0,10
21.98,50.854,2023,7,0,6,3,0,10
21.981,50.855,2023,7,0,6,3,0,10
21.98,50.862,2023,7,0,6,3,0,10
21.979,50.918,2023,7,0,6,3,0,10
21.973,50.975,2023,7,0,7,3,0,10
21.965,50.982,2023,7,0,7,3,0,10
21.956,50.984,2023,7,0,7,3,0,10
21.939,51.085,2023,7,0,7,3,0,10
21.928,51.111,2023,7,0,7,3,0,10
21.917,51.168,2023,7,0,7,3,0,10
21.908,51.304,2023,7,0,7,3,0,10
21.901,51.312,2023,7,0,7,3,0,10
21.89,51.262,2023,7,0,7,3,0,10
21.861,51.323,2023,7,0,7,3,0,10
21.826,51.435,2023,7,0,7,3,0,10
21.795,51.536,2023,7,0,7,3,0,10
21.769,51.623,2023,7,0,7,3,0,10
21.751,51.64,2023,7,0,7,3,0,10
21.753,51.641,2023,7,0,7,3,0,10
21.768,51.641,2023,7,0,7,3,0,10
21.784,51.773,2023,7,0,7,3,0,10
21.807,52.399,2023,7,0,7,3,0,10
21.834,52.547,2023,7,0,7,3,0,10
21.867,52.927,2023,7,0,7,3,0,10
21.896,53.017,2023,7,0,7,3,0,10
21.921,52.896,2023,7,0,7,3,0,10
21.955,53.026,2023,7,0,7,3,0,10
21.992,53.047,2023,7,0,7,3,0,10
22.016,53.134,2023,7,0,7,3,0,10
22.03,53.23,2023,7,0,7,3,0,10
22.038,53.266,2023,7,0,7,3,0,10
22.041,53.325,2023,7,0,7,3,0,10
22.043,53.202,2023,7,0,7,3,0,10
22.035,53.27,2023,7,0,7,3,0,10
22.024,53.243,2023,7,0,8,3,0,10
22.01,53.157,2023,7,0,8,3,0,10
21.995,53.136,2023,7,0,8,3,0,10
21.98,53.163,2023,7,0,8,3,0,10
21.964,53.158,2023,7,0,8,3,0,10
21.949,53.198,2023,7,0,8,3,0,10
21.938,53.223,2023,7,0,8,3,0,10
21.929,53.282,2023,7,0,8,3,0,10
21.924,53.239,2023,7,0,8,3,0,10
21.92,53.263,2023,7,0,8,3,0,10
21.914,53.244,2023,7,0,8,3,0,10
21.915,53.188,2023,7,0,8,3,0,10
21.918,53.172,2023,7,0,8,3,0,10
21.922,53.134,2023,7,0,8,3,0,10
21.928,53.082,2023,7,0,8,3,0,10
21.939,53.045,2023,7,0,8,3,0,10
21.952,53.041,2023,7,0,8,3,0,10
21.965,53.038,2023,7,0,8,3,0,10
21.979,53.038,2023,7,0,8,3,0,10
21.998,53.037,2023,7,0,8,3,0,10
22.012,52.998,2023,7,0,8,3,0,10
22.032,53.001,2023,7,0,8,3,0,10
22.045,53.01,2023,7,0,8,3,0,10
22.057,52.963,2023,7,0,8,3,0,10
22.071,52.914,2023,7,0,8,3,0,10
22.079,52.99,2023,7,0,8,3,0,10
22.093,53.022,2023,7,0,8,3,0,10
22.109,53.109,2023,7,0,8,3,0,10
22.134,53.147,2023,7,0,8,3,0,10
22.156,52.989,2023,7,0,8,3,0,10
22.19,52.787,2023,7,0,9,3,0,10
22.232,52.69,2023,7,0,9,3,0,10
22.28,52.631,2023,7,0,9,3,0,10
22.344,52.547,2023,7,0,9,3,0,10
22.406,52.478,2023,7,0,9,3,0,10
22.469,52.28,2023,7,0,9,3,0,10
22.54,52.222,2023,7,0,9,3,0,10
22.608,52.13,2023,7,0,9,3,0,9
22.677,52.078,2023,7,0,9,3,0,9
22.747,51.96,2023,7,0,9,3,0,9
22.805,51.869,2023,7,0,9,3,0,9
22.873,51.81,2023,7,0,9,3,0,9
22.946,51.782,2023,7,0,9,3,0,9
23.027,51.674,2023,7,0,9,3,0,9
23.113,51.579,2023,7,0,9,3,0,9
23.187,51.422,2023,7,0,9,3,0,9
23.257,51.301,2023,7,0,9,3,0,9
23.318,51.179,2023,7,0,9,3,0,9
23.373,51.124,2023,7,0,9,3,0,9
23.424,51.024,2023,7,0,9,3,0,9
23.47,50.902,2023,7,0,9,3,0,9
23.508,50.852,2023,7,0,9,3,0,9
23.535,50.791,2023,7,0,9,3,0,9
23.56,50.749,2023,7,0,9,3,0,9
23.588,50.719,2023,7,0,9,3,0,9
23.612,50.713,2023,7,0,9,3,0,9
23.634,50.711,2023,7,0,9,3,0,9
23.644,50.683,2023,7,0,9,3,0,9
23.651,50.665,2023,7,0,9,3,0,9
23.654,50.626,2023,7,0,9,3,0,9
23.654,50.62,2023,7,0,10,3,0,9
23.653,50.698,2023,7,0,10,3,0,9
23.653,50.708,2023,7,0,10,3,0,9
23.659,50.709,2023,7,0,10,3,0,9
23.673,50.708,2023,7,0,10,3,0,8
23.698,50.707,2023,7,0,10,3,0,8
23.741,50.705,2023,7,0,10,3,0,8
23.776,50.7,2023,7,0,10,3,0,8
23.817,50.689,2023,7,0,10,3,0,8
23.856,50.662,2023,7,0,10,3,0,8
23.896,50.569,2023,7,0,10,3,0,8
23.935,50.452,2023,7,0,10,3,0,8
23.976,50.427,2023,7,0,10,3,0,8
24.018,50.314,2023,7,0,10,3,0,8
24.052,50.279,2023,7,0,10,3,0,8
24.076,50.177,2023,7,0,10,3,0,8
24.088,50.163,2023,7,0,10,3,0,8
24.087,50.161,2023,7,0,10,3,0,8
24.07,50.164,2023,7,0,10,3,0,8
24.051,50.166,2023,7,0,10,3,0,8
24.025,50.179,2023,7,0,10,3,0,8
23.996,50.281,2023,7,0,10,3,0,8
23.993,50.409,2023,7,0,10,3,0,8
24.013,50.423,2023,7,0,10,3,0,8
24.04,50.422,2023,7,0,10,3,0,8
24.06,50.406,2023,7,0,10,3,0,8
24.083,50.306,2023,7,0,10,3,0,8
24.091,50.293,2023,7,0,10,3,0,8
24.089,50.29,2023,7,0,10,3,0,8
24.076,50.29,2023,7,0,11,3,0,8
24.064,50.291,2023,7,0,11,3,0,8
24.052,50.297,2023,7,0,11,3,0,8
24.034,50.4,2023,7,0,11,3,0,8
24.026,50.421,2023,7,0,11,3,0,8
24.021,50.427,2023,7,0,11,3,0,8
24.02,50.425,2023,7,0,11,3,0,8
24.019,50.438,2023,7,0,11,3,0,8
24.017,50.472,2023,7,0,11,3,0,8
24.017,50.543,2023,7,0,11,3,0,8
24.03,50.602,2023,7,0,11,3,0,8
24.062,50.637,2023,7,0,11,3,0,8
24.112,50.556,2023,7,0,11,3,0,8
24.162,50.452,2023,7,0,11,3,0,8
24.199,50.357,2023,7,0,11,3,0,8
24.215,50.289,2023,7,0,11,3,0,8
24.219,50.281,2023,7,0,11,3,0,8
24.216,50.279,2023,7,0,11,3,0,8
24.206,50.28,2023,7,0,11,3,0,8
24.189,50.282,2023,7,0,11,3,0,8
24.168,50.325,2023,7,0,11,3,0,8
24.152,50.402,2023,7,0,11,3,0,8
24.143,50.484,2023,7,0,11,3,0,8
24.151,50.535,2023,7,0,11,3,0,8
24.193,50.538,2023,7,0,11,3,0,8
24.25,50.533,2023,7,0,11,3,0,8
24.315,50.439,2023,7,0,11,3,0,8
24.389,50.399,2023,7,0,11,3,0,8
24.464,50.295,2023,7,0,11,3,0,8
24.546,50.202,2023,7,0,11,3,0,8
24.624,50.127,2023,7,0,12,3,0,8
24.697,50.014,2023,7,0,12,3,0,8
24.774,49.882,2023,7,0,12,3,0,8
24.827,49.739,2023,7,0,12,3,0,7
24.865,49.62,2023,7,0,12,3,0,7
24.89,49.524,2023,7,0,12,3,0,7
24.899,49.467,2023,7,0,12,3,0,7
24.9,49.458,2023,7,0,12,3,0,7
24.902,49.551,2023,7,0,12,3,0,7
24.914,49.579,2023,7,0,12,3,0,7
24.931,49.484,2023,7,0,12,3,0,7
24.94,49.456,2023,7,0,12,3,0,7
24.939,49.453,2023,7,0,12,3,0,7
24.93,49.454,2023,7,0,12,3,0,7
24.915,49.456,2023,7,0,12,3,0,7
24.901,49.457,2023,7,0,12,3,0,7
24.889,49.46,2023,7,0,12,3,0,7
24.874,49.46,2023,7,0,12,3,0,7
24.866,49.461,2023,7,0,12,3,0,7
24.846,49.461,2023,7,0,12,3,0,7
24.829,49.464,2023,7,0,12,3,0,7
24.802,49.499,2023,7,0,12,3,0,7
24.774,49.584,2023,7,0,12,3,0,8
24.737,49.598,2023,7,0,12,3,0,8
24.706,49.652,2023,7,0,12,3,0,8
24.679,49.711,2023,7,0,12,3,0,8
24.654,49.732,2023,7,0,12,3,0,8
24.624,49.812,2023,7,0,12,3,0,8
24.601,49.86,2023,7,0,12,3,0,8
24.588,49.933,2023,7,0,12,3,0,8
24.587,49.992,2023,7,0,13,3,0,8
24.6,49.993,2023,7,0,13,3,0,8
24.623,49.992,2023,7,0,13,3,0,8
24.643,49.991,2023,7,0,13,3,0,8
24.668,49.983,2023,7,0,13,3,0,8
24.683,49.98,2023,7,0,13,3,0,8
24.71,49.876,2023,7,0,13,3,0,8
24.746,49.856,2023,7,0,13,3,0,8
24.783,49.843,2023,7,0,13,3,0,7
24.819,49.752,2023,7,0,13,3,0,7
24.856,49.72,2023,7,0,13,3,0,7
24.895,49.713,2023,7,0,13,3,0,7
24.94,49.61,2023,7,0,13,3,0,7
24.972,49.503,2023,7,0,13,3,0,7
24.991,49.456,2023,7,0,13,3,0,7
25.007,49.446,2023,7,0,13,3,0,7
25.01,49.35,2023,7,0,13,3,0,7
24.998,49.334,2023,7,0,13,3,0,7
24.987,49.325,2023,7,0,13,3,0,7
24.969,49.326,2023,7,0,13,3,0,7
24.954,49.324,2023,7,0,13,3,0,7
24.933,49.327,2023,7,0,13,3,0,7
24.911,49.366,2023,7,0,13,3,0,7
24.897,49.446,2023,7,0,13,3,0,7
24.893,49.479,2023,7,0,13,3,0,7
24.895,49.544,2023,7,0,13,3,0,7
24.905,49.575,2023,7,0,13,3,0,7
24.926,49.578,2023,7,0,13,3,0,7
24.943,49.574,2023,7,0,13,3,0,7
24.952,49.524,2023,7,0,13,3,0,7
24.956,49.473,2023,7,0,14,3,0,7
24.956,49.475,2023,7,0,14,3,0,7
24.953,49.495,2023,7,0,14,3,0,7
24.946,49.549,2023,7,0,14,3,0,7
24.942,49.578,2023,7,0,14,3,0,7
24.942,49.581,2023,7,0,14,3,0,7
24.947,49.581,2023,7,0,14,3,0,7
24.951,49.58,2023,7,0,14,3,0,7
24.956,49.599,2023,7,0,14,3,0,7
24.964,49.615,2023,7,0,14,3,0,7
24.969,49.583,2023,7,0,14,3,0,7
24.982,49.578,2023,7,0,14,3,0,7
24.99,49.578,2023,7,0,14,3,0,7
24.993,49.578,2023,7,0,14,3,0,7
24.999,49.577,2023,7,0,14,3,0,7
25.001,49.577,2023,7,0,14,3,0,7
25.006,49.576,2023,7,0,14,3,0,7
25.01,49.568,2023,7,0,14,3,0,7
25.015,49.569,2023,7,0,14,3,0,7
25.018,49.562,2023,7,0,14,3,0,7
25.018,49.559,2023,7,0,14,3,0,7
25.019,49.553,2023,7,0,14,3,0,7
25.018,49.569,2023,7,0,14,3,0,7
25.015,49.567,2023,7,0,14,3,0,7
25.012,49.546,2023,7,0,14,3,0,7
25.013,49.527,2023,7,0,14,3,0,7
25.008,49.565,2023,7,0,14,3,0,7
25.004,49.568,2023,7,0,14,3,0,7
25.004,49.569,2023,7,0,14,3,0,7
25.001,49.572,2023,7,0,14,3,0,7
25.001,49.576,2023,7,0,15,3,0,7
25.001,49.577,2023,7,0,15,3,0,7
25.001,49.577,2023,7,0,15,3,0,7
24.995,49.578,2023,7,0,15,3,0,7
24.993,49.597,2023,7,0,15,3,0,7
24.993,49.602,2023,7,0,15,3,0,7
24.992,49.596,2023,7,0,15,3,0,7
24.989,49.625,2023,7,0,15,3,0,7
24.99,49.668,2023,7,0,15,3,0,7
24.989,49.651,2023,7,0,15,3,0,7
24.987,49.682,2023,7,0,15,3,0,7
24.986,49.703,2023,7,0,15,3,0,7
24.985,49.705,2023,7,0,15,3,0,7
24.985,49.706,2023,7,0,15,3,0,7
24.986,49.706,2023,7,0,15,3,0,7
24.981,49.706,2023,7,0,15,3,0,7
24.981,49.706,2023,7,0,15,3,0,7
24.978,49.74,2023,7,0,15,3,0,7
24.978,49.82,2023,7,0,15,3,0,7
24.982,49.831,2023,7,0,15,3,0,7
24.986,49.832,2023,7,0,15,3,0,7
24.987,49.833,2023,7,0,15,3,0,7
24.989,49.833,2023,7,0,15,3,0,7
24.994,49.833,2023,7,0,15,3,0,7
24.994,49.834,2023,7,0,15,3,0,7
24.994,49.837,2023,7,0,15,3,0,7
24.993,49.835,2023,7,0,15,3,0,7
24.991,49.834,2023,7,0,15,3,0,7
24.994,49.833,2023,7,0,15,3,0,7
24.992,49.833,2023,7,0,15,3,0,7
24.993,49.852,2023,7,0,16,3,0,7
24.997,49.869,2023,7,0,16,3,0,7
24.998,49.837,2023,7,0,16,3,0,7
24.994,49.834,2023,7,0,16,3,0,7
24.992,49.845,2023,7,0,16,3,0,7
24.991,49.933,2023,7,0,16,3,0,7
24.988,49.902,2023,7,0,16,3,0,7
24.989,49.903,2023,7,0,16,3,0,7
24.986,49.932,2023,7,0,16,3,0,7
24.986,49.95,2023,7,0,16,3,0,7
24.985,49.96,2023,7,0,16,3,0,7
24.985,49.961,2023,7,0,16,3,0,7
24.987,49.961,2023,7,0,16,3,0,7
24.984,49.962,2023,7,0,16,3,0,7
24.985,49.962,2023,7,0,16,3,0,7
24.984,49.963,2023,7,0,16,3,0,7
24.983,49.974,2023,7,0,16,3,0,7
24.981,50.046,2023,7,0,16,3,0,7
24.978,50.076,2023,7,0,16,3,0,7
24.977,50.083,2023,7,0,16,3,0,7
24.977,50.072,2023,7,0,16,3,0,7
24.982,50.072,2023,7,0,16,3,0,7
24.984,50.075,2023,7,0,16,3,0,7
24.984,50.082,2023,7,0,16,3,0,7
24.989,50.087,2023,7,0,16,3,0,7
24.987,50.088,2023,7,0,16,3,0,7
24.989,50.081,2023,7,0,16,3,0,7
24.991,50.069,2023,7,0,16,3,0,7
24.994,50.083,2023,7,0,16,3,0,7
24.998,50.077,2023,7,0,16,3,0,7
25.001,49.982,2023,7,0,17,3,0,7
25.007,49.967,2023,7,0,17,3,0,7
25.008,49.995,2023,7,0,17,3,0,7
25.009,50.052,2023,7,0,17,3,0,7
25.012,50.078,2023,7,0,17,3,0,7
25.013,50.062,2023,7,0,17,3,0,7
25.016,50.053,2023,7,0,17,3,0,7
25.021,50.016,2023,7,0,17,3,0,7
25.021,49.994,2023,7,0,17,3,0,7
25.02,49.978,2023,7,0,17,3,0,7
25.016,49.97,2023,7,0,17,3,0,7
25.018,49.964,2023,7,0,17,3,0,7
25.02,49.967,2023,7,0,17,3,0,7
25.021,49.959,2023,7,0,17,3,0,7
25.021,49.958,2023,7,0,17,3,0,7
25.021,49.958,2023,7,0,17,3,0,7
25.021,49.959,2023,7,0,17,3,0,7
25.022,50.035,2023,7,0,17,3,0,7
25.024,50.01,2023,7,0,17,3,0,7
25.023,50.035,2023,7,0,17,3,0,7
25.021,50.078,2023,7,0,17,3,0,7
25.018,50.085,2023,7,0,17,3,0,7
25.015,50.085,2023,7,0,17,3,0,7
25.014,50.085,2023,7,0,17,3,0,7
25.009,50.086,2023,7,0,17,3,0,7
25.006,50.087,2023,7,0,17,3,0,7
25.002,50.087,2023,7,0,17,3,0,7
24.997,50.107,2023,7,0,17,3,0,7
24.995,50.17,2023,7,0,17,3,0,7
24.994,50.165,2023,7,0,17,3,0,7
24.994,50.098,2023,7,0,18,3,0,7
24.995,50.094,2023,7,0,18,3,0,7
25.003,50.099,2023,7,0,18,3,0,7
25.007,50.072,2023,7,0,18,3,0,7
25.013,50.905,2023,7,0,18,3,0,7
25.009,52.24,2023,7,0,18,3,0,7
24.994,52.228,2023,7,0,18,3,0,7
24.979,51.882,2023,7,0,18,3,0,7
24.973,51.635,2023,7,0,18,3,0,7
24.968,51.463,2023,7,0,18,3,0,7
24.974,51.375,2023,7,0,18,3,0,7
24.975,51.257,2023,7,0,18,3,0,7
24.982,50.83,2023,7,0,18,3,0,7
24.986,50.517,2023,7,0,18,3,0,7
24.988,50.477,2023,7,0,18,3,0,7
24.991,50.448,2023,7,0,18,3,0,7
24.993,50.356,2023,7,0,18,3,0,7
24.997,50.35,2023,7,0,18,3,0,7
25.0,50.344,2023,7,0,18,3,0,7
25.004,50.276,2023,7,0,18,3,0,7
25.003,50.327,2023,7,0,18,3,0,7
25.005,50.237,2023,7,0,18,3,0,7
25.008,50.179,2023,7,0,18,3,0,7
25.01,50.162,2023,7,0,18,3,0,7
25.013,50.114,2023,7,0,18,3,0,7
25.013,50.029,2023,7,0,18,3,0,7
25.015,50.056,2023,7,0,18,3,0,7
25.013,49.889,2023,7,0,18,3,0,7
25.012,49.738,2023,7,0,18,3,0,7
25.007,49.622,2023,7,0,18,3,0,7
25.004,49.41,2023,7,0,19,3,0,7
24.997,49.362,2023,7,0,19,3,0,7
25.0,49.235,2023,7,0,19,3,0,7
24.999,48.939,2023,7,0,19,3,0,7
24.994,49.049,2023,7,0,19,3,0,7
24.994,49.162,2023,7,0,19,3,0,7
24.994,49.209,2023,7,0,19,3,0,7
24.998,49.306,2023,7,0,19,3,0,7
25.001,49.318,2023,7,0,19,3,0,7
25.006,49.319,2023,7,0,19,3,0,7
25.012,49.32,2023,7,0,19,3,0,7
25.016,49.367,2023,7,0,19,3,0,7
25.02,49.324,2023,7,0,19,3,0,7
25.02,49.319,2023,7,0,19,3,0,7
25.023,49.36,2023,7,0,19,3,0,7
25.026,49.633,2023,7,0,19,3,0,7
25.036,49.702,2023,7,0,19,3,0,7
25.042,49.7,2023,7,0,19,3,0,7
25.05,49.512,2023,7,0,19,3,0,7
25.049,48.913,2023,7,0,19,3,0,7
25.044,49.387,2023,7,0,19,3,0,7
25.045,49.659,2023,7,0,19,3,0,7
25.05,49.534,2023,7,0,19,3,0,7
25.056,49.451,2023,7,0,19,3,0,7
25.065,49.439,2023,7,0,19,3,0,7
25.073,49.775,2023,7,0,19,3,0,7
25.084,50.171,2023,7,0,19,3,0,7
25.093,50.282,2023,7,0,19,3,0,7
25.097,50.301,2023,7,0,19,3,0,7
25.109,50.169,2023,7,0,19,3,0,7
25.113,50.078,2023,7,0,20,3,0,7
25.12,49.991,2023,7,0,20,3,0,7
25.125,49.846,2023,7,0,20,3,0,7
25.132,49.658,2023,7,0,20,3,0,7
25.124,49.612,2023,7,0,20,3,0,7
25.116,49.662,2023,7,0,20,3,0,7
25.1,49.837,2023,7,0,20,3,0,7
25.09,50.135,2023,7,0,20,3,0,7
25.09,50.091,2023,7,0,20,3,0,7
25.092,50.262,2023,7,0,20,3,0,7
25.094,50.481,2023,7,0,20,3,0,7
25.1,50.476,2023,7,0,20,3,0,7
25.103,50.402,2023,7,0,20,3,0,7
25.103,50.363,2023,7,0,20,3,0,7
25.106,50.305,2023,7,0,20,3,0,7
25.102,50.359,2023,7,0,20,3,0,7
25.1,50.086,2023,7,0,20,3,0,7
25.071,48.994,2023,7,0,20,3,0,7
25.016,47.665,2023,7,0,20,3,0,7
24.964,46.919,2023,7,0,20,3,0,7
24.948,46.729,2023,7,0,20,3,0,7
24.949,47.043,2023,7,0,20,3,0,7
24.959,47.368,2023,7,0,20,3,0,7
24.98,47.614,2023,7,0,20,3,0,7
25.007,47.735,2023,7,0,20,3,0,7
25.027,47.802,2023,7,0,20,3,0,7
25.042,47.897,2023,7,0,20,3,0,7
25.053,47.989,2023,7,0,20,3,0,7
25.06,48.019,2023,7,0,20,3,0,7
25.069,48.084,2023,7,0,20,3,0,7
25.076,48.154,2023,7,0,21,3,0,7
25.083,48.161,2023,7,0,21,3,0,7
25.084,48.131,2023,7,0,21,3,0,7
25.086,48.229,2023,7,0,21,3,0,7
25.092,48.282,2023,7,0,21,3,0,7
25.101,48.284,2023,7,0,21,3,0,7
25.112,48.287,2023,7,0,21,3,0,7
25.116,48.287,2023,7,0,21,3,0,7
25.129,48.245,2023,7,0,21,3,0,7
25.128,48.275,2023,7,0,21,3,0,7
25.129,48.282,2023,7,0,21,3,0,7
25.133,48.285,2023,7,0,21,3,0,7
25.135,48.323,2023,7,0,21,3,0,7
25.114,48.346,2023,7,0,21,3,0,7
25.098,48.51,2023,7,0,21,3,0,7
25.098,48.562,2023,7,0,21,3,0,7
25.095,48.509,2023,7,0,21,3,0,7
25.095,48.513,2023,7,0,21,3,0,7
25.097,48.544,2023,7,0,21,3,0,7
25.099,48.547,2023,7,0,21,3,0,7
25.103,48.487,2023,7,0,21,3,0,7
25.105,48.577,2023,7,0,21,3,0,7
25.102,48.599,2023,7,0,21,3,0,7
25.094,48.643,2023,7,0,21,3,0,7
25.093,48.582,2023,7,0,21,3,0,7
25.09,48.567,2023,7,0,21,3,0,7
25.088,48.652,2023,7,0,21,3,0,7
25.088,48.655,2023,7,0,21,3,0,7
25.085,48.614,2023,7,0,21,3,0,7
25.07,48.527,2023,7,0,21,3,0,7
25.055,48.434,2023,7,0,22,3,0,7
25.039,48.521,2023,7,0,22,3,0,7
25.025,48.463,2023,7,0,22,3,0,7
25.018,48.418,2023,7,0,22,3,0,7
25.013,48.424,2023,7,0,22,3,0,7
25.016,48.487,2023,7,0,22,3,0,7
25.02,48.497,2023,7,0,22,3,0,7
25.018,48.448,2023,7,0,22,3,0,7
25.015,48.428,2023,7,0,22,3,0,7
25.009,48.426,2023,7,0,22,3,0,7
25.001,48.426,2023,7,0,22,3,0,7
24.996,48.466,2023,7,0,22,3,0,7
24.993,48.432,2023,7,0,22,3,0,7
24.989,48.409,2023,7,0,22,3,0,7
24.968,48.453,2023,7,0,22,3,0,7
24.953,48.539,2023,7,0,22,3,0,7
24.934,48.454,2023,7,0,22,3,0,7
24.912,48.508,2023,7,0,22,3,0,7
24.902,48.461,2023,7,0,22,3,0,7
24.894,48.401,2023,7,0,22,3,0,7
24.879,48.431,2023,7,0,22,3,0,7
24.868,48.442,2023,7,0,22,3,0,7
24.861,48.523,2023,7,0,22,3,0,7
24.852,48.56,2023,7,0,22,3,0,7
24.851,48.556,2023,7,0,22,3,0,7
24.844,48.565,2023,7,0,22,3,0,7
24.842,48.632,2023,7,0,22,3,0,7
24.847,48.684,2023,7,0,22,3,0,7
24.851,48.544,2023,7,0,22,3,0,7
24.851,48.449,2023,7,0,22,3,0,7
24.859,48.364,2023,7,0,23,3,0,7
24.866,48.317,2023,7,0,23,3,0,7
24.871,48.311,2023,7,0,23,3,0,7
24.872,48.32,2023,7,0,23,3,0,7
24.874,48.446,2023,7,0,23,3,0,7
24.865,48.252,2023,7,0,23,3,0,7
24.838,47.772,2023,7,0,23,3,0,7
24.8,47.562,2023,7,0,23,3,0,7
24.758,47.247,2023,7,0,23,3,0,8
24.715,47.871,2023,7,0,23,3,0,8
24.677,47.647,2023,7,0,23,3,0,8
24.64,47.106,2023,7,0,23,3,0,8
24.599,46.869,2023,7,0,23,3,0,8
24.571,46.917,2023,7,0,23,3,0,8
24.54,47.059,2023,7,0,23,3,0,8
24.514,46.753,2023,7,0,23,3,0,8
24.484,46.498,2023,7,0,23,3,0,8
24.459,46.423,2023,7,0,23,3,0,8
24.432,46.416,2023,7,0,23,3,0,8
24.408,46.393,2023,7,0,23,3,0,8
24.38,46.446,2023,7,0,23,3,0,8
24.357,46.378,2023,7,0,23,3,0,8
24.334,46.313,2023,7,0,23,3,0,8
24.315,46.307,2023,7,0,23,3,0,8
24.299,46.226,2023,7,0,23,3,0,8
24.277,46.143,2023,7,0,23,3,0,8
24.25,46.079,2023,7,0,23,3,0,8
24.221,46.063,2023,7,0,23,3,0,8
24.192,46.06,2023,7,0,23,3,0,8
24.163,46.083,2023,7,0,23,3,0,8
24.143,46.068,2023,7,1,0,3,0,8
24.12,46.07,2023,7,1,0,3,0,8
24.098,46.068,2023,7,1,0,3,0,8
24.083,46.068,2023,7,1,0,3,0,8
24.066,46.074,2023,7,1,0,3,0,8
24.059,46.072,2023,7,1,0,3,0,8
24.05,46.06,2023,7,1,0,3,0,8
24.035,46.06,2023,7,1,0,3,0,8
24.026,46.072,2023,7,1,0,3,0,8
24.021,46.026,2023,7,1,0,3,0,8
24.017,46.31,2023,7,1,0,3,0,8
24.012,46.093,2023,7,1,0,3,0,8
23.998,45.903,2023,7,1,0,3,0,8
23.976,45.616,2023,7,1,0,3,0,8
23.945,45.407,2023,7,1,0,3,0,8
23.911,45.274,2023,7,1,0,3,0,8
23.876,45.286,2023,7,1,0,3,0,8
23.841,45.078,2023,7,1,0,3,0,8
23.797,45.091,2023,7,1,0,3,0,8
23.761,45.082,2023,7,1,0,3,0,8
23.728,45.17,2023,7,1,0,3,0,8
23.692,45.228,2023,7,1,0,3,0,8
23.664,45.225,2023,7,1,0,3,0,9
23.637,45.409,2023,7,1,0,3,0,9
23.604,45.37,2023,7,1,0,3,0,9
23.574,45.278,2023,7,1,0,3,0,9
23.542,45.166,2023,7,1,0,3,0,9
23.509,45.196,2023,7,1,0,3,0,9
23.473,45.271,2023,7,1,0,3,0,9
23.436,45.328,2023,7,1,0,3,0,9
23.406,45.38,2023,7,1,1,3,0,9
23.375,45.59,2023,7,1,1,3,0,9
23.347,45.712,2023,7,1,1,3,0,9
23.321,45.73,2023,7,1,1,3,0,9
23.305,45.841,2023,7,1,1,3,0,9
23.283,45.8,2023,7,1,1,3,0,9
23.258,45.921,2023,7,1,1,3,0,9
23.222,45.989,2023,7,1,1,3,0,9
23.195,46.115,2023,7,1,1,3,0,9
23.176,46.318,2023,7,1,1,3,0,9
23.161,46.392,2023,7,1,1,3,0,9
23.154,46.349,2023,7,1,1,3,0,9
23.137,46.423,2023,7,1,1,3,0,9
23.121,46.5,2023,7,1,1,3,0,9
23.098,46.521,2023,7,1,1,3,0,9
23.08,46.462,2023,7,1,1,3,0,9
23.051,46.541,2023,7,1,1,3,0,9
23.032,46.655,2023,7,1,1,3,0,9
23.005,46.678,2023,7,1,1,3,0,9
22.978,46.776,2023,7,1,1,3,0,9
22.963,46.784,2023,7,1,1,3,0,9
22.946,46.798,2023,7,1,1,3,0,9
22.926,46.941,2023,7,1,1,3,0,9
22.902,46.969,2023,7,1,1,3,0,9
22.868,47.15,2023,7,1,1,3,0,9
22.841,47.248,2023,7,1,1,3,0,9
22.816,47.312,2023,7,1,1,3,0,9
22.795,47.324,2023,7,1,1,3,0,9
22.779,47.404,2023,7,1,1,3,0,9
22.761,47.43,2023,7,1,2,3,0,9
22.749,47.518,2023,7,1,2,3,0,9
22.737,47.464,2023,7,1,2,3,0,9
22.728,47.528,2023,7,1,2,3,0,9
22.719,47.561,2023,7,1,2,3,0,9
22.704,47.531,2023,7,1,2,3,0,9
22.68,47.6,2023,7,1,2,3,0,9
22.67,47.635,2023,7,1,2,3,0,9
22.668,47.713,2023,7,1,2,3,0,9
22.663,47.864,2023,7,1,2,3,0,9
22.654,48.014,2023,7,1,2,3,0,9
22.664,48.092,2023,7,1,2,3,0,9
22.679,48.192,2023,7,1,2,3,0,9
22.709,48.114,2023,7,1,2,3,0,9
22.727,48.046,2023,7,1,2,3,0,9
22.747,47.981,2023,7,1,2,3,0,9
22.765,47.913,2023,7,1,2,3,0,9
22.783,47.957,2023,7,1,2,3,0,9
22.796,47.963,2023,7,1,2,3,0,9
22.812,47.962,2023,7,1,2,3,0,9
22.825,47.96,2023,7,1,2,3,0,9
22.842,48.062,2023,7,1,2,3,0,9
22.851,48.085,2023,7,1,2,3,0,9
22.863,48.087,2023,7,1,2,3,0,9
22.874,48.084,2023,7,1,2,3,0,9
22.886,48.328,2023,7,1,2,3,0,9
22.896,48.385,2023,7,1,2,3,0,9
22.901,48.345,2023,7,1,2,3,0,9
22.905,48.408,2023,7,1,2,3,0,9
22.914,48.565,2023,7,1,2,3,0,9
22.922,48.59,2023,7,1,3,3,0,9
22.927,48.779,2023,7,1,3,3,0,9
22.932,48.746,2023,7,1,3,3,0,9
22.936,49.013,2023,7,1,3,3,0,9
22.938,49.088,2023,7,1,3,3,0,9
22.942,49.15,2023,7,1,3,3,0,9
22.945,49.098,2023,7,1,3,3,0,9
22.946,49.105,2023,7,1,3,3,0,9
22.95,49.105,2023,7,1,3,3,0,9
22.953,49.105,2023,7,1,3,3,0,9
22.955,49.105,2023,7,1,3,3,0,9
22.956,49.105,2023,7,1,3,3,0,9
22.956,49.068,2023,7,1,3,3,0,9
22.96,48.998,2023,7,1,3,3,0,9
22.957,49.07,2023,7,1,3,3,0,9
22.961,49.1,2023,7,1,3,3,0,9
22.963,49.103,2023,7,1,3,3,0,9
22.963,49.109,2023,7,1,3,3,0,9
22.962,49.129,2023,7,1,3,3,0,9
22.964,49.154,2023,7,1,3,3,0,9
22.965,49.138,2023,7,1,3,3,0,9
22.966,49.189,2023,7,1,3,3,0,9
22.966,49.186,2023,7,1,3,3,0,9
22.967,49.202,2023,7,1,3,3,0,9
22.969,49.224,2023,7,1,3,3,0,9
22.971,49.168,2023,7,1,3,3,0,9
22.974,49.218,2023,7,1,3,3,0,9
22.977,49.222,2023,7,1,3,3,0,9
22.977,49.23,2023,7,1,3,3,0,9
22.978,49.237,2023,7,1,3,3,0,9
22.98,49.342,2023,7,1,4,3,0,9
22.985,49.303,2023,7,1,4,3,0,9
22.985,49.244,2023,7,1,4,3,0,9
22.986,49.304,2023,7,1,4,3,0,9
22.988,49.398,2023,7,1,4,3,0,9
22.989,49.372,2023,7,1,4,3,0,9
22.991,49.423,2023,7,1,4,3,0,9
22.988,49.531,2023,7,1,4,3,0,9
22.987,49.513,2023,7,1,4,3,0,9
22.983,49.594,2023,7,1,4,3,0,9
22.982,49.635,2023,7,1,4,3,0,9
22.979,49.62,2023,7,1,4,3,0,9
22.983,49.73,2023,7,1,4,3,0,9
22.98,49.779,2023,7,1,4,3,0,9
22.981,49.823,2023,7,1,4,3,0,9
22.982,49.914,2023,7,1,4,3,0,9
22.978,49.963,2023,7,1,4,3,0,9
22.978,49.929,2023,7,1,4,3,0,9
22.974,49.844,2023,7,1,4,3,0,9
22.973,49.87,2023,7,1,4,3,0,9
22.971,49.874,2023,7,1,4,3,0,9
22.97,49.874,2023,7,1,4,3,0,9
22.967,49.844,2023,7,1,4,3,0,9
22.968,49.847,2023,7,1,4,3,0,9
22.965,49.744,2023,7,1,4,3,0,9
22.964,49.708,2023,7,1,4,3,0,9
22.963,49.693,2023,7,1,4,3,0,9
22.963,49.626,2023,7,1,4,3,0,9
22.967,49.658,2023,7,1,4,3,0,9
22.967,49.724,2023,7,1,4,3,0,9
22.969,49.644,2023,7,1,5,3,0,9
22.971,49.768,2023,7,1,5,3,0,9
22.971,49.755,2023,7,1,5,3,0,9
22.974,49.745,2023,7,1,5,3,0,9
22.973,49.744,2023,7,1,5,3,0,9
22.972,49.833,2023,7,1,5,3,0,9
22.972,49.804,2023,7,1,5,3,0,9
22.971,49.761,2023,7,1,5,3,0,9
22.969,49.746,2023,7,1,5,3,0,9
22.969,49.746,2023,7,1,5,3,0,9
22.969,49.784,2023,7,1,5,3,0,9
22.97,49.818,2023,7,1,5,3,0,9
22.97,49.789,2023,7,1,5,3,0,9
22.97,49.829,2023,7,1,5,3,0,9
22.966,49.865,2023,7,1,5,3,0,9
22.966,49.822,2023,7,1,5,3,0,9
22.96,49.756,2023,7,1,5,3,0,9
22.958,49.751,2023,7,1,5,3,0,9
22.958,49.746,2023,7,1,5,3,0,9
22.955,49.746,2023,7,1,5,3,0,9
22.954,49.746,2023,7,1,5,3,0,9
22.951,49.746,2023,7,1,5,3,0,9
22.949,49.75,2023,7,1,5,3,0,9
22.949,49.802,2023,7,1,5,3,0,9
22.948,49.933,2023,7,1,5,3,0,9
22.945,49.959,2023,7,1,5,3,0,9
22.942,50.011,2023,7,1,5,3,0,9
22.935,49.979,2023,7,1,5,3,0,9
22.928,50.005,2023,7,1,5,3,0,9
22.917,50.091,2023,7,1,5,3,0,9
22.914,50.073,2023,7,1,6,3,0,9
22.907,50.12,2023,7,1,6,3,0,9
22.902,50.178,2023,7,1,6,3,0,9
22.897,50.15,2023,7,1,6,3,0,9
22.889,50.146,2023,7,1,6,3,0,9
22.884,50.137,2023,7,1,6,3,0,9
22.876,50.178,2023,7,1,6,3,0,9
22.868,50.227,2023,7,1,6,3,0,9
22.861,50.237,2023,7,1,6,3,0,9
22.858,50.263,2023,7,1,6,3,0,9
22.853,50.267,2023,7,1,6,3,0,9
22.849,50.287,2023,7,1,6,3,0,9
22.848,50.271,2023,7,1,6,3,0,9
22.844,50.275,2023,7,1,6,3,0,9
22.842,50.338,2023,7,1,6,3,0,9
22.835,50.29,2023,7,1,6,3,0,9
22.83,50.324,2023,7,1,6,3,0,9
22.828,50.341,2023,7,1,6,3,0,9
22.827,50.385,2023,7,1,6,3,0,9
22.826,50.314,2023,7,1,6,3,0,9
22.826,50.385,2023,7,1,6,3,0,9
22.825,50.396,2023,7,1,6,3,0,9
22.825,50.397,2023,7,1,6,3,0,9
22.825,50.397,2023,7,1,6,3,0,9
22.825,50.397,2023,7,1,6,3,0,9
22.831,50.396,2023,7,1,6,3,0,9
22.839,50.49,2023,7,1,6,3,0,9
22.843,50.52,2023,7,1,6,3,0,9
22.846,50.594,2023,7,1,6,3,0,9
22.847,50.576,2023,7,1,6,3,0,9
22.844,50.598,2023,7,1,7,3,0,9
22.837,50.648,2023,7,1,7,3,0,9
22.831,50.64,2023,7,1,7,3,0,9
22.829,50.653,2023,7,1,7,3,0,9
22.83,50.653,2023,7,1,7,3,0,9
22.832,50.72,2023,7,1,7,3,0,9
22.834,50.71,2023,7,1,7,3,0,9
22.84,50.816,2023,7,1,7,3,0,9
22.843,51.003,2023,7,1,7,3,0,9
22.84,51.018,2023,7,1,7,3,0,9
22.846,51.037,2023,7,1,7,3,0,9
22.851,50.957,2023,7,1,7,3,0,9
22.86,50.917,2023,7,1,7,3,0,9
22.865,50.9,2023,7,1,7,3,0,9
22.841,50.847,2023,7,1,7,3,0,9
22.796,50.803,2023,7,1,7,3,0,9
22.731,50.917,2023,7,1,7,3,0,9
22.654,51.083,2023,7,1,7,3,0,9
22.601,51.323,2023,7,1,7,3,0,9
22.578,51.551,2023,7,1,7,3,0,9
22.567,51.477,2023,7,1,7,3,0,9
22.561,51.384,2023,7,1,7,3,0,9
22.559,51.268,2023,7,1,7,3,0,9
22.559,51.206,2023,7,1,7,3,0,9
22.563,51.207,2023,7,1,7,3,0,9
22.566,51.218,2023,7,1,7,3,0,9
22.57,51.193,2023,7,1,7,3,0,9
22.572,51.117,2023,7,1,7,3,0,9
22.577,51.178,2023,7,1,7,3,0,9
22.583,51.187,2023,7,1,7,3,0,9
22.585,51.188,2023,7,1,8,3,0,9
22.589,51.188,2023,7,1,8,3,0,9
22.601,51.131,2023,7,1,8,3,0,9
22.613,51.104,2023,7,1,8,3,0,9
22.63,51.088,2023,7,1,8,3,0,9
22.645,51.058,2023,7,1,8,3,0,9
22.66,51.055,2023,7,1,8,3,0,9
22.671,51.053,2023,7,1,8,3,0,9
22.681,51.03,2023,7,1,8,3,0,9
22.7,50.859,2023,7,1,8,3,0,9
22.714,50.86,2023,7,1,8,3,0,9
22.723,50.811,2023,7,1,8,3,0,9
22.743,50.792,2023,7,1,8,3,0,9
22.761,50.789,2023,7,1,8,3,0,9
22.784,50.786,2023,7,1,8,3,0,9
22.812,50.783,2023,7,1,8,3,0,9
22.841,50.773,2023,7,1,8,3,0,9
22.882,50.714,2023,7,1,8,3,0,9
22.922,50.654,2023,7,1,8,3,0,9
22.962,50.644,2023,7,1,8,3,0,9
23.007,50.582,2023,7,1,8,3,0,9
23.051,50.516,2023,7,1,8,3,0,9
23.099,50.501,2023,7,1,8,3,0,9
23.144,50.391,2023,7,1,8,3,0,9
23.185,50.371,2023,7,1,8,3,0,9
23.227,50.315,2023,7,1,8,3,0,9
23.272,50.242,2023,7,1,8,3,0,9
23.308,50.232,2023,7,1,8,3,0,9
23.345,50.182,2023,7,1,8,3,0,9
23.387,50.12,2023,7,1,8,3,0,9
23.43,50.094,2023,7,1,9,3,0,9
23.478,50.038,2023,7,1,9,3,0,9
23.53,49.964,2023,7,1,9,3,0,9
23.581,49.847,2023,7,1,9,3,0,9
23.629,49.808,2023,7,1,9,3,0,9
23.669,49.701,2023,7,1,9,3,0,8
23.699,49.606,2023,7,1,9,3,0,8
23.719,49.562,2023,7,1,9,3,0,8
23.735,49.556,2023,7,1,9,3,0,8
23.756,49.552,2023,7,1,9,3,0,8
23.78,49.55,2023,7,1,9,3,0,8
23.823,49.548,2023,7,1,9,3,0,8
23.866,49.544,2023,7,1,9,3,0,8
23.915,49.379,2023,7,1,9,3,0,8
23.959,49.278,2023,7,1,9,3,0,8
24.01,49.174,2023,7,1,9,3,0,8
24.051,49.146,2023,7,1,9,3,0,8
24.096,49.05,2023,7,1,9,3,0,8
24.153,48.98,2023,7,1,9,3,0,8
24.205,48.889,2023,7,1,9,3,0,8
24.26,48.765,2023,7,1,9,3,0,8
24.312,48.655,2023,7,1,9,3,0,8
24.369,48.588,2023,7,1,9,3,0,8
24.421,48.482,2023,7,1,9,3,0,8
24.468,48.365,2023,7,1,9,3,0,8
24.523,48.331,2023,7,1,9,3,0,8
24.578,48.224,2023,7,1,9,3,0,8
24.634,48.112,2023,7,1,9,3,0,8
24.678,47.982,2023,7,1,9,3,0,8
24.718,47.945,2023,7,1,9,3,0,8
24.762,47.827,2023,7,1,10,3,0,8
24.793,47.806,2023,7,1,10,3,0,7
24.829,47.692,2023,7,1,10,3,0,7
24.855,47.651,2023,7,1,10,3,0,7
24.886,47.555,2023,7,1,10,3,0,7
24.924,47.525,2023,7,1,10,3,0,7
24.96,47.438,2023,7,1,10,3,0,7
25.002,47.409,2023,7,1,10,3,0,7
25.042,47.3,2023,7,1,10,3,0,7
25.08,47.277,2023,7,1,10,3,0,7
25.127,47.168,2023,7,1,10,3,0,7
25.171,47.139,2023,7,1,10,3,0,7
25.221,47.039,2023,7,1,10,3,0,7
25.275,47.005,2023,7,1,10,3,0,7
25.327,46.89,2023,7,1,10,3,0,7
25.377,46.777,2023,7,1,10,3,0,7
25.415,46.726,2023,7,1,10,3,0,7
25.45,46.644,2023,7,1,10,3,0,7
25.493,46.604,2023,7,1,10,3,0,7
25.537,46.558,2023,7,1,10,3,0,7
25.574,46.474,2023,7,1,10,3,0,7
25.609,46.272,2023,7,1,10,3,0,7
25.63,46.215,2023,7,1,10,3,0,7
25.627,46.209,2023,7,1,10,3,0,7
25.617,46.209,2023,7,1,10,3,0,7
25.61,46.217,2023,7,1,10,3,0,7
25.615,46.21,2023,7,1,10,3,0,7
25.636,46.208,2023,7,1,10,3,0,7
25.659,46.206,2023,7,1,10,3,0,7
25.687,46.205,2023,7,1,10,3,0,7
25.705,46.203,2023,7,1,11,3,0,7
25.724,46.113,2023,7,1,11,3,0,7
25.738,46.076,2023,7,1,11,3,0,7
25.744,46.072,2023,7,1,11,3,0,7
25.754,46.073,2023,7,1,11,3,0,7
25.774,46.072,2023,7,1,11,3,0,7
25.795,46.07,2023,7,1,11,3,0,7
25.804,46.066,2023,7,1,11,3,0,7
25.807,46.069,2023,7,1,11,3,0,7
25.816,46.064,2023,7,1,11,3,0,7
25.83,45.941,2023,7,1,11,3,0,7
25.83,45.933,2023,7,1,11,3,0,7
25.822,45.85,2023,7,1,11,3,0,7
25.804,45.818,2023,7,1,11,3,0,7
25.791,45.817,2023,7,1,11,3,0,7
25.78,45.818,2023,7,1,11,3,0,7
25.771,45.9,2023,7,1,11,3,0,7
25.767,45.939,2023,7,1,11,3,0,7
25.775,45.943,2023,7,1,11,3,0,7
25.788,45.943,2023,7,1,11,3,0,7
25.799,45.942,2023,7,1,11,3,0,7
25.802,45.851,2023,7,1,11,3,0,7
25.802,45.91,2023,7,1,11,3,0,7
25.804,45.873,2023,7,1,11,3,0,7
25.812,45.931,2023,7,1,11,3,0,7
25.816,45.878,2023,7,1,11,3,0,7
25.817,45.821,2023,7,1,11,3,0,7
25.806,45.814,2023,7,1,11,3,0,7
25.792,45.807,2023,7,1,11,3,0,7
25.774,45.813,2023,7,1,11,3,0,7
25.76,45.816,2023,7,1,12,3,0,7
25.756,45.817,2023,7,1,12,3,0,7
25.759,45.858,2023,7,1,12,3,0,7
25.764,45.825,2023,7,1,12,3,0,7
25.767,45.823,2023,7,1,12,3,0,7
25.766,45.832,2023,7,1,12,3,0,7
25.764,45.924,2023,7,1,12,3,0,7
25.775,45.941,2023,7,1,12,3,0,7
25.796,45.942,2023,7,1,12,3,0,7
25.829,45.892,2023,7,1,12,3,0,7
25.862,45.781,2023,7,1,12,3,0,7
25.898,45.691,2023,7,1,12,3,0,6
25.926,45.679,2023,7,1,12,3,0,6
25.955,45.566,2023,7,1,12,3,0,6
25.986,45.461,2023,7,1,12,3,0,6
26.016,45.421,2023,7,1,12,3,0,6
26.045,45.415,2023,7,1,12,3,0,6
26.07,45.407,2023,7,1,12,3,0,6
26.097,45.349,2023,7,1,12,3,0,6
26.127,45.286,2023,7,1,12,3,0,6
26.145,45.271,2023,7,1,12,3,0,6
26.167,45.216,2023,7,1,12,3,0,6
26.199,45.177,2023,7,1,12,3,0,6
26.225,45.181,2023,7,1,12,3,0,6
26.257,45.148,2023,7,1,12,3,0,6
26.284,45.119,2023,7,1,12,3,0,6
26.306,45.024,2023,7,1,12,3,0,6
26.329,45.012,2023,7,1,12,3,0,6
26.348,45.009,2023,7,1,12,3,0,6
26.359,45.008,2023,7,1,12,3,0,6
26.374,45.0,2023,7,1,13,3,0,6
26.389,44.984,2023,7,1,13,3,0,6
26.414,44.982,2023,7,1,13,3,0,6
26.435,44.909,2023,7,1,13,3,0,6
26.447,44.879,2023,7,1,13,3,0,6
26.466,44.872,2023,7,1,13,3,0,6
26.474,44.766,2023,7,1,13,3,0,6
26.479,44.745,2023,7,1,13,3,0,6
26.481,44.726,2023,7,1,13,3,0,6
26.479,44.638,2023,7,1,13,3,0,6
26.478,44.619,2023,7,1,13,3,0,6
26.472,44.616,2023,7,1,13,3,0,6
26.471,44.615,2023,7,1,13,3,0,6
26.471,44.601,2023,7,1,13,3,0,6
26.468,44.511,2023,7,1,13,3,0,6
26.459,44.493,2023,7,1,13,3,0,6
26.452,44.49,2023,7,1,13,3,0,6
26.447,44.49,2023,7,1,13,3,0,6
26.444,44.525,2023,7,1,13,3,0,6
26.435,44.525,2023,7,1,13,3,0,6
26.418,44.533,2023,7,1,13,3,0,6
26.402,44.601,2023,7,1,13,3,0,6
26.39,44.617,2023,7,1,13,3,0,6
26.371,44.622,2023,7,1,13,3,0,6
26.356,44.624,2023,7,1,13,3,0,6
26.344,44.629,2023,7,1,13,3,0,6
26.331,44.639,2023,7,1,13,3,0,6
26.322,44.636,2023,7,1,13,3,0,6
26.319,44.668,2023,7,1,13,3,0,6
26.311,44.641,2023,7,1,13,3,0,6
26.304,44.629,2023,7,1,14,3,0,6
26.3,44.628,2023,7,1,14,3,0,6
26.298,44.628,2023,7,1,14,3,0,6
26.299,44.634,2023,7,1,14,3,0,6
26.297,44.655,2023,7,1,14,3,0,6
26.299,44.632,2023,7,1,14,3,0,6
26.297,44.536,2023,7,1,14,3,0,6
26.296,44.504,2023,7,1,14,3,0,6
26.293,44.513,2023,7,1,14,3,0,6
26.292,44.501,2023,7,1,14,3,0,6
26.291,44.5,2023,7,1,14,3,0,6
26.288,44.5,2023,7,1,14,3,0,6
26.286,44.5,2023,7,1,14,3,0,6
26.283,44.502,2023,7,1,14,3,0,6
26.282,44.506,2023,7,1,14,3,0,6
26.278,44.454,2023,7,1,14,3,0,6
26.274,44.421,2023,7,1,14,3,0,6
26.267,44.464,2023,7,1,14,3,0,6
26.262,44.494,2023,7,1,14,3,0,6
26.26,44.502,2023,7,1,14,3,0,6
26.257,44.504,2023,7,1,14,3,0,6
26.253,44.504,2023,7,1,14,3,0,6
26.253,44.428,2023,7,1,14,3,0,6
26.251,44.41,2023,7,1,14,3,0,6
26.243,44.38,2023,7,1,14,3,0,6
26.243,44.377,2023,7,1,14,3,0,6
26.241,44.381,2023,7,1,14,3,0,6
26.236,44.402,2023,7,1,14,3,0,6
26.236,44.453,2023,7,1,14,3,0,6
26.232,44.386,2023,7,1,14,3,0,6
26.227,44.371,2023,7,1,15,3,0,6
26.224,44.354,2023,7,1,15,3,0,6
26.217,44.274,2023,7,1,15,3,0,6
26.204,44.338,2023,7,1,15,3,0,6
26.187,44.291,2023,7,1,15,3,0,6
26.166,44.237,2023,7,1,15,3,0,6
26.152,44.253,2023,7,1,15,3,0,6
26.141,44.305,2023,7,1,15,3,0,6
26.133,44.37,2023,7,1,15,3,0,6
26.126,44.386,2023,7,1,15,3,0,6
26.117,44.306,2023,7,1,15,3,0,6
26.112,44.34,2023,7,1,15,3,0,6
26.108,44.382,2023,7,1,15,3,0,6
26.102,44.403,2023,7,1,15,3,0,6
26.093,44.377,2023,7,1,15,3,0,6
26.081,44.491,2023,7,1,15,3,0,6
26.075,44.513,2023,7,1,15,3,0,6
26.069,44.506,2023,7,1,15,3,0,6
26.058,44.468,2023,7,1,15,3,0,6
26.047,44.506,2023,7,1,15,3,0,6
26.03,44.515,2023,7,1,15,3,0,6
26.019,44.539,2023,7,1,15,3,0,6
26.013,44.56,2023,7,1,15,3,0,6
26.008,44.526,2023,7,1,15,3,0,6
25.997,44.49,2023,7,1,15,3,0,6
25.989,44.406,2023,7,1,15,3,0,6
25.98,44.433,2023,7,1,15,3,0,6
25.973,44.411,2023,7,1,15,3,0,6
25.965,44.468,2023,7,1,15,3,0,6
25.959,44.523,2023,7,1,16,3,0,6
25.956,44.526,2023,7,1,16,3,0,6
25.954,44.515,2023,7,1,16,3,0,6
25.952,44.458,2023,7,1,16,3,0,6
25.946,44.432,2023,7,1,16,3,0,6
25.939,44.403,2023,7,1,16,3,0,6
25.932,44.453,2023,7,1,16,3,0,6
25.929,44.489,2023,7,1,16,3,0,6
25.926,44.516,2023,7,1,16,3,0,6
25.92,44.525,2023,7,1,16,3,0,6
25.915,44.527,2023,7,1,16,3,0,6
25.913,44.528,2023,7,1,16,3,0,6
25.912,44.528,2023,7,1,16,3,0,6
25.907,44.551,2023,7,1,16,3,0,6
25.9,44.554,2023,7,1,16,3,0,6
25.895,44.512,2023,7,1,16,3,0,6
25.889,44.527,2023,7,1,16,3,0,6
25.886,44.535,2023,7,1,16,3,0,7
25.881,44.633,2023,7,1,16,3,0,7
25.879,44.657,2023,7,1,16,3,0,7
25.881,44.661,2023,7,1,16,3,0,7
25.882,44.632,2023,7,1,16,3,0,7
25.88,44.624,2023,7,1,16,3,0,7
25.881,44.602,2023,7,1,16,3,0,7
25.882,44.651,2023,7,1,16,3,0,7
25.88,44.658,2023,7,1,16,3,0,7
25.875,44.685,2023,7,1,16,3,0,7
25.876,44.696,2023,7,1,16,3,0,7
25.878,44.714,2023,7,1,16,3,0,7
25.881,44.671,2023,7,1,16,3,0,7
25.879,44.652,2023,7,1,17,3,0,7
25.878,44.656,2023,7,1,17,3,0,7
25.878,44.673,2023,7,1,17,3,0,7
25.876,44.697,2023,7,1,17,3,0,7
25.874,44.77,2023,7,1,17,3,0,7
25.878,44.782,2023,7,1,17,3,0,7
25.878,44.783,2023,7,1,17,3,0,7
25.88,44.783,2023,7,1,17,3,0,7
25.882,44.786,2023,7,1,17,3,0,7
25.882,44.881,2023,7,1,17,3,0,7
25.883,44.908,2023,7,1,17,3,0,7
25.885,44.911,2023,7,1,17,3,0,7
25.889,44.911,2023,7,1,17,3,0,6
25.89,44.911,2023,7,1,17,3,0,6
25.885,44.911,2023,7,1,17,3,0,7
25.885,44.911,2023,7,1,17,3,0,7
25.884,44.911,2023,7,1,17,3,0,7
25.881,44.911,2023,7,1,17,3,0,7
25.877,44.912,2023,7,1,17,3,0,7
25.864,44.915,2023,7,1,17,3,0,7
25.856,44.915,2023,7,1,17,3,0,7
25.841,44.982,2023,7,1,17,3,0,7
25.82,45.033,2023,7,1,17,3,0,7
25.806,45.043,2023,7,1,17,3,0,7
25.8,45.045,2023,7,1,17,3,0,7
25.791,45.045,2023,7,1,17,3,0,7
25.783,45.047,2023,7,1,17,3,0,7
25.77,45.085,2023,7,1,17,3,0,7
25.761,45.158,2023,7,1,17,3,0,7
25.752,45.174,2023,7,1,17,3,0,7
25.743,45.256,2023,7,1,18,3,0,7
25.735,45.192,2023,7,1,18,3,0,7
25.728,45.265,2023,7,1,18,3,0,7
25.722,45.285,2023,7,1,18,3,0,7
25.713,45.3,2023,7,1,18,3,0,7
25.704,45.308,2023,7,1,18,3,0,7
25.698,45.31,2023,7,1,18,3,0,7
25.694,45.318,2023,7,1,18,3,0,7
25.688,45.331,2023,7,1,18,3,0,7
25.677,45.336,2023,7,1,18,3,0,7
25.672,45.368,2023,7,1,18,3,0,7
25.66,45.418,2023,7,1,18,3,0,7
25.65,45.437,2023,7,1,18,3,0,7
25.643,45.439,2023,7,1,18,3,0,7
25.631,45.44,2023,7,1,18,3,0,7
25.622,45.499,2023,7,1,18,3,0,7
25.617,45.55,2023,7,1,18,3,0,7
25.609,45.568,2023,7,1,18,3,0,7
25.597,45.57,2023,7,1,18,3,0,7
25.589,45.571,2023,7,1,18,3,0,7
25.582,45.572,2023,7,1,18,3,0,7
25.577,45.587,2023,7,1,18,3,0,7
25.566,45.598,2023,7,1,18,3,0,7
25.556,45.685,2023,7,1,18,3,0,7
25.549,45.723,2023,7,1,18,3,0,7
25.537,45.705,2023,7,1,18,3,0,7
25.525,45.891,2023,7,1,18,3,0,7
25.516,45.951,2023,7,1,18,3,0,7
25.496,45.994,2023,7,1,18,3,0,7
25.476,46.065,2023,7,1,18,3,0,7
25.46,46.09,2023,7,1,19,3,0,7
25.445,46.168,2023,7,1,19,3,0,7
25.434,46.183,2023,7,1,19,3,0,7
25.426,46.215,2023,7,1,19,3,0,7
25.421,46.22,2023,7,1,19,3,0,7
25.417,46.36,2023,7,1,19,3,0,7
25.402,46.386,2023,7,1,19,3,0,7
25.388,46.391,2023,7,1,19,3,0,7
25.381,46.825,2023,7,1,19,3,0,7
25.379,47.339,2023,7,1,19,3,0,7
25.375,47.993,2023,7,1,19,3,0,7
25.381,48.088,2023,7,1,19,3,0,7
25.387,48.099,2023,7,1,19,3,0,7
25.393,48.557,2023,7,1,19,3,0,7
25.393,48.361,2023,7,1,19,3,0,7
25.396,48.173,2023,7,1,19,3,0,7
25.397,47.682,2023,7,1,19,3,0,7
25.382,47.522,2023,7,1,19,3,0,7
25.374,47.617,2023,7,1,19,3,0,7
25.366,47.783,2023,7,1,19,3,0,7
25.358,47.896,2023,7,1,19,3,0,7
25.337,48.2,2023,7,1,19,3,0,7
25.326,48.187,2023,7,1,19,3,0,7
25.312,48.367,2023,7,1,19,3,0,7
25.295,48.406,2023,7,1,19,3,0,7
25.279,48.465,2023,7,1,19,3,0,7
25.27,48.488,2023,7,1,19,3,0,7
25.258,48.553,2023,7,1,19,3,0,7
25.243,48.646,2023,7,1,19,3,0,7
25.23,48.531,2023,7,1,19,3,0,7
25.223,48.931,2023,7,1,20,3,0,7
25.217,49.239,2023,7,1,20,3,0,7
25.216,49.237,2023,7,1,20,3,0,7
25.217,49.182,2023,7,1,20,3,0,7
25.216,48.869,2023,7,1,20,3,0,7
25.205,48.859,2023,7,1,20,3,0,7
25.191,48.914,2023,7,1,20,3,0,7
25.185,48.927,2023,7,1,20,3,0,7
25.184,48.912,2023,7,1,20,3,0,7
25.18,49.054,2023,7,1,20,3,0,7
25.173,48.999,2023,7,1,20,3,0,7
25.168,49.065,2023,7,1,20,3,0,7
25.159,49.114,2023,7,1,20,3,0,7
25.152,49.034,2023,7,1,20,3,0,7
25.149,48.998,2023,7,1,20,3,0,7
25.147,48.976,2023,7,1,20,3,0,7
25.142,49.099,2023,7,1,20,3,0,7
25.135,49.257,2023,7,1,20,3,0,7
25.118,49.327,2023,7,1,20,3,0,7
25.1,49.346,2023,7,1,20,3,0,7
25.093,49.421,2023,7,1,20,3,0,7
25.087,49.459,2023,7,1,20,3,0,7
25.078,49.556,2023,7,1,20,3,0,7
25.073,49.56,2023,7,1,20,3,0,7
25.065,49.635,2023,7,1,20,3,0,7
25.057,49.714,2023,7,1,20,3,0,7
25.052,49.793,2023,7,1,20,3,0,7
25.042,49.824,2023,7,1,20,3,0,7
25.033,49.828,2023,7,1,20,3,0,7
25.03,49.915,2023,7,1,20,3,0,7
25.025,49.995,2023,7,1,21,3,0,7
25.02,50.053,2023,7,1,21,3,0,7
25.012,50.081,2023,7,1,21,3,0,7
25.007,50.128,2023,7,1,21,3,0,7
24.999,50.22,2023,7,1,21,3,0,7
24.991,50.318,2023,7,1,21,3,0,7
24.988,50.351,2023,7,1,21,3,0,7
24.983,50.455,2023,7,1,21,3,0,7
24.976,50.739,2023,7,1,21,3,0,7
24.978,50.838,2023,7,1,21,3,0,7
24.977,50.8,2023,7,1,21,3,0,7
24.972,50.776,2023,7,1,21,3,0,7
24.968,50.733,2023,7,1,21,3,0,7
24.962,50.823,2023,7,1,21,3,0,7
24.96,50.781,2023,7,1,21,3,0,7
24.957,50.89,2023,7,1,21,3,0,7
24.955,50.932,2023,7,1,21,3,0,7
24.955,51.001,2023,7,1,21,3,0,7
24.949,51.094,2023,7,1,21,3,0,7
24.946,51.216,2023,7,1,21,3,0,7
24.946,51.327,2023,7,1,21,3,0,7
24.947,51.334,2023,7,1,21,3,0,7
24.943,51.253,2023,7,1,21,3,0,7
24.94,51.268,2023,7,1,21,3,0,7
24.935,51.334,2023,7,1,21,3,0,7
24.932,51.276,2023,7,1,21,3,0,7
24.922,51.26,2023,7,1,21,3,0,7
24.91,51.504,2023,7,1,21,3,0,7
24.908,51.611,2023,7,1,21,3,0,7
24.906,51.631,2023,7,1,21,3,0,7
24.9,51.533,2023,7,1,22,3,0,7
24.9,51.779,2023,7,1,22,3,0,7
24.902,51.77,2023,7,1,22,3,0,7
24.902,51.757,2023,7,1,22,3,0,7
24.899,51.747,2023,7,1,22,3,0,7
24.893,51.808,2023,7,1,22,3,0,7
24.887,51.935,2023,7,1,22,3,0,7
24.883,52.051,2023,7,1,22,3,0,7
24.874,51.775,2023,7,1,22,3,0,7
24.863,51.713,2023,7,1,22,3,0,7
24.857,51.788,2023,7,1,22,3,0,7
24.855,51.883,2023,7,1,22,3,0,7
24.847,51.886,2023,7,1,22,3,0,7
24.842,51.88,2023,7,1,22,3,0,7
24.836,51.755,2023,7,1,22,3,0,7
24.83,51.608,2023,7,1,22,3,0,7
24.823,51.649,2023,7,1,22,3,0,7
24.807,52.874,2023,7,1,22,3,0,7
24.738,53.695,2023,7,1,22,3,0,8
24.658,54.433,2023,7,1,22,3,0,8
24.567,55.131,2023,7,1,22,3,0,8
24.46,55.612,2023,7,1,22,3,0,8
24.357,56.28,2023,7,1,22,3,0,8
24.277,56.765,2023,7,1,22,3,0,8
24.225,56.636,2023,7,1,22,3,0,8
24.211,56.25,2023,7,1,22,3,0,8
24.214,56.0,2023,7,1,22,3,0,8
24.236,55.881,2023,7,1,22,3,0,8
24.269,55.571,2023,7,1,22,3,0,8
24.301,55.191,2023,7,1,22,3,0,8
24.333,54.882,2023,7,1,23,3,0,8
24.366,54.782,2023,7,1,23,3,0,8
24.402,54.684,2023,7,1,23,3,0,8
24.426,54.489,2023,7,1,23,3,0,8
24.453,54.591,2023,7,1,23,3,0,8
24.471,54.602,2023,7,1,23,3,0,8
24.491,54.6,2023,7,1,23,3,0,8
24.51,54.649,2023,7,1,23,3,0,8
24.527,54.554,2023,7,1,23,3,0,8
24.547,54.474,2023,7,1,23,3,0,8
24.568,54.386,2023,7,1,23,3,0,8
24.578,54.378,2023,7,1,23,3,0,8
24.587,54.343,2023,7,1,23,3,0,8
24.593,54.336,2023,7,1,23,3,0,8
24.605,54.228,2023,7,1,23,3,0,8
24.613,54.19,2023,7,1,23,3,0,8
24.618,54.164,2023,7,1,23,3,0,8
24.624,54.101,2023,7,1,23,3,0,8
24.625,54.081,2023,7,1,23,3,0,8
24.629,54.078,2023,7,1,23,3,0,8
24.625,54.108,2023,7,1,23,3,0,8
24.62,53.963,2023,7,1,23,3,0,8
24.61,54.161,2023,7,1,23,3,0,8
24.592,54.342,2023,7,1,23,3,0,8
24.576,54.512,2023,7,1,23,3,0,8
24.555,54.689,2023,7,1,23,3,0,8
24.532,54.819,2023,7,1,23,3,0,8
24.508,54.897,2023,7,1,23,3,0,8
24.489,54.932,2023,7,1,23,3,0,8
24.464,55.027,2023,7,1,23,3,0,8
24.436,55.023,2023,7,2,0,3,0,8
24.404,55.009,2023,7,2,0,3,0,8
24.375,54.907,2023,7,2,0,3,0,8
24.341,54.681,2023,7,2,0,3,0,8
24.307,54.617,2023,7,2,0,3,0,8
24.271,54.489,2023,7,2,0,3,0,8
24.235,54.333,2023,7,2,0,3,0,8
24.201,54.255,2023,7,2,0,3,0,8
24.163,54.248,2023,7,2,0,3,0,8
24.128,54.177,2023,7,2,0,3,0,8
24.095,54.131,2023,7,2,0,3,0,8
24.066,54.127,2023,7,2,0,3,0,8
24.033,54.206,2023,7,2,0,3,0,8
23.998,54.145,2023,7,2,0,3,0,8
23.967,54.013,2023,7,2,0,3,0,8
23.941,53.897,2023,7,2,0,3,0,8
23.914,53.883,2023,7,2,0,3,0,8
23.884,53.887,2023,7,2,0,3,0,8
23.859,53.89,2023,7,2,0,3,0,8
23.838,53.891,2023,7,2,0,3,0,8
23.809,53.819,2023,7,2,0,3,0,8
23.789,53.772,2023,7,2,0,3,0,8
23.775,53.671,2023,7,2,0,3,0,8
23.754,53.633,2023,7,2,0,3,0,8
23.735,53.598,2023,7,2,0,3,0,8
23.714,53.533,2023,7,2,0,3,0,8
23.692,53.533,2023,7,2,0,3,0,8
23.679,53.543,2023,7,2,0,3,0,8
23.671,53.625,2023,7,2,0,3,0,8
23.661,53.641,2023,7,2,0,3,0,9
23.648,53.649,2023,7,2,1,3,0,9
23.64,53.65,2023,7,2,1,3,0,9
23.628,53.653,2023,7,2,1,3,0,9
23.615,53.615,2023,7,2,1,3,0,9
23.607,53.582,2023,7,2,1,3,0,9
23.595,53.642,2023,7,2,1,3,0,9
23.573,53.713,2023,7,2,1,3,0,9
23.553,53.736,2023,7,2,1,3,0,9
23.536,53.784,2023,7,2,1,3,0,9
23.528,53.838,2023,7,2,1,3,0,9
23.518,53.906,2023,7,2,1,3,0,9
23.506,54.078,2023,7,2,1,3,0,9
23.496,54.254,2023,7,2,1,3,0,9
23.481,54.489,2023,7,2,1,3,0,9
23.466,54.773,2023,7,2,1,3,0,9
23.445,54.918,2023,7,2,1,3,0,9
23.423,55.332,2023,7,2,1,3,0,9
23.414,55.875,2023,7,2,1,3,0,9
23.394,55.977,2023,7,2,1,3,0,9
23.383,56.309,2023,7,2,1,3,0,9
23.373,56.486,2023,7,2,1,3,0,9
23.352,56.77,2023,7,2,1,3,0,9
23.338,57.321,2023,7,2,1,3,0,9
23.319,57.612,2023,7,2,1,3,0,9
23.309,57.647,2023,7,2,1,3,0,9
23.309,57.543,2023,7,2,1,3,0,9
23.315,57.445,2023,7,2,1,3,0,9
23.326,57.295,2023,7,2,1,3,0,9
23.346,57.212,2023,7,2,1,3,0,9
23.37,57.047,2023,7,2,1,3,0,9
23.392,56.924,2023,7,2,2,3,0,9
23.409,56.875,2023,7,2,2,3,0,9
23.429,56.707,2023,7,2,2,3,0,9
23.453,56.533,2023,7,2,2,3,0,9
23.469,56.488,2023,7,2,2,3,0,9
23.486,56.463,2023,7,2,2,3,0,9
23.5,56.467,2023,7,2,2,3,0,9
23.516,56.478,2023,7,2,2,3,0,9
23.527,56.554,2023,7,2,2,3,0,9
23.54,56.598,2023,7,2,2,3,0,9
23.553,56.601,2023,7,2,2,3,0,9
23.562,56.683,2023,7,2,2,3,0,9
23.567,56.663,2023,7,2,2,3,0,9
23.571,56.611,2023,7,2,2,3,0,9
23.575,56.603,2023,7,2,2,3,0,9
23.582,56.661,2023,7,2,2,3,0,9
23.588,56.703,2023,7,2,2,3,0,9
23.593,56.612,2023,7,2,2,3,0,9
23.594,56.611,2023,7,2,2,3,0,9
23.595,56.59,2023,7,2,2,3,0,9
23.595,56.597,2023,7,2,2,3,0,9
23.593,56.552,2023,7,2,2,3,0,9
23.593,56.46,2023,7,2,2,3,0,9
23.594,56.284,2023,7,2,2,3,0,9
23.6,56.161,2023,7,2,2,3,0,9
23.608,56.293,2023,7,2,2,3,0,9
23.617,56.201,2023,7,2,2,3,0,9
23.623,56.094,2023,7,2,2,3,0,9
23.628,56.176,2023,7,2,2,3,0,9
23.636,56.138,2023,7,2,2,3,0,9
23.637,56.196,2023,7,2,3,3,0,9
23.642,56.054,2023,7,2,3,3,0,9
23.643,56.167,2023,7,2,3,3,0,9
23.645,56.142,2023,7,2,3,3,0,9
23.645,56.121,2023,7,2,3,3,0,9
23.645,56.131,2023,7,2,3,3,0,9
23.647,56.11,2023,7,2,3,3,0,9
23.646,56.135,2023,7,2,3,3,0,9
23.647,56.126,2023,7,2,3,3,0,9
23.649,56.088,2023,7,2,3,3,0,9
23.65,56.301,2023,7,2,3,3,0,9
23.652,56.494,2023,7,2,3,3,0,9
23.649,56.487,2023,7,2,3,3,0,9
23.647,56.467,2023,7,2,3,3,0,9
23.647,56.476,2023,7,2,3,3,0,9
23.644,56.467,2023,7,2,3,3,0,9
23.644,56.549,2023,7,2,3,3,0,9
23.641,56.485,2023,7,2,3,3,0,9
23.639,56.549,2023,7,2,3,3,0,9
23.638,56.503,2023,7,2,3,3,0,9
23.637,56.583,2023,7,2,3,3,0,9
23.633,56.652,2023,7,2,3,3,0,9
23.631,56.708,2023,7,2,3,3,0,9
23.629,56.701,2023,7,2,3,3,0,9
23.627,56.72,2023,7,2,3,3,0,9
23.625,56.722,2023,7,2,3,3,0,9
23.623,56.701,2023,7,2,3,3,0,9
23.62,56.703,2023,7,2,3,3,0,9
23.615,56.721,2023,7,2,3,3,0,9
23.612,56.747,2023,7,2,3,3,0,9
23.61,56.792,2023,7,2,4,3,0,9
23.609,56.732,2023,7,2,4,3,0,9
23.605,56.736,2023,7,2,4,3,0,9
23.605,56.75,2023,7,2,4,3,0,9
23.603,56.713,2023,7,2,4,3,0,9
23.602,56.724,2023,7,2,4,3,0,9
23.599,56.722,2023,7,2,4,3,0,9
23.597,56.715,2023,7,2,4,3,0,9
23.598,56.741,2023,7,2,4,3,0,9
23.596,56.727,2023,7,2,4,3,0,9
23.595,56.697,2023,7,2,4,3,0,9
23.594,56.639,2023,7,2,4,3,0,9
23.594,56.603,2023,7,2,4,3,0,9
23.593,56.623,2023,7,2,4,3,0,9
23.594,56.534,2023,7,2,4,3,0,9
23.595,56.497,2023,7,2,4,3,0,9
23.596,56.376,2023,7,2,4,3,0,9
23.595,56.38,2023,7,2,4,3,0,9
23.594,56.292,2023,7,2,4,3,0,9
23.594,56.208,2023,7,2,4,3,0,9
23.595,56.166,2023,7,2,4,3,0,9
23.593,56.126,2023,7,2,4,3,0,9
23.591,56.065,2023,7,2,4,3,0,9
23.59,56.141,2023,7,2,4,3,0,9
23.591,56.094,2023,7,2,4,3,0,9
23.588,56.108,2023,7,2,4,3,0,9
23.587,56.093,2023,7,2,4,3,0,9
23.581,56.086,2023,7,2,4,3,0,9
23.576,56.09,2023,7,2,4,3,0,9
23.571,55.982,2023,7,2,4,3,0,9
23.568,56.073,2023,7,2,5,3,0,9
23.565,55.979,2023,7,2,5,3,0,9
23.562,55.891,2023,7,2,5,3,0,9
23.56,55.839,2023,7,2,5,3,0,9
23.558,55.779,2023,7,2,5,3,0,9
23.556,55.715,2023,7,2,5,3,0,9
23.554,55.655,2023,7,2,5,3,0,9
23.552,55.638,2023,7,2,5,3,0,9
23.548,55.591,2023,7,2,5,3,0,9
23.544,55.451,2023,7,2,5,3,0,9
23.54,55.447,2023,7,2,5,3,0,9
23.535,55.329,2023,7,2,5,3,0,9
23.531,55.322,2023,7,2,5,3,0,9
23.527,55.197,2023,7,2,5,3,0,9
23.523,55.154,2023,7,2,5,3,0,9
23.517,55.072,2023,7,2,5,3,0,9
23.512,55.011,2023,7,2,5,3,0,9
23.505,54.994,2023,7,2,5,3,0,9
23.503,54.994,2023,7,2,5,3,0,9
23.499,54.937,2023,7,2,5,3,0,9
23.497,54.926,2023,7,2,5,3,0,9
23.489,54.848,2023,7,2,5,3,0,9
23.486,54.744,2023,7,2,5,3,0,9
23.48,54.695,2023,7,2,5,3,0,9
23.479,54.704,2023,7,2,5,3,0,9
23.475,54.623,2023,7,2,5,3,0,9
23.474,54.63,2023,7,2,5,3,0,9
23.469,54.537,2023,7,2,5,3,0,9
23.468,54.498,2023,7,2,5,3,0,9
23.466,54.443,2023,7,2,6,3,0,9
23.465,54.425,2023,7,2,6,3,0,9
23.463,54.434,2023,7,2,6,3,0,9
23.462,54.321,2023,7,2,6,3,0,9
23.459,54.261,2023,7,2,6,3,0,9
23.456,54.241,2023,7,2,6,3,0,9
23.455,54.093,2023,7,2,6,3,0,9
23.454,54.056,2023,7,2,6,3,0,9
23.449,54.044,2023,7,2,6,3,0,9
23.438,54.046,2023,7,2,6,3,0,9
23.428,54.005,2023,7,2,6,3,0,9
23.421,53.991,2023,7,2,6,3,0,9
23.418,54.009,2023,7,2,6,3,0,9
23.416,54.018,2023,7,2,6,3,0,9
23.412,54.057,2023,7,2,6,3,0,9
23.41,53.998,2023,7,2,6,3,0,9
23.408,53.939,2023,7,2,6,3,0,9
23.407,53.972,2023,7,2,6,3,0,9
23.404,53.937,2023,7,2,6,3,0,9
23.4,53.941,2023,7,2,6,3,0,9
23.396,53.919,2023,7,2,6,3,0,9
23.392,53.84,2023,7,2,6,3,0,9
23.385,53.764,2023,7,2,6,3,0,9
23.382,53.699,2023,7,2,6,3,0,9
23.377,53.773,2023,7,2,6,3,0,9
23.373,53.69,2023,7,2,6,3,0,9
23.368,53.697,2023,7,2,6,3,0,9
23.36,53.651,2023,7,2,6,3,0,9
23.353,53.592,2023,7,2,6,3,0,9
23.349,53.623,2023,7,2,6,3,0,9
23.344,53.532,2023,7,2,7,3,0,9
23.341,53.525,2023,7,2,7,3,0,9
23.34,53.424,2023,7,2,7,3,0,9
23.338,53.426,2023,7,2,7,3,0,9
23.339,53.342,2023,7,2,7,3,0,9
23.339,53.455,2023,7,2,7,3,0,9
23.339,53.357,2023,7,2,7,3,0,9
23.334,53.298,2023,7,2,7,3,0,9
23.329,53.284,2023,7,2,7,3,0,9
23.327,53.307,2023,7,2,7,3,0,9
23.322,53.145,2023,7,2,7,3,0,9
23.32,53.191,2023,7,2,7,3,0,9
23.318,53.154,2023,7,2,7,3,0,9
23.316,53.099,2023,7,2,7,3,0,9
23.313,53.17,2023,7,2,7,3,0,9
23.31,53.048,2023,7,2,7,3,0,9
23.306,52.958,2023,7,2,7,3,0,9
23.301,52.96,2023,7,2,7,3,0,9
23.298,52.973,2023,7,2,7,3,0,9
23.297,52.96,2023,7,2,7,3,0,9
23.29,52.925,2023,7,2,7,3,0,9
23.289,52.937,2023,7,2,7,3,0,9
23.284,52.926,2023,7,2,7,3,0,9
23.281,52.718,2023,7,2,7,3,0,9
23.28,52.641,2023,7,2,7,3,0,9
23.282,52.765,2023,7,2,7,3,0,9
23.285,52.824,2023,7,2,7,3,0,9
23.289,52.73,2023,7,2,7,3,0,9
23.297,52.723,2023,7,2,7,3,0,9
23.3,52.561,2023,7,2,7,3,0,9
23.307,52.549,2023,7,2,8,3,0,9
23.308,52.34,2023,7,2,8,3,0,9
23.31,52.306,2023,7,2,8,3,0,9
23.312,52.302,2023,7,2,8,3,0,9
23.314,52.257,2023,7,2,8,3,0,9
23.316,52.257,2023,7,2,8,3,0,9
23.317,52.354,2023,7,2,8,3,0,9
23.323,52.307,2023,7,2,8,3,0,9
23.334,52.247,2023,7,2,8,3,0,9
23.341,52.176,2023,7,2,8,3,0,9
23.346,52.088,2023,7,2,8,3,0,9
23.347,51.912,2023,7,2,8,3,0,9
23.346,52.053,2023,7,2,8,3,0,9
23.342,52.068,2023,7,2,8,3,0,9
23.338,52.011,2023,7,2,8,3,0,9
23.329,51.942,2023,7,2,8,3,0,9
23.322,52.05,2023,7,2,8,3,0,9
23.319,52.029,2023,7,2,8,3,0,9
23.318,52.177,2023,7,2,8,3,0,9
23.318,52.302,2023,7,2,8,3,0,9
23.327,52.389,2023,7,2,8,3,0,9
23.33,52.398,2023,7,2,8,3,0,9
23.329,52.339,2023,7,2,8,3,0,9
23.327,52.184,2023,7,2,8,3,0,9
23.324,52.276,2023,7,2,8,3,0,9
23.323,52.322,2023,7,2,8,3,0,9
23.323,52.486,2023,7,2,8,3,0,9
23.336,52.634,2023,7,2,8,3,0,9
23.342,52.735,2023,7,2,8,3,0,9
23.344,52.757,2023,7,2,8,3,0,9
23.349,52.737,2023,7,2,9,3,0,9
23.354,52.663,2023,7,2,9,3,0,9
23.359,52.66,2023,7,2,9,3,0,9
23.362,52.728,2023,7,2,9,3,0,9
23.365,52.855,2023,7,2,9,3,0,9
23.373,53.121,2023,7,2,9,3,0,9
23.388,53.334,2023,7,2,9,3,0,9
23.416,53.493,2023,7,2,9,3,0,9
23.456,53.398,2023,7,2,9,3,0,9
23.498,53.315,2023,7,2,9,3,0,9
23.55,53.326,2023,7,2,9,3,0,9
23.609,53.159,2023,7,2,9,3,0,9
23.666,52.836,2023,7,2,9,3,0,9
23.708,52.565,2023,7,2,9,3,0,8
23.742,52.388,2023,7,2,9,3,0,8
23.765,52.255,2023,7,2,9,3,0,8
23.781,52.121,2023,7,2,9,3,0,8
23.788,52.007,2023,7,2,9,3,0,8
23.793,51.905,2023,7,2,9,3,0,8
23.802,51.819,2023,7,2,9,3,0,8
23.811,51.704,2023,7,2,9,3,0,8
23.816,51.528,2023,7,2,9,3,0,8
23.825,51.424,2023,7,2,9,3,0,8
23.832,51.505,2023,7,2,9,3,0,8
23.853,51.376,2023,7,2,9,3,0,8
23.872,51.334,2023,7,2,9,3,0,8
23.901,51.306,2023,7,2,9,3,0,8
23.936,51.11,2023,7,2,9,3,0,8
23.974,51.07,2023,7,2,9,3,0,8
24.021,51.058,2023,7,2,9,3,0,8
24.069,51.054,2023,7,2,10,3,0,8
24.12,50.955,2023,7,2,10,3,0,8
24.178,50.923,2023,7,2,10,3,0,8
24.23,50.806,2023,7,2,10,3,0,8
24.288,50.704,2023,7,2,10,3,0,8
24.331,50.597,2023,7,2,10,3,0,8
24.375,50.45,2023,7,2,10,3,0,8
24.416,50.35,2023,7,2,10,3,0,8
24.444,50.216,2023,7,2,10,3,0,8
24.459,50.235,2023,7,2,10,3,0,8
24.476,50.156,2023,7,2,10,3,0,8
24.494,50.018,2023,7,2,10,3,0,8
24.51,49.996,2023,7,2,10,3,0,8
24.529,49.894,2023,7,2,10,3,0,8
24.559,49.813,2023,7,2,10,3,0,8
24.592,49.853,2023,7,2,10,3,0,8
24.632,49.812,2023,7,2,10,3,0,8
24.673,49.737,2023,7,2,10,3,0,8
24.708,49.619,2023,7,2,10,3,0,8
24.744,49.488,2023,7,2,10,3,0,8
24.774,49.467,2023,7,2,10,3,0,8
24.8,49.373,2023,7,2,10,3,0,7
24.826,49.292,2023,7,2,10,3,0,7
24.845,49.115,2023,7,2,10,3,0,7
24.867,49.078,2023,7,2,10,3,0,7
24.887,48.968,2023,7,2,10,3,0,7
24.905,48.964,2023,7,2,10,3,0,7
24.941,48.945,2023,7,2,10,3,0,7
24.982,48.836,2023,7,2,10,3,0,7
25.026,48.721,2023,7,2,10,3,0,7
25.067,48.681,2023,7,2,11,3,0,7
25.122,48.663,2023,7,2,11,3,0,7
25.172,48.57,2023,7,2,11,3,0,7
25.22,48.465,2023,7,2,11,3,0,7
25.263,48.286,2023,7,2,11,3,0,7
25.301,48.168,2023,7,2,11,3,0,7
25.328,48.128,2023,7,2,11,3,0,7
25.358,47.926,2023,7,2,11,3,0,7
25.384,47.889,2023,7,2,11,3,0,7
25.418,47.882,2023,7,2,11,3,0,7
25.452,47.798,2023,7,2,11,3,0,7
25.49,47.625,2023,7,2,11,3,0,7
25.518,47.571,2023,7,2,11,3,0,7
25.543,47.493,2023,7,2,11,3,0,7
25.564,47.38,2023,7,2,11,3,0,7
25.584,47.418,2023,7,2,11,3,0,7
25.613,47.251,2023,7,2,11,3,0,7
25.645,47.169,2023,7,2,11,3,0,7
25.676,47.105,2023,7,2,11,3,0,7
25.698,47.095,2023,7,2,11,3,0,7
25.728,47.091,2023,7,2,11,3,0,7
25.763,46.858,2023,7,2,11,3,0,7
25.79,46.72,2023,7,2,11,3,0,7
25.805,46.709,2023,7,2,11,3,0,7
25.814,46.699,2023,7,2,11,3,0,7
25.819,46.705,2023,7,2,11,3,0,7
25.826,46.729,2023,7,2,11,3,0,7
25.835,46.754,2023,7,2,11,3,0,7
25.839,46.627,2023,7,2,11,3,0,7
25.845,46.487,2023,7,2,11,3,0,7
25.846,46.499,2023,7,2,12,3,0,7
25.845,46.51,2023,7,2,12,3,0,7
25.845,46.521,2023,7,2,12,3,0,7
25.838,46.309,2023,7,2,12,3,0,7
25.833,46.251,2023,7,2,12,3,0,7
25.828,46.32,2023,7,2,12,3,0,7
25.824,46.323,2023,7,2,12,3,0,7
25.825,46.323,2023,7,2,12,3,0,7
25.826,46.319,2023,7,2,12,3,0,7
25.832,46.318,2023,7,2,12,3,0,7
25.836,46.376,2023,7,2,12,3,0,7
25.844,46.328,2023,7,2,12,3,0,7
25.852,46.307,2023,7,2,12,3,0,7
25.865,46.28,2023,7,2,12,3,0,7
25.878,46.3,2023,7,2,12,3,0,7
25.884,46.235,2023,7,2,12,3,0,7
25.889,46.162,2023,7,2,12,3,0,6
25.895,46.158,2023,7,2,12,3,0,6
25.907,46.175,2023,7,2,12,3,0,6
25.916,46.176,2023,7,2,12,3,0,6
25.927,46.182,2023,7,2,12,3,0,6
25.948,46.096,2023,7,2,12,3,0,6
25.972,46.013,2023,7,2,12,3,0,6
25.989,45.934,2023,7,2,12,3,0,6
26.007,45.746,2023,7,2,12,3,0,6
26.021,45.592,2023,7,2,12,3,0,6
26.049,45.336,2023,7,2,12,3,0,6
26.077,45.409,2023,7,2,12,3,0,6
26.102,45.406,2023,7,2,12,3,0,6
26.111,45.406,2023,7,2,12,3,0,6
26.116,45.405,2023,7,2,13,3,0,6
26.111,45.396,2023,7,2,13,3,0,6
26.097,45.405,2023,7,2,13,3,0,6
26.08,45.408,2023,7,2,13,3,0,6
26.071,45.519,2023,7,2,13,3,0,6
26.07,45.547,2023,7,2,13,3,0,6
26.076,45.554,2023,7,2,13,3,0,6
26.088,45.691,2023,7,2,13,3,0,6
26.109,45.777,2023,7,2,13,3,0,6
26.13,45.735,2023,7,2,13,3,0,6
26.144,45.667,2023,7,2,13,3,0,6
26.152,45.659,2023,7,2,13,3,0,6
26.156,45.731,2023,7,2,13,3,0,6
26.159,45.77,2023,7,2,13,3,0,6
26.157,45.798,2023,7,2,13,3,0,6
26.153,45.787,2023,7,2,13,3,0,6
26.146,45.785,2023,7,2,13,3,0,6
26.136,45.786,2023,7,2,13,3,0,6
26.12,45.787,2023,7,2,13,3,0,6
26.103,45.822,2023,7,2,13,3,0,6
26.087,45.88,2023,7,2,13,3,0,6
26.072,45.915,2023,7,2,13,3,0,6
26.054,46.03,2023,7,2,13,3,0,6
26.032,46.107,2023,7,2,13,3,0,6
26.013,46.22,2023,7,2,13,3,0,6
25.995,46.297,2023,7,2,13,3,0,6
25.981,46.374,2023,7,2,13,3,0,6
25.959,46.426,2023,7,2,13,3,0,6
25.942,46.516,2023,7,2,13,3,0,6
25.926,46.636,2023,7,2,13,3,0,6
25.918,46.714,2023,7,2,14,3,0,6
25.905,46.804,2023,7,2,14,3,0,6
25.899,46.921,2023,7,2,14,3,0,6
25.89,47.031,2023,7,2,14,3,0,6
25.887,47.177,2023,7,2,14,3,0,7
25.881,47.205,2023,7,2,14,3,0,7
25.873,47.215,2023,7,2,14,3,0,7
25.864,47.214,2023,7,2,14,3,0,7
25.859,47.165,2023,7,2,14,3,0,7
25.853,47.386,2023,7,2,14,3,0,7
25.851,47.456,2023,7,2,14,3,0,7
25.852,47.544,2023,7,2,14,3,0,7
25.851,47.621,2023,7,2,14,3,0,7
25.852,47.685,2023,7,2,14,3,0,7
25.85,47.639,2023,7,2,14,3,0,7
25.845,47.751,2023,7,2,14,3,0,7
25.844,47.735,2023,7,2,14,3,0,7
25.839,47.726,2023,7,2,14,3,0,7
25.834,47.724,2023,7,2,14,3,0,7
25.824,47.726,2023,7,2,14,3,0,7
25.815,47.642,2023,7,2,14,3,0,7
25.804,47.605,2023,7,2,14,3,0,7
25.79,47.608,2023,7,2,14,3,0,7
25.765,47.711,2023,7,2,14,3,0,7
25.742,47.761,2023,7,2,14,3,0,7
25.723,47.846,2023,7,2,14,3,0,7
25.702,47.964,2023,7,2,14,3,0,7
25.683,48.097,2023,7,2,14,3,0,7
25.667,48.365,2023,7,2,14,3,0,7
25.66,48.487,2023,7,2,14,3,0,7
25.663,48.542,2023,7,2,15,3,0,7
25.666,48.62,2023,7,2,15,3,0,7
25.679,48.627,2023,7,2,15,3,0,7
25.687,48.521,2023,7,2,15,3,0,7
25.689,48.564,2023,7,2,15,3,0,7
25.688,48.717,2023,7,2,15,3,0,7
25.689,48.831,2023,7,2,15,3,0,7
25.692,48.878,2023,7,2,15,3,0,7
25.697,48.883,2023,7,2,15,3,0,7
25.699,48.883,2023,7,2,15,3,0,7
25.699,48.926,2023,7,2,15,3,0,7
25.701,48.91,2023,7,2,15,3,0,7
25.704,48.885,2023,7,2,15,3,0,7
25.708,48.882,2023,7,2,15,3,0,7
25.713,48.88,2023,7,2,15,3,0,7
25.716,48.792,2023,7,2,15,3,0,7
25.719,48.813,2023,7,2,15,3,0,7
25.722,48.793,2023,7,2,15,3,0,7
25.724,48.766,2023,7,2,15,3,0,7
25.727,48.755,2023,7,2,15,3,0,7
25.731,48.753,2023,7,2,15,3,0,7
25.734,48.754,2023,7,2,15,3,0,7
25.736,48.754,2023,7,2,15,3,0,7
25.742,48.752,2023,7,2,15,3,0,7
25.747,48.753,2023,7,2,15,3,0,7
25.748,48.714,2023,7,2,15,3,0,7
25.753,48.711,2023,7,2,15,3,0,7
25.758,48.719,2023,7,2,15,3,0,7
25.759,48.635,2023,7,2,15,3,0,7
25.76,48.624,2023,7,2,15,3,0,7
25.76,48.623,2023,7,2,16,3,0,7
25.761,48.623,2023,7,2,16,3,0,7
25.764,48.622,2023,7,2,16,3,0,7
25.766,48.614,2023,7,2,16,3,0,7
25.767,48.595,2023,7,2,16,3,0,7
25.768,48.618,2023,7,2,16,3,0,7
25.768,48.621,2023,7,2,16,3,0,7
25.764,48.622,2023,7,2,16,3,0,7
25.761,48.675,2023,7,2,16,3,0,7
25.756,48.739,2023,7,2,16,3,0,7
25.747,48.751,2023,7,2,16,3,0,7
25.74,48.773,2023,7,2,16,3,0,7
25.735,48.854,2023,7,2,16,3,0,7
25.732,48.874,2023,7,2,16,3,0,7
25.726,48.879,2023,7,2,16,3,0,7
25.719,48.886,2023,7,2,16,3,0,7
25.713,48.81,2023,7,2,16,3,0,7
25.702,48.764,2023,7,2,16,3,0,7
25.69,48.758,2023,7,2,16,3,0,7
25.667,49.01,2023,7,2,16,3,0,7
25.642,48.876,2023,7,2,16,3,0,7
25.474,48.854,2023,7,2,16,3,0,7
25.263,49.402,2023,7,2,16,3,0,7
25.112,49.804,2023,7,2,16,3,0,7
24.999,49.94,2023,7,2,16,3,0,7
24.886,50.011,2023,7,2,16,3,0,7
24.778,49.998,2023,7,2,16,3,0,7
24.654,50.126,2023,7,2,16,3,0,8
24.525,50.259,2023,7,2,16,3,0,8
24.427,50.48,2023,7,2,16,3,0,8
24.333,50.701,2023,7,2,17,3,0,8
24.266,50.851,2023,7,2,17,3,0,8
24.213,50.915,2023,7,2,17,3,0,8
24.166,50.961,2023,7,2,17,3,0,8
24.076,50.976,2023,7,2,17,3,0,8
23.983,51.151,2023,7,2,17,3,0,8
23.938,51.511,2023,7,2,17,3,0,8
23.893,51.748,2023,7,2,17,3,0,8
23.863,51.842,2023,7,2,17,3,0,8
23.84,51.741,2023,7,2,17,3,0,8
23.813,51.488,2023,7,2,17,3,0,8
23.785,52.169,2023,7,2,17,3,0,8
23.775,51.888,2023,7,2,17,3,0,8
23.752,51.77,2023,7,2,17,3,0,8
23.722,51.741,2023,7,2,17,3,0,8
23.685,51.785,2023,7,2,17,3,0,8
23.65,51.937,2023,7,2,17,3,0,9
23.615,52.179,2023,7,2,17,3,0,9
23.594,52.33,2023,7,2,17,3,0,9
23.589,52.403,2023,7,2,17,3,0,9
23.578,52.471,2023,7,2,17,3,0,9
23.572,52.551,2023,7,2,17,3,0,9
23.561,52.485,2023,7,2,17,3,0,9
23.542,52.611,2023,7,2,17,3,0,9
23.53,52.786,2023,7,2,17,3,0,9
23.515,52.777,2023,7,2,17,3,0,9
23.507,53.723,2023,7,2,17,3,0,9
23.504,53.458,2023,7,2,17,3,0,9
23.498,53.467,2023,7,2,17,3,0,9
23.5,53.648,2023,7,2,18,3,0,9
23.501,54.386,2023,7,2,18,3,0,9
23.504,54.171,2023,7,2,18,3,0,9
23.514,54.526,2023,7,2,18,3,0,9
23.53,54.183,2023,7,2,18,3,0,9
23.547,54.243,2023,7,2,18,3,0,9
23.557,53.777,2023,7,2,18,3,0,9
23.561,53.736,2023,7,2,18,3,0,9
23.565,54.034,2023,7,2,18,3,0,9
23.54,53.417,2023,7,2,18,3,0,9
23.568,53.087,2023,7,2,18,3,0,9
23.633,53.436,2023,7,2,18,3,0,9
23.735,53.297,2023,7,2,18,3,0,8
23.843,53.063,2023,7,2,18,3,0,8
23.912,52.503,2023,7,2,18,3,0,8
23.922,52.137,2023,7,2,18,3,0,8
23.886,52.721,2023,7,2,18,3,0,8
23.861,52.988,2023,7,2,18,3,0,8
23.854,53.057,2023,7,2,18,3,0,8
23.861,52.903,2023,7,2,18,3,0,8
23.876,52.903,2023,7,2,18,3,0,8
23.891,53.0,2023,7,2,18,3,0,8
23.905,52.741,2023,7,2,18,3,0,8
23.922,52.724,2023,7,2,18,3,0,8
23.936,52.38,2023,7,2,18,3,0,8
23.944,52.43,2023,7,2,18,3,0,8
23.958,52.594,2023,7,2,18,3,0,8
23.975,52.487,2023,7,2,18,3,0,8
23.981,52.268,2023,7,2,18,3,0,8
23.988,52.175,2023,7,2,18,3,0,8
23.998,52.108,2023,7,2,19,3,0,8
24.008,52.061,2023,7,2,19,3,0,8
24.012,52.005,2023,7,2,19,3,0,8
24.014,51.965,2023,7,2,19,3,0,8
24.013,51.857,2023,7,2,19,3,0,8
24.006,51.823,2023,7,2,19,3,0,8
24.007,51.837,2023,7,2,19,3,0,8
24.006,51.858,2023,7,2,19,3,0,8
24.009,51.923,2023,7,2,19,3,0,8
24.013,51.96,2023,7,2,19,3,0,8
24.02,51.995,2023,7,2,19,3,0,8
24.021,52.25,2023,7,2,19,3,0,8
24.024,52.336,2023,7,2,19,3,0,8
24.032,52.487,2023,7,2,19,3,0,8
24.044,52.56,2023,7,2,19,3,0,8
24.047,52.595,2023,7,2,19,3,0,8
24.052,52.6,2023,7,2,19,3,0,8
24.051,52.564,2023,7,2,19,3,0,8
24.054,52.563,2023,7,2,19,3,0,8
24.053,52.544,2023,7,2,19,3,0,8
24.055,52.592,2023,7,2,19,3,0,8
24.056,52.601,2023,7,2,19,3,0,8
24.062,52.597,2023,7,2,19,3,0,8
24.064,52.597,2023,7,2,19,3,0,8
24.07,52.541,2023,7,2,19,3,0,8
24.084,52.485,2023,7,2,19,3,0,8
24.092,52.525,2023,7,2,19,3,0,8
24.098,52.5,2023,7,2,19,3,0,8
24.105,52.472,2023,7,2,19,3,0,8
24.112,52.46,2023,7,2,19,3,0,8
24.123,52.452,2023,7,2,20,3,0,8
24.132,52.459,2023,7,2,20,3,0,8
24.147,52.46,2023,7,2,20,3,0,8
24.157,52.435,2023,7,2,20,3,0,8
24.174,52.36,2023,7,2,20,3,0,8
24.196,52.339,2023,7,2,20,3,0,8
24.217,52.261,2023,7,2,20,3,0,8
24.223,52.173,2023,7,2,20,3,0,8
24.212,52.219,2023,7,2,20,3,0,8
24.205,52.122,2023,7,2,20,3,0,8
24.2,52.098,2023,7,2,20,3,0,8
24.2,52.193,2023,7,2,20,3,0,8
24.209,52.202,2023,7,2,20,3,0,8
24.226,52.145,2023,7,2,20,3,0,8
24.241,52.08,2023,7,2,20,3,0,8
24.253,52.139,2023,7,2,20,3,0,8
24.274,52.113,2023,7,2,20,3,0,8
24.293,52.073,2023,7,2,20,3,0,8
24.299,52.048,2023,7,2,20,3,0,8
24.306,52.065,2023,7,2,20,3,0,8
24.311,52.066,2023,7,2,20,3,0,8
24.311,52.009,2023,7,2,20,3,0,8
24.31,51.942,2023,7,2,20,3,0,8
24.292,52.047,2023,7,2,20,3,0,8
24.274,51.955,2023,7,2,20,3,0,8
24.252,52.009,2023,7,2,20,3,0,8
24.238,52.055,2023,7,2,20,3,0,8
24.22,52.107,2023,7,2,20,3,0,8
24.214,52.067,2023,7,2,20,3,0,8
24.207,52.197,2023,7,2,21,3,0,8
24.203,52.282,2023,7,2,21,3,0,8
24.195,52.238,2023,7,2,21,3,0,8
24.18,52.209,2023,7,2,21,3,0,8
24.166,52.154,2023,7,2,21,3,0,8
24.159,52.114,2023,7,2,21,3,0,8
24.152,52.13,2023,7,2,21,3,0,8
24.145,52.2,2023,7,2,21,3,0,8
24.133,52.299,2023,7,2,21,3,0,8
24.122,52.335,2023,7,2,21,3,0,8
24.115,52.339,2023,7,2,21,3,0,8
24.113,52.373,2023,7,2,21,3,0,8
24.107,52.409,2023,7,2,21,3,0,8
24.098,52.366,2023,7,2,21,3,0,8
24.097,52.371,2023,7,2,21,3,0,8
24.083,52.382,2023,7,2,21,3,0,8
24.071,52.404,2023,7,2,21,3,0,8
24.064,52.351,2023,7,2,21,3,0,8
24.059,52.344,2023,7,2,21,3,0,8
24.057,52.333,2023,7,2,21,3,0,8
24.05,52.257,2023,7,2,21,3,0,8
24.039,52.245,2023,7,2,21,3,0,8
24.029,52.245,2023,7,2,21,3,0,8
24.022,52.248,2023,7,2,21,3,0,8
24.009,52.289,2023,7,2,21,3,0,8
23.995,52.219,2023,7,2,21,3,0,8
23.974,52.116,2023,7,2,21,3,0,8
23.954,52.193,2023,7,2,21,3,0,8
23.942,52.106,2023,7,2,21,3,0,8
23.931,52.255,2023,7,2,21,3,0,8
23.907,52.271,2023,7,2,22,3,0,8
23.895,52.259,2023,7,2,22,3,0,8
23.881,52.239,2023,7,2,22,3,0,8
23.875,52.19,2023,7,2,22,3,0,8
23.877,52.067,2023,7,2,22,3,0,8
23.878,51.981,2023,7,2,22,3,0,8
23.875,51.985,2023,7,2,22,3,0,8
23.871,51.894,2023,7,2,22,3,0,8
23.868,51.859,2023,7,2,22,3,0,8
23.87,51.867,2023,7,2,22,3,0,8
23.882,51.963,2023,7,2,22,3,0,8
23.891,51.872,2023,7,2,22,3,0,8
23.901,51.851,2023,7,2,22,3,0,8
23.913,51.846,2023,7,2,22,3,0,8
23.921,51.748,2023,7,2,22,3,0,8
23.922,51.722,2023,7,2,22,3,0,8
23.924,51.719,2023,7,2,22,3,0,8
23.921,51.719,2023,7,2,22,3,0,8
23.922,51.719,2023,7,2,22,3,0,8
23.927,51.719,2023,7,2,22,3,0,8
23.932,51.715,2023,7,2,22,3,0,8
23.939,51.688,2023,7,2,22,3,0,8
23.942,51.695,2023,7,2,22,3,0,8
23.946,51.655,2023,7,2,22,3,0,8
23.945,51.595,2023,7,2,22,3,0,8
23.942,51.584,2023,7,2,22,3,0,8
23.937,51.565,2023,7,2,22,3,0,8
23.929,51.506,2023,7,2,22,3,0,8
23.919,51.546,2023,7,2,22,3,0,8
23.905,51.544,2023,7,2,23,3,0,8
23.898,51.585,2023,7,2,23,3,0,8
23.888,51.588,2023,7,2,23,3,0,8
23.879,51.527,2023,7,2,23,3,0,8
23.873,51.474,2023,7,2,23,3,0,8
23.868,51.468,2023,7,2,23,3,0,8
23.863,51.467,2023,7,2,23,3,0,8
23.86,51.468,2023,7,2,23,3,0,8
23.851,51.469,2023,7,2,23,3,0,8
23.847,51.451,2023,7,2,23,3,0,8
23.845,51.384,2023,7,2,23,3,0,8
23.842,51.346,2023,7,2,23,3,0,8
23.835,51.341,2023,7,2,23,3,0,8
23.831,51.341,2023,7,2,23,3,0,8
23.827,51.342,2023,7,2,23,3,0,8
23.824,51.335,2023,7,2,23,3,0,8
23.805,51.342,2023,7,2,23,3,0,8
23.787,51.347,2023,7,2,23,3,0,8
23.78,51.387,2023,7,2,23,3,0,8
23.775,51.458,2023,7,2,23,3,0,8
23.776,51.471,2023,7,2,23,3,0,8
23.774,51.474,2023,7,2,23,3,0,8
23.774,51.471,2023,7,2,23,3,0,8
23.769,51.471,2023,7,2,23,3,0,8
23.771,51.474,2023,7,2,23,3,0,8
23.775,51.405,2023,7,2,23,3,0,8
23.775,51.363,2023,7,2,23,3,0,8
23.768,51.354,2023,7,2,23,3,0,8
23.766,51.349,2023,7,2,23,3,0,8
23.763,51.348,2023,7,2,23,3,0,8
23.76,51.348,2023,7,3,0,3,0,8
23.757,51.347,2023,7,3,0,3,0,8
23.757,51.347,2023,7,3,0,3,0,8
23.757,51.348,2023,7,3,0,3,0,8
23.752,51.347,2023,7,3,0,3,0,8
23.748,51.348,2023,7,3,0,3,0,8
23.745,51.348,2023,7,3,0,3,0,8
23.746,51.348,2023,7,3,0,3,0,8
23.745,51.348,2023,7,3,0,3,0,8
23.743,51.348,2023,7,3,0,3,0,8
23.738,51.349,2023,7,3,0,3,0,8
23.735,51.29,2023,7,3,0,3,0,8
23.726,51.333,2023,7,3,0,3,0,8
23.717,51.35,2023,7,3,0,3,0,8
23.712,51.352,2023,7,3,0,3,0,8
23.712,51.352,2023,7,3,0,3,0,8
23.703,51.353,2023,7,3,0,3,0,8
23.699,51.353,2023,7,3,0,3,0,8
23.698,51.354,2023,7,3,0,3,0,8
23.698,51.354,2023,7,3,0,3,0,8
23.694,51.354,2023,7,3,0,3,0,8
23.693,51.354,2023,7,3,0,3,0,8
23.694,51.354,2023,7,3,0,3,0,8
23.69,51.354,2023,7,3,0,3,0,8
23.693,51.343,2023,7,3,0,3,0,8
23.691,51.32,2023,7,3,0,3,0,8
23.689,51.351,2023,7,3,0,3,0,8
23.686,51.354,2023,7,3,0,3,0,8
23.685,51.354,2023,7,3,0,3,0,8
23.682,51.354,2023,7,3,0,3,0,8
23.68,51.345,2023,7,3,1,3,0,8
23.677,51.331,2023,7,3,1,3,0,8
23.674,51.29,2023,7,3,1,3,0,8
23.671,51.306,2023,7,3,1,3,0,8
23.666,51.341,2023,7,3,1,3,0,9
23.66,51.345,2023,7,3,1,3,0,9
23.657,51.32,2023,7,3,1,3,0,9
23.65,51.27,2023,7,3,1,3,0,9
23.639,51.237,2023,7,3,1,3,0,9
23.616,51.595,2023,7,3,1,3,0,9
23.602,51.536,2023,7,3,1,3,0,9
23.596,51.396,2023,7,3,1,3,0,9
23.595,51.367,2023,7,3,1,3,0,9
23.594,51.364,2023,7,3,1,3,0,9
23.593,51.364,2023,7,3,1,3,0,9
23.594,51.364,2023,7,3,1,3,0,9
23.595,51.364,2023,7,3,1,3,0,9
23.597,51.364,2023,7,3,1,3,0,9
23.6,51.366,2023,7,3,1,3,0,9
23.598,51.372,2023,7,3,1,3,0,9
23.595,51.417,2023,7,3,1,3,0,9
23.595,51.465,2023,7,3,1,3,0,9
23.589,51.432,2023,7,3,1,3,0,9
23.584,51.465,2023,7,3,1,3,0,9
23.578,51.478,2023,7,3,1,3,0,9
23.571,51.477,2023,7,3,1,3,0,9
23.564,51.483,2023,7,3,1,3,0,9
23.557,51.494,2023,7,3,1,3,0,9
23.54,51.496,2023,7,3,1,3,0,9
23.528,51.499,2023,7,3,1,3,0,9
23.513,51.498,2023,7,3,2,3,0,9
23.503,51.581,2023,7,3,2,3,0,9
23.495,51.532,2023,7,3,2,3,0,9
23.484,51.618,2023,7,3,2,3,0,9
23.477,51.628,2023,7,3,2,3,0,9
23.473,51.63,2023,7,3,2,3,0,9
23.472,51.63,2023,7,3,2,3,0,9
23.473,51.624,2023,7,3,2,3,0,9
23.471,51.541,2023,7,3,2,3,0,9
23.47,51.599,2023,7,3,2,3,0,9
23.467,51.266,2023,7,3,2,3,0,9
23.455,51.014,2023,7,3,2,3,0,9
23.417,50.675,2023,7,3,2,3,0,9
23.381,50.38,2023,7,3,2,3,0,9
23.335,50.117,2023,7,3,2,3,0,9
23.29,50.071,2023,7,3,2,3,0,9
23.232,49.897,2023,7,3,2,3,0,9
23.175,49.895,2023,7,3,2,3,0,9
23.12,49.869,2023,7,3,2,3,0,9
23.076,49.806,2023,7,3,2,3,0,9
23.025,49.798,2023,7,3,2,3,0,9
22.978,49.721,2023,7,3,2,3,0,9
22.941,49.813,2023,7,3,2,3,0,9
22.91,49.771,2023,7,3,2,3,0,9
22.862,49.806,2023,7,3,2,3,0,9
22.825,49.819,2023,7,3,2,3,0,9
22.796,49.811,2023,7,3,2,3,0,9
22.773,49.769,2023,7,3,2,3,0,9
22.739,49.761,2023,7,3,2,3,0,9
22.709,49.687,2023,7,3,2,3,0,9
22.666,49.8,2023,7,3,3,3,0,9
22.639,49.667,2023,7,3,3,3,0,9
22.602,49.755,2023,7,3,3,3,0,9
22.568,49.8,2023,7,3,3,3,0,9
22.537,49.842,2023,7,3,3,3,0,10
22.504,49.808,2023,7,3,3,3,0,10
22.469,49.891,2023,7,3,3,3,0,10
22.44,49.921,2023,7,3,3,3,0,10
22.414,49.851,2023,7,3,3,3,0,10
22.387,49.882,2023,7,3,3,3,0,10
22.358,49.798,2023,7,3,3,3,0,10
22.32,49.826,2023,7,3,3,3,0,10
22.282,49.877,2023,7,3,3,3,0,10
22.25,49.854,2023,7,3,3,3,0,10
22.223,49.712,2023,7,3,3,3,0,10
22.194,49.731,2023,7,3,3,3,0,10
22.164,49.779,2023,7,3,3,3,0,10
22.12,49.767,2023,7,3,3,3,0,10
22.08,49.836,2023,7,3,3,3,0,10
22.05,49.837,2023,7,3,3,3,0,10
22.025,49.83,2023,7,3,3,3,0,10
21.993,49.832,2023,7,3,3,3,0,10
21.964,49.877,2023,7,3,3,3,0,10
21.936,49.878,2023,7,3,3,3,0,10
21.912,49.751,2023,7,3,3,3,0,10
21.891,49.726,2023,7,3,3,3,0,10
21.86,49.824,2023,7,3,3,3,0,10
21.833,49.844,2023,7,3,3,3,0,10
21.815,49.742,2023,7,3,3,3,0,10
21.791,49.831,2023,7,3,4,3,0,10
21.758,49.908,2023,7,3,4,3,0,10
21.742,49.889,2023,7,3,4,3,0,10
21.726,49.792,2023,7,3,4,3,0,10
21.705,49.923,2023,7,3,4,3,0,10
21.685,49.863,2023,7,3,4,3,0,10
21.671,49.806,2023,7,3,4,3,0,10
21.651,49.858,2023,7,3,4,3,0,10
21.635,49.918,2023,7,3,4,3,0,10
21.617,49.971,2023,7,3,4,3,0,10
21.61,50.168,2023,7,3,4,3,0,10
21.611,50.411,2023,7,3,4,3,0,10
21.627,50.579,2023,7,3,4,3,0,10
21.647,50.729,2023,7,3,4,3,0,10
21.672,50.756,2023,7,3,4,3,0,10
21.703,50.754,2023,7,3,4,3,0,10
21.732,50.755,2023,7,3,4,3,0,10
21.763,50.751,2023,7,3,4,3,0,10
21.788,50.748,2023,7,3,4,3,0,10
21.807,50.748,2023,7,3,4,3,0,10
21.828,50.724,2023,7,3,4,3,0,10
21.849,50.742,2023,7,3,4,3,0,10
21.867,50.741,2023,7,3,4,3,0,10
21.882,50.734,2023,7,3,4,3,0,10
21.891,50.74,2023,7,3,4,3,0,10
21.898,50.74,2023,7,3,4,3,0,10
21.908,50.744,2023,7,3,4,3,0,10
21.922,50.738,2023,7,3,4,3,0,10
21.931,50.739,2023,7,3,4,3,0,10
21.941,50.737,2023,7,3,4,3,0,10
21.954,50.727,2023,7,3,5,3,0,10
21.964,50.734,2023,7,3,5,3,0,10
21.973,50.734,2023,7,3,5,3,0,10
21.977,50.743,2023,7,3,5,3,0,10
21.982,50.733,2023,7,3,5,3,0,10
21.989,50.741,2023,7,3,5,3,0,10
21.997,50.732,2023,7,3,5,3,0,10
22.004,50.771,2023,7,3,5,3,0,10
22.011,50.805,2023,7,3,5,3,0,10
22.015,50.766,2023,7,3,5,3,0,10
22.019,50.84,2023,7,3,5,3,0,10
22.027,50.807,2023,7,3,5,3,0,10
22.032,50.834,2023,7,3,5,3,0,10
22.033,50.826,2023,7,3,5,3,0,10
22.035,50.851,2023,7,3,5,3,0,10
22.037,50.854,2023,7,3,5,3,0,10
22.041,50.851,2023,7,3,5,3,0,10
22.044,50.847,2023,7,3,5,3,0,10
22.043,50.848,2023,7,3,5,3,0,10
22.044,50.846,2023,7,3,5,3,0,10
22.046,50.854,2023,7,3,5,3,0,10
22.046,50.85,2023,7,3,5,3,0,10
22.045,50.764,2023,7,3,5,3,0,10
22.044,50.83,2023,7,3,5,3,0,10
22.043,50.843,2023,7,3,5,3,0,10
22.043,50.846,2023,7,3,5,3,0,10
22.045,50.815,2023,7,3,5,3,0,10
22.046,50.778,2023,7,3,5,3,0,10
22.048,50.732,2023,7,3,5,3,0,10
22.049,50.725,2023,7,3,5,3,0,10
22.05,50.724,2023,7,3,6,3,0,10
22.055,50.638,2023,7,3,6,3,0,10
22.059,50.61,2023,7,3,6,3,0,10
22.069,50.595,2023,7,3,6,3,0,10
22.076,50.553,2023,7,3,6,3,0,10
22.08,50.544,2023,7,3,6,3,0,10
22.083,50.502,2023,7,3,6,3,0,10
22.091,50.47,2023,7,3,6,3,0,10
22.094,50.466,2023,7,3,6,3,0,10
22.101,50.434,2023,7,3,6,3,0,10
22.105,50.449,2023,7,3,6,3,0,10
22.105,50.432,2023,7,3,6,3,0,10
22.104,50.461,2023,7,3,6,3,0,10
22.102,50.427,2023,7,3,6,3,0,10
22.102,50.377,2023,7,3,6,3,0,10
22.101,50.454,2023,7,3,6,3,0,10
22.104,50.463,2023,7,3,6,3,0,10
22.101,50.459,2023,7,3,6,3,0,10
22.097,50.504,2023,7,3,6,3,0,10
22.096,50.523,2023,7,3,6,3,0,10
22.094,50.487,2023,7,3,6,3,0,10
22.094,50.425,2023,7,3,6,3,0,10
22.094,50.528,2023,7,3,6,3,0,10
22.093,50.573,2023,7,3,6,3,0,10
22.098,50.591,2023,7,3,6,3,0,10
22.098,50.663,2023,7,3,6,3,0,10
22.1,50.697,2023,7,3,6,3,0,10
22.102,50.681,2023,7,3,6,3,0,10
22.1,50.717,2023,7,3,6,3,0,10
22.101,50.607,2023,7,3,7,3,0,10
22.097,50.62,2023,7,3,7,3,0,10
22.097,50.693,2023,7,3,7,3,0,10
22.098,50.819,2023,7,3,7,3,0,10
22.099,50.907,2023,7,3,7,3,0,10
22.102,50.882,2023,7,3,7,3,0,10
22.107,50.857,2023,7,3,7,3,0,10
22.11,50.96,2023,7,3,7,3,0,10
22.113,50.96,2023,7,3,7,3,0,10
22.116,50.88,2023,7,3,7,3,0,10
22.123,50.941,2023,7,3,7,3,0,10
22.129,50.968,2023,7,3,7,3,0,10
22.137,50.977,2023,7,3,7,3,0,10
22.14,50.96,2023,7,3,7,3,0,10
22.147,50.859,2023,7,3,7,3,0,10
22.158,50.848,2023,7,3,7,3,0,10
22.165,50.847,2023,7,3,7,3,0,10
22.175,50.846,2023,7,3,7,3,0,10
22.184,50.844,2023,7,3,7,3,0,10
22.194,50.795,2023,7,3,7,3,0,10
22.201,50.73,2023,7,3,7,3,0,10
22.217,50.7,2023,7,3,7,3,0,10
22.24,50.746,2023,7,3,7,3,0,10
22.258,50.829,2023,7,3,7,3,0,10
22.278,50.753,2023,7,3,7,3,0,10
22.303,50.71,2023,7,3,7,3,0,10
22.338,50.69,2023,7,3,7,3,0,10
22.368,50.675,2023,7,3,7,3,0,10
22.397,50.635,2023,7,3,7,3,0,10
22.423,50.674,2023,7,3,7,3,0,10
22.448,50.607,2023,7,3,8,3,0,10
22.481,50.576,2023,7,3,8,3,0,10
22.513,50.567,2023,7,3,8,3,0,10
22.547,50.558,2023,7,3,8,3,0,10
22.575,50.554,2023,7,3,8,3,0,9
22.614,50.545,2023,7,3,8,3,0,9
22.644,50.459,2023,7,3,8,3,0,9
22.685,50.375,2023,7,3,8,3,0,9
22.727,50.273,2023,7,3,8,3,0,9
22.765,50.168,2023,7,3,8,3,0,9
22.797,50.151,2023,7,3,8,3,0,9
22.837,50.125,2023,7,3,8,3,0,9
22.882,50.028,2023,7,3,8,3,0,9
22.926,50.012,2023,7,3,8,3,0,9
22.967,49.993,2023,7,3,8,3,0,9
23.016,49.905,2023,7,3,8,3,0,9
23.069,49.874,2023,7,3,8,3,0,9
23.12,49.79,2023,7,3,8,3,0,9
23.167,49.74,2023,7,3,8,3,0,9
23.214,49.724,2023,7,3,8,3,0,9
23.265,49.618,2023,7,3,8,3,0,9
23.311,49.597,2023,7,3,8,3,0,9
23.356,49.592,2023,7,3,8,3,0,9
23.398,49.55,2023,7,3,8,3,0,9
23.45,49.487,2023,7,3,8,3,0,9
23.498,49.516,2023,7,3,8,3,0,9
23.553,49.57,2023,7,3,8,3,0,9
23.602,49.472,2023,7,3,8,3,0,9
23.654,49.384,2023,7,3,8,3,0,9
23.701,49.313,2023,7,3,9,3,0,8
23.746,49.304,2023,7,3,9,3,0,8
23.795,49.237,2023,7,3,9,3,0,8
23.849,49.173,2023,7,3,9,3,0,8
23.901,49.105,2023,7,3,9,3,0,8
23.955,49.037,2023,7,3,9,3,0,8
24.014,49.019,2023,7,3,9,3,0,8
24.072,48.909,2023,7,3,9,3,0,8
24.134,48.798,2023,7,3,9,3,0,8
24.199,48.642,2023,7,3,9,3,0,8
24.267,48.517,2023,7,3,9,3,0,8
24.325,48.432,2023,7,3,9,3,0,8
24.398,48.362,2023,7,3,9,3,0,8
24.464,48.246,2023,7,3,9,3,0,8
24.543,48.174,2023,7,3,9,3,0,8
24.61,48.396,2023,7,3,9,3,0,8
24.679,48.731,2023,7,3,9,3,0,8
24.741,48.826,2023,7,3,9,3,0,8
24.807,48.908,2023,7,3,9,3,0,7
24.884,48.885,2023,7,3,9,3,0,7
24.964,48.835,2023,7,3,9,3,0,7
25.029,48.916,2023,7,3,9,3,0,7
25.083,48.915,2023,7,3,9,3,0,7
25.146,48.827,2023,7,3,9,3,0,7
25.198,48.829,2023,7,3,9,3,0,7
25.25,48.856,2023,7,3,9,3,0,7
25.314,48.813,2023,7,3,9,3,0,7
25.374,48.805,2023,7,3,9,3,0,7
25.429,48.675,2023,7,3,9,3,0,7
25.493,48.652,2023,7,3,9,3,0,7
25.554,48.538,2023,7,3,10,3,0,7
25.614,48.5,2023,7,3,10,3,0,7
25.679,48.393,2023,7,3,10,3,0,7
25.739,48.376,2023,7,3,10,3,0,7
25.801,48.261,2023,7,3,10,3,0,7
25.873,48.14,2023,7,3,10,3,0,7
25.938,48.108,2023,7,3,10,3,0,6
26.002,48.102,2023,7,3,10,3,0,6
26.069,47.919,2023,7,3,10,3,0,6
26.132,47.924,2023,7,3,10,3,0,6
26.201,47.877,2023,7,3,10,3,0,6
26.271,47.833,2023,7,3,10,3,0,6
26.331,47.821,2023,7,3,10,3,0,6
26.389,47.815,2023,7,3,10,3,0,6
26.452,47.776,2023,7,3,10,3,0,6
26.501,47.69,2023,7,3,10,3,0,6
26.56,47.675,2023,7,3,10,3,0,6
26.623,47.67,2023,7,3,10,3,0,6
26.684,47.573,2023,7,3,10,3,0,6
26.751,47.476,2023,7,3,10,3,0,6
26.815,47.384,2023,7,3,10,3,0,6
26.875,47.263,2023,7,3,10,3,0,6
26.936,47.153,2023,7,3,10,3,0,6
26.989,47.134,2023,7,3,10,3,0,6
27.043,47.067,2023,7,3,10,3,0,5
27.091,46.511,2023,7,3,10,3,0,5
27.127,46.336,2023,7,3,10,3,0,5
27.169,46.242,2023,7,3,10,3,0,5
27.21,46.226,2023,7,3,10,3,0,5
27.248,46.345,2023,7,3,10,3,0,5
27.266,46.698,2023,7,3,11,3,0,5
27.291,46.77,2023,7,3,11,3,0,5
27.319,46.885,2023,7,3,11,3,0,5
27.336,46.73,2023,7,3,11,3,0,5
27.34,46.711,2023,7,3,11,3,0,5
27.352,46.813,2023,7,3,11,3,0,5
27.373,46.844,2023,7,3,11,3,0,5
27.409,46.845,2023,7,3,11,3,0,5
27.444,46.787,2023,7,3,11,3,0,5
27.474,46.725,2023,7,3,11,3,0,5
27.499,46.714,2023,7,3,11,3,0,5
27.533,46.709,2023,7,3,11,3,0,5
27.567,46.701,2023,7,3,11,3,0,5
27.596,46.684,2023,7,3,11,3,0,5
27.624,46.632,2023,7,3,11,3,0,5
27.645,46.581,2023,7,3,11,3,0,5
27.67,46.573,2023,7,3,11,3,0,5
27.702,46.57,2023,7,3,11,3,0,5
27.733,46.566,2023,7,3,11,3,0,5
27.758,46.566,2023,7,3,11,3,0,5
27.787,46.563,2023,7,3,11,3,0,5
27.817,46.561,2023,7,3,11,3,0,5
27.845,46.558,2023,7,3,11,3,0,5
27.866,46.555,2023,7,3,11,3,0,5
27.894,46.473,2023,7,3,11,3,0,5
27.915,46.432,2023,7,3,11,3,0,5
27.936,46.425,2023,7,3,11,3,0,5
27.956,46.423,2023,7,3,11,3,0,5
27.976,46.422,2023,7,3,11,3,0,5
27.995,46.42,2023,7,3,12,3,0,5
28.009,46.419,2023,7,3,12,3,0,5
28.028,46.419,2023,7,3,12,3,0,5
28.04,46.416,2023,7,3,12,3,0,5
28.041,46.315,2023,7,3,12,3,0,5
28.025,46.405,2023,7,3,12,3,0,5
28.013,46.417,2023,7,3,12,3,0,5
28.005,46.462,2023,7,3,12,3,0,5
27.998,46.537,2023,7,3,12,3,0,5
28.004,46.546,2023,7,3,12,3,0,5
28.013,46.547,2023,7,3,12,3,0,5
28.018,46.457,2023,7,3,12,3,0,5
28.009,46.518,2023,7,3,12,3,0,5
27.988,46.509,2023,7,3,12,3,0,5
27.96,46.546,2023,7,3,12,3,0,5
27.93,46.586,2023,7,3,12,3,0,5
27.902,46.669,2023,7,3,12,3,0,5
27.861,46.72,2023,7,3,12,3,0,5
27.82,46.804,2023,7,3,12,3,0,5
27.787,46.913,2023,7,3,12,3,0,5
27.767,46.968,2023,7,3,12,3,0,5
27.758,47.052,2023,7,3,12,3,0,5
27.756,47.071,2023,7,3,12,3,0,5
27.748,47.075,2023,7,3,12,3,0,5
27.724,47.077,2023,7,3,12,3,0,5
27.679,47.152,2023,7,3,12,3,0,5
27.636,47.205,2023,7,3,12,3,0,5
27.598,47.323,2023,7,3,12,3,0,5
27.562,47.346,2023,7,3,12,3,0,5
27.517,47.449,2023,7,3,12,3,0,5
27.475,47.475,2023,7,3,13,3,0,5
27.436,47.589,2023,7,3,13,3,0,5
27.411,47.712,2023,7,3,13,3,0,5
27.405,47.735,2023,7,3,13,3,0,5
27.406,47.738,2023,7,3,13,3,0,5
27.411,47.737,2023,7,3,13,3,0,5
27.421,47.736,2023,7,3,13,3,0,5
27.432,47.736,2023,7,3,13,3,0,5
27.424,47.735,2023,7,3,13,3,0,5
27.411,47.738,2023,7,3,13,3,0,5
27.407,47.75,2023,7,3,13,3,0,5
27.403,47.829,2023,7,3,13,3,0,5
27.403,47.86,2023,7,3,13,3,0,5
27.408,47.864,2023,7,3,13,3,0,5
27.413,47.864,2023,7,3,13,3,0,5
27.42,47.864,2023,7,3,13,3,0,5
27.418,47.776,2023,7,3,13,3,0,5
27.412,47.762,2023,7,3,13,3,0,5
27.396,47.848,2023,7,3,13,3,0,5
27.368,47.865,2023,7,3,13,3,0,5
27.348,47.869,2023,7,3,13,3,0,5
27.323,47.872,2023,7,3,13,3,0,5
27.301,47.889,2023,7,3,13,3,0,5
27.276,47.924,2023,7,3,13,3,0,5
27.256,47.965,2023,7,3,13,3,0,5
27.229,47.993,2023,7,3,13,3,0,5
27.205,48.016,2023,7,3,13,3,0,5
27.189,48.089,2023,7,3,13,3,0,5
27.173,48.125,2023,7,3,13,3,0,5
27.155,48.102,2023,7,3,13,3,0,5
27.127,48.137,2023,7,3,14,3,0,5
27.105,48.143,2023,7,3,14,3,0,5
27.08,48.185,2023,7,3,14,3,0,5
27.05,48.263,2023,7,3,14,3,0,5
27.024,48.275,2023,7,3,14,3,0,5
27.0,48.288,2023,7,3,14,3,0,6
26.976,48.393,2023,7,3,14,3,0,6
26.951,48.408,2023,7,3,14,3,0,6
26.93,48.412,2023,7,3,14,3,0,6
26.911,48.413,2023,7,3,14,3,0,6
26.893,48.417,2023,7,3,14,3,0,6
26.881,48.423,2023,7,3,14,3,0,6
26.862,48.418,2023,7,3,14,3,0,6
26.845,48.477,2023,7,3,14,3,0,6
26.826,48.533,2023,7,3,14,3,0,6
26.813,48.548,2023,7,3,14,3,0,6
26.794,48.589,2023,7,3,14,3,0,6
26.77,48.657,2023,7,3,14,3,0,6
26.748,48.678,2023,7,3,14,3,0,6
26.734,48.681,2023,7,3,14,3,0,6
26.718,48.682,2023,7,3,14,3,0,6
26.7,48.691,2023,7,3,14,3,0,6
26.686,48.717,2023,7,3,14,3,0,6
26.672,48.726,2023,7,3,14,3,0,6
26.662,48.768,2023,7,3,14,3,0,6
26.651,48.732,2023,7,3,14,3,0,6
26.638,48.754,2023,7,3,14,3,0,6
26.627,48.732,2023,7,3,14,3,0,6
26.612,48.8,2023,7,3,14,3,0,6
26.599,48.82,2023,7,3,14,3,0,6
26.584,48.892,2023,7,3,15,3,0,6
26.566,48.995,2023,7,3,15,3,0,6
26.551,49.068,2023,7,3,15,3,0,6
26.538,49.077,2023,7,3,15,3,0,6
26.522,49.084,2023,7,3,15,3,0,6
26.51,49.163,2023,7,3,15,3,0,6
26.496,49.205,2023,7,3,15,3,0,6
26.483,49.211,2023,7,3,15,3,0,6
26.473,49.212,2023,7,3,15,3,0,6
26.457,49.2,2023,7,3,15,3,0,6
26.449,49.212,2023,7,3,15,3,0,6
26.443,49.214,2023,7,3,15,3,0,6
26.433,49.219,2023,7,3,15,3,0,6
26.42,49.302,2023,7,3,15,3,0,6
26.408,49.333,2023,7,3,15,3,0,6
26.4,49.344,2023,7,3,15,3,0,6
26.393,49.345,2023,7,3,15,3,0,6
26.387,49.345,2023,7,3,15,3,0,6
26.38,49.352,2023,7,3,15,3,0,6
26.37,49.348,2023,7,3,15,3,0,6
26.36,49.383,2023,7,3,15,3,0,6
26.35,49.45,2023,7,3,15,3,0,6
26.339,49.439,2023,7,3,15,3,0,6
26.332,49.458,2023,7,3,15,3,0,6
26.325,49.473,2023,7,3,15,3,0,6
26.315,49.479,2023,7,3,15,3,0,6
26.304,49.48,2023,7,3,15,3,0,6
26.301,49.481,2023,7,3,15,3,0,6
26.298,49.481,2023,7,3,15,3,0,6
26.295,49.481,2023,7,3,16,3,0,6
26.292,49.481,2023,7,3,16,3,0,6
26.29,49.481,2023,7,3,16,3,0,6
26.285,49.48,2023,7,3,16,3,0,6
26.282,49.48,2023,7,3,16,3,0,6
26.276,49.464,2023,7,3,16,3,0,6
26.264,49.48,2023,7,3,16,3,0,6
26.26,49.469,2023,7,3,16,3,0,6
26.255,49.481,2023,7,3,16,3,0,6
26.25,49.484,2023,7,3,16,3,0,6
26.242,49.486,2023,7,3,16,3,0,6
26.234,49.502,2023,7,3,16,3,0,6
26.228,49.508,2023,7,3,16,3,0,6
26.224,49.499,2023,7,3,16,3,0,6
26.221,49.527,2023,7,3,16,3,0,6
26.211,49.52,2023,7,3,16,3,0,6
26.2,49.581,2023,7,3,16,3,0,6
26.19,49.612,2023,7,3,16,3,0,6
26.186,49.616,2023,7,3,16,3,0,6
26.182,49.617,2023,7,3,16,3,0,6
26.179,49.616,2023,7,3,16,3,0,6
26.179,49.617,2023,7,3,16,3,0,6
26.179,49.617,2023,7,3,16,3,0,6
26.179,49.617,2023,7,3,16,3,0,6
26.177,49.617,2023,7,3,16,3,0,6
26.174,49.617,2023,7,3,16,3,0,6
26.171,49.619,2023,7,3,16,3,0,6
26.171,49.667,2023,7,3,16,3,0,6
26.172,49.705,2023,7,3,16,3,0,6
26.174,49.737,2023,7,3,16,3,0,6
26.177,49.649,2023,7,3,17,3,0,6
26.182,49.638,2023,7,3,17,3,0,6
26.182,49.619,2023,7,3,17,3,0,6
26.183,49.617,2023,7,3,17,3,0,6
26.18,49.617,2023,7,3,17,3,0,6
26.179,49.616,2023,7,3,17,3,0,6
26.179,49.617,2023,7,3,17,3,0,6
26.182,49.617,2023,7,3,17,3,0,6
26.184,49.617,2023,7,3,17,3,0,6
26.188,49.616,2023,7,3,17,3,0,6
26.195,49.616,2023,7,3,17,3,0,6
26.202,49.615,2023,7,3,17,3,0,6
26.209,49.587,2023,7,3,17,3,0,6
26.214,49.513,2023,7,3,17,3,0,6
26.219,49.571,2023,7,3,17,3,0,6
26.224,49.113,2023,7,3,17,3,0,6
26.159,43.335,2023,7,3,17,3,0,6
26.01,40.382,2023,7,3,17,3,0,6
25.855,40.257,2023,7,3,17,3,0,7
25.728,40.532,2023,7,3,17,3,0,7
25.616,40.406,2023,7,3,17,3,0,7
25.514,40.781,2023,7,3,17,3,0,7
25.402,40.675,2023,7,3,17,3,0,7
25.288,40.816,2023,7,3,17,3,0,7
25.198,40.708,2023,7,3,17,3,0,7
25.082,40.482,2023,7,3,17,3,0,7
24.978,40.539,2023,7,3,17,3,0,7
24.903,41.023,2023,7,3,17,3,0,7
24.862,41.055,2023,7,3,17,3,0,7
24.819,40.929,2023,7,3,17,3,0,7
24.777,41.226,2023,7,3,18,3,0,8
24.733,40.849,2023,7,3,18,3,0,8
24.715,41.685,2023,7,3,18,3,0,8
24.698,41.912,2023,7,3,18,3,0,8
24.643,41.444,2023,7,3,18,3,0,8
24.588,42.485,2023,7,3,18,3,0,8
24.525,42.361,2023,7,3,18,3,0,8
24.463,42.638,2023,7,3,18,3,0,8
24.437,43.257,2023,7,3,18,3,0,8
24.433,43.23,2023,7,3,18,3,0,8
24.408,42.677,2023,7,3,18,3,0,8
24.35,42.218,2023,7,3,18,3,0,8
24.299,42.799,2023,7,3,18,3,0,8
24.28,42.53,2023,7,3,18,3,0,8
24.273,42.601,2023,7,3,18,3,0,8
24.281,42.583,2023,7,3,18,3,0,8
24.304,43.086,2023,7,3,18,3,0,8
24.31,42.957,2023,7,3,18,3,0,8
24.317,43.677,2023,7,3,18,3,0,8
24.313,42.342,2023,7,3,18,3,0,8
24.308,42.038,2023,7,3,18,3,0,8
24.288,41.921,2023,7,3,18,3,0,8
24.257,42.06,2023,7,3,18,3,0,8
24.246,41.46,2023,7,3,18,3,0,8
24.182,41.293,2023,7,3,18,3,0,8
24.118,41.689,2023,7,3,18,3,0,8
24.092,41.861,2023,7,3,18,3,0,8
24.09,42.966,2023,7,3,18,3,0,8
24.113,43.976,2023,7,3,18,3,0,8
24.155,43.551,2023,7,3,18,3,0,8
24.183,42.51,2023,7,3,19,3,0,8
24.2,43.221,2023,7,3,19,3,0,8
24.211,42.367,2023,7,3,19,3,0,8
24.177,42.25,2023,7,3,19,3,0,8
24.15,43.186,2023,7,3,19,3,0,8
24.137,44.621,2023,7,3,19,3,0,8
24.147,43.993,2023,7,3,19,3,0,8
24.165,44.273,2023,7,3,19,3,0,8
24.181,43.855,2023,7,3,19,3,0,8
24.2,43.206,2023,7,3,19,3,0,8
24.222,43.527,2023,7,3,19,3,0,8
24.246,43.518,2023,7,3,19,3,0,8
24.28,44.258,2023,7,3,19,3,0,8
24.323,45.986,2023,7,3,19,3,0,8
24.347,45.115,2023,7,3,19,3,0,8
24.356,44.232,2023,7,3,19,3,0,8
24.329,43.669,2023,7,3,19,3,0,8
24.31,42.508,2023,7,3,19,3,0,8
24.287,42.568,2023,7,3,19,3,0,8
24.28,42.346,2023,7,3,19,3,0,8
24.266,42.274,2023,7,3,19,3,0,8
24.256,43.061,2023,7,3,19,3,0,8
24.247,42.691,2023,7,3,19,3,0,8
24.243,42.804,2023,7,3,19,3,0,8
24.178,42.804,2023,7,3,19,3,0,8
24.181,43.332,2023,7,3,19,3,0,8
24.187,43.594,2023,7,3,19,3,0,8
24.184,43.176,2023,7,3,19,3,0,8
24.163,43.11,2023,7,3,20,3,0,8
24.156,43.205,2023,7,3,20,3,0,8
24.155,43.787,2023,7,3,20,3,0,8
24.159,43.534,2023,7,3,20,3,0,8
24.174,44.262,2023,7,3,20,3,0,8
24.203,44.012,2023,7,3,20,3,0,8
24.23,43.405,2023,7,3,20,3,0,8
24.239,42.425,2023,7,3,20,3,0,8
24.223,42.177,2023,7,3,20,3,0,8
24.201,41.915,2023,7,3,20,3,0,8
24.169,42.229,2023,7,3,20,3,0,8
24.149,42.229,2023,7,3,20,3,0,8
24.126,42.711,2023,7,3,20,3,0,8
24.126,43.586,2023,7,3,20,3,0,8
24.151,43.695,2023,7,3,20,3,0,8
24.178,43.632,2023,7,3,20,3,0,8
24.205,43.462,2023,7,3,20,3,0,8
24.226,43.258,2023,7,3,20,3,0,8
24.24,42.743,2023,7,3,20,3,0,8
24.24,42.698,2023,7,3,20,3,0,8
24.231,43.359,2023,7,3,20,3,0,8
24.234,43.277,2023,7,3,20,3,0,8
24.242,43.655,2023,7,3,20,3,0,8
24.266,43.576,2023,7,3,20,3,0,8
24.302,43.55,2023,7,3,20,3,0,8
24.337,43.806,2023,7,3,20,3,0,8
24.382,43.883,2023,7,3,20,3,0,8
24.42,43.876,2023,7,3,20,3,0,8
24.452,43.856,2023,7,3,20,3,0,8
24.485,44.065,2023,7,3,20,3,0,8
24.518,44.061,2023,7,3,21,3,0,8
24.552,44.674,2023,7,3,21,3,0,8
24.576,45.486,2023,7,3,21,3,0,8
24.597,45.164,2023,7,3,21,3,0,8
24.609,44.754,2023,7,3,21,3,0,8
24.597,44.607,2023,7,3,21,3,0,8
24.582,44.097,2023,7,3,21,3,0,8
24.561,43.702,2023,7,3,21,3,0,8
24.524,43.09,2023,7,3,21,3,0,8
24.484,42.616,2023,7,3,21,3,0,8
24.438,42.538,2023,7,3,21,3,0,8
24.383,42.478,2023,7,3,21,3,0,8
24.336,42.722,2023,7,3,21,3,0,8
24.308,42.662,2023,7,3,21,3,0,8
24.286,42.93,2023,7,3,21,3,0,8
24.272,42.878,2023,7,3,21,3,0,8
24.261,42.688,2023,7,3,21,3,0,8
24.246,42.966,2023,7,3,21,3,0,8
24.238,43.637,2023,7,3,21,3,0,8
24.241,43.825,2023,7,3,21,3,0,8
24.263,43.883,2023,7,3,21,3,0,8
24.295,44.012,2023,7,3,21,3,0,8
24.317,44.285,2023,7,3,21,3,0,8
24.343,44.375,2023,7,3,21,3,0,8
24.372,44.649,2023,7,3,21,3,0,8
24.395,44.829,2023,7,3,21,3,0,8
24.42,44.919,2023,7,3,21,3,0,8
24.441,45.023,2023,7,3,21,3,0,8
24.455,45.039,2023,7,3,21,3,0,8
24.465,45.105,2023,7,3,21,3,0,8
24.475,45.157,2023,7,3,22,3,0,8
24.49,45.262,2023,7,3,22,3,0,8
24.497,45.276,2023,7,3,22,3,0,8
24.504,45.448,2023,7,3,22,3,0,8
24.512,45.79,2023,7,3,22,3,0,8
24.512,46.037,2023,7,3,22,3,0,8
24.515,46.183,2023,7,3,22,3,0,8
24.521,46.179,2023,7,3,22,3,0,8
24.523,46.201,2023,7,3,22,3,0,8
24.526,46.221,2023,7,3,22,3,0,8
24.528,46.221,2023,7,3,22,3,0,8
24.528,46.316,2023,7,3,22,3,0,8
24.529,46.424,2023,7,3,22,3,0,8
24.527,46.343,2023,7,3,22,3,0,8
24.527,46.413,2023,7,3,22,3,0,8
24.531,46.425,2023,7,3,22,3,0,8
24.53,46.427,2023,7,3,22,3,0,8
24.533,46.427,2023,7,3,22,3,0,8
24.535,46.449,2023,7,3,22,3,0,8
24.538,46.475,2023,7,3,22,3,0,8
24.541,46.433,2023,7,3,22,3,0,8
24.54,46.427,2023,7,3,22,3,0,8
24.539,46.43,2023,7,3,22,3,0,8
24.535,46.514,2023,7,3,22,3,0,8
24.533,46.537,2023,7,3,22,3,0,8
24.526,46.308,2023,7,3,22,3,0,8
24.519,46.088,2023,7,3,22,3,0,8
24.508,45.937,2023,7,3,22,3,0,8
24.494,45.818,2023,7,3,22,3,0,8
24.474,45.791,2023,7,3,22,3,0,8
24.46,45.687,2023,7,3,23,3,0,8
24.438,45.669,2023,7,3,23,3,0,8
24.408,45.74,2023,7,3,23,3,0,8
24.374,45.792,2023,7,3,23,3,0,8
24.335,45.848,2023,7,3,23,3,0,8
24.307,45.995,2023,7,3,23,3,0,8
24.278,46.079,2023,7,3,23,3,0,8
24.263,46.223,2023,7,3,23,3,0,8
24.264,46.385,2023,7,3,23,3,0,8
24.264,46.481,2023,7,3,23,3,0,8
24.272,46.564,2023,7,3,23,3,0,8
24.284,46.58,2023,7,3,23,3,0,8
24.298,46.628,2023,7,3,23,3,0,8
24.308,46.692,2023,7,3,23,3,0,8
24.317,46.699,2023,7,3,23,3,0,8
24.325,46.699,2023,7,3,23,3,0,8
24.333,46.698,2023,7,3,23,3,0,8
24.339,46.698,2023,7,3,23,3,0,8
24.345,46.698,2023,7,3,23,3,0,8
24.344,46.698,2023,7,3,23,3,0,8
24.347,46.698,2023,7,3,23,3,0,8
24.349,46.698,2023,7,3,23,3,0,8
24.345,46.698,2023,7,3,23,3,0,8
24.343,46.697,2023,7,3,23,3,0,8
24.335,46.7,2023,7,3,23,3,0,8
24.325,46.7,2023,7,3,23,3,0,8
24.32,46.701,2023,7,3,23,3,0,8
24.316,46.701,2023,7,3,23,3,0,8
24.312,46.735,2023,7,3,23,3,0,8
24.306,46.805,2023,7,3,23,3,0,8
24.299,46.826,2023,7,4,0,3,0,8
24.29,46.828,2023,7,4,0,3,0,8
24.283,46.829,2023,7,4,0,3,0,8
24.273,46.831,2023,7,4,0,3,0,8
24.265,46.833,2023,7,4,0,3,0,8
24.252,46.856,2023,7,4,0,3,0,8
24.243,46.943,2023,7,4,0,3,0,8
24.235,46.959,2023,7,4,0,3,0,8
24.224,46.963,2023,7,4,0,3,0,8
24.216,46.963,2023,7,4,0,3,0,8
24.208,46.963,2023,7,4,0,3,0,8
24.204,46.963,2023,7,4,0,3,0,8
24.196,46.964,2023,7,4,0,3,0,8
24.186,46.965,2023,7,4,0,3,0,8
24.178,46.966,2023,7,4,0,3,0,8
24.166,47.003,2023,7,4,0,3,0,8
24.158,47.078,2023,7,4,0,3,0,8
24.156,47.122,2023,7,4,0,3,0,8
24.153,47.287,2023,7,4,0,3,0,8
24.153,47.333,2023,7,4,0,3,0,8
24.152,47.35,2023,7,4,0,3,0,8
24.153,47.352,2023,7,4,0,3,0,8
24.153,47.352,2023,7,4,0,3,0,8
24.154,47.352,2023,7,4,0,3,0,8
24.155,47.352,2023,7,4,0,3,0,8
24.156,47.351,2023,7,4,0,3,0,8
24.154,47.352,2023,7,4,0,3,0,8
24.153,47.352,2023,7,4,0,3,0,8
24.15,47.354,2023,7,4,0,3,0,8
24.146,47.354,2023,7,4,0,3,0,8
24.138,47.354,2023,7,4,1,3,0,8
24.129,47.356,2023,7,4,1,3,0,8
24.122,47.363,2023,7,4,1,3,0,8
24.11,47.357,2023,7,4,1,3,0,8
24.098,47.438,2023,7,4,1,3,0,8
24.087,47.554,2023,7,4,1,3,0,8
24.073,47.607,2023,7,4,1,3,0,8
24.063,47.688,2023,7,4,1,3,0,8
24.057,47.718,2023,7,4,1,3,0,8
24.051,47.742,2023,7,4,1,3,0,8
24.041,47.744,2023,7,4,1,3,0,8
24.031,47.841,2023,7,4,1,3,0,8
24.023,48.017,2023,7,4,1,3,0,8
24.015,48.113,2023,7,4,1,3,0,8
24.002,48.206,2023,7,4,1,3,0,8
23.991,48.171,2023,7,4,1,3,0,8
23.983,48.294,2023,7,4,1,3,0,8
23.975,48.38,2023,7,4,1,3,0,8
23.97,48.503,2023,7,4,1,3,0,8
23.966,48.729,2023,7,4,1,3,0,8
23.957,48.85,2023,7,4,1,3,0,8
23.948,48.754,2023,7,4,1,3,0,8
23.941,48.631,2023,7,4,1,3,0,8
23.935,48.585,2023,7,4,1,3,0,8
23.931,48.73,2023,7,4,1,3,0,8
23.925,48.586,2023,7,4,1,3,0,8
23.918,48.734,2023,7,4,1,3,0,8
23.91,48.728,2023,7,4,1,3,0,8
23.904,48.806,2023,7,4,1,3,0,8
23.9,48.643,2023,7,4,1,3,0,8
23.898,48.61,2023,7,4,2,3,0,8
23.899,48.568,2023,7,4,2,3,0,8
23.898,48.533,2023,7,4,2,3,0,8
23.899,48.652,2023,7,4,2,3,0,8
23.903,48.785,2023,7,4,2,3,0,8
23.904,48.884,2023,7,4,2,3,0,8
23.903,48.923,2023,7,4,2,3,0,8
23.901,48.803,2023,7,4,2,3,0,8
23.899,48.644,2023,7,4,2,3,0,8
23.897,48.54,2023,7,4,2,3,0,8
23.895,48.526,2023,7,4,2,3,0,8
23.886,48.524,2023,7,4,2,3,0,8
23.88,48.524,2023,7,4,2,3,0,8
23.873,48.525,2023,7,4,2,3,0,8
23.863,48.623,2023,7,4,2,3,0,8
23.849,48.565,2023,7,4,2,3,0,8
23.838,48.563,2023,7,4,2,3,0,8
23.828,48.563,2023,7,4,2,3,0,8
23.807,48.575,2023,7,4,2,3,0,8
23.794,48.643,2023,7,4,2,3,0,8
23.783,48.618,2023,7,4,2,3,0,8
23.774,48.657,2023,7,4,2,3,0,8
23.758,48.663,2023,7,4,2,3,0,8
23.75,48.581,2023,7,4,2,3,0,8
23.74,48.64,2023,7,4,2,3,0,8
23.729,48.66,2023,7,4,2,3,0,8
23.722,48.734,2023,7,4,2,3,0,8
23.716,48.829,2023,7,4,2,3,0,8
23.711,48.878,2023,7,4,2,3,0,8
23.706,48.974,2023,7,4,2,3,0,8
23.697,49.15,2023,7,4,3,3,0,8
23.69,49.157,2023,7,4,3,3,0,8
23.684,49.14,2023,7,4,3,3,0,8
23.678,49.006,2023,7,4,3,3,0,8
23.672,48.854,2023,7,4,3,3,0,8
23.66,48.794,2023,7,4,3,3,0,9
23.652,48.773,2023,7,4,3,3,0,9
23.646,48.805,2023,7,4,3,3,0,9
23.637,48.803,2023,7,4,3,3,0,9
23.625,48.81,2023,7,4,3,3,0,9
23.616,48.746,2023,7,4,3,3,0,9
23.608,48.588,2023,7,4,3,3,0,9
23.602,48.561,2023,7,4,3,3,0,9
23.596,48.551,2023,7,4,3,3,0,9
23.588,48.574,2023,7,4,3,3,0,9
23.581,48.596,2023,7,4,3,3,0,9
23.577,48.59,2023,7,4,3,3,0,9
23.576,48.629,2023,7,4,3,3,0,9
23.578,48.75,2023,7,4,3,3,0,9
23.582,48.845,2023,7,4,3,3,0,9
23.587,48.995,2023,7,4,3,3,0,9
23.587,49.021,2023,7,4,3,3,0,9
23.594,49.029,2023,7,4,3,3,0,9
23.594,49.024,2023,7,4,3,3,0,9
23.594,49.106,2023,7,4,3,3,0,9
23.598,49.02,2023,7,4,3,3,0,9
23.598,49.033,2023,7,4,3,3,0,9
23.596,48.943,2023,7,4,3,3,0,9
23.591,48.88,2023,7,4,3,3,0,9
23.581,48.738,2023,7,4,3,3,0,9
23.572,48.542,2023,7,4,4,3,0,9
23.564,48.407,2023,7,4,4,3,0,9
23.554,48.298,2023,7,4,4,3,0,9
23.538,48.384,2023,7,4,4,3,0,9
23.529,48.441,2023,7,4,4,3,0,9
23.518,48.499,2023,7,4,4,3,0,9
23.506,48.493,2023,7,4,4,3,0,9
23.496,48.436,2023,7,4,4,3,0,9
23.488,48.425,2023,7,4,4,3,0,9
23.478,48.378,2023,7,4,4,3,0,9
23.471,48.317,2023,7,4,4,3,0,9
23.464,48.245,2023,7,4,4,3,0,9
23.459,48.324,2023,7,4,4,3,0,9
23.454,48.304,2023,7,4,4,3,0,9
23.447,48.298,2023,7,4,4,3,0,9
23.431,48.372,2023,7,4,4,3,0,9
23.424,48.376,2023,7,4,4,3,0,9
23.418,48.262,2023,7,4,4,3,0,9
23.411,48.193,2023,7,4,4,3,0,9
23.405,48.174,2023,7,4,4,3,0,9
23.4,48.164,2023,7,4,4,3,0,9
23.392,48.153,2023,7,4,4,3,0,9
23.384,48.124,2023,7,4,4,3,0,9
23.378,48.078,2023,7,4,4,3,0,9
23.367,48.01,2023,7,4,4,3,0,9
23.357,48.03,2023,7,4,4,3,0,9
23.348,48.03,2023,7,4,4,3,0,9
23.338,47.998,2023,7,4,4,3,0,9
23.326,48.03,2023,7,4,4,3,0,9
23.318,48.03,2023,7,4,4,3,0,9
23.311,48.055,2023,7,4,5,3,0,9
23.301,48.058,2023,7,4,5,3,0,9
23.29,48.059,2023,7,4,5,3,0,9
23.277,48.062,2023,7,4,5,3,0,9
23.268,48.064,2023,7,4,5,3,0,9
23.251,48.064,2023,7,4,5,3,0,9
23.236,48.07,2023,7,4,5,3,0,9
23.229,48.155,2023,7,4,5,3,0,9
23.225,48.194,2023,7,4,5,3,0,9
23.225,48.284,2023,7,4,5,3,0,9
23.23,48.321,2023,7,4,5,3,0,9
23.232,48.368,2023,7,4,5,3,0,9
23.235,48.405,2023,7,4,5,3,0,9
23.237,48.362,2023,7,4,5,3,0,9
23.239,48.366,2023,7,4,5,3,0,9
23.24,48.367,2023,7,4,5,3,0,9
23.24,48.429,2023,7,4,5,3,0,9
23.234,48.361,2023,7,4,5,3,0,9
23.23,48.328,2023,7,4,5,3,0,9
23.225,48.322,2023,7,4,5,3,0,9
23.214,48.326,2023,7,4,5,3,0,9
23.202,48.317,2023,7,4,5,3,0,9
23.196,48.282,2023,7,4,5,3,0,9
23.183,48.293,2023,7,4,5,3,0,9
23.174,48.281,2023,7,4,5,3,0,9
23.167,48.315,2023,7,4,5,3,0,9
23.162,48.329,2023,7,4,5,3,0,9
23.155,48.369,2023,7,4,5,3,0,9
23.15,48.419,2023,7,4,5,3,0,9
23.142,48.434,2023,7,4,5,3,0,9
23.134,48.415,2023,7,4,6,3,0,9
23.127,48.451,2023,7,4,6,3,0,9
23.119,48.458,2023,7,4,6,3,0,9
23.105,48.46,2023,7,4,6,3,0,9
23.097,48.46,2023,7,4,6,3,0,9
23.091,48.477,2023,7,4,6,3,0,9
23.085,48.494,2023,7,4,6,3,0,9
23.078,48.475,2023,7,4,6,3,0,9
23.065,48.465,2023,7,4,6,3,0,9
23.053,48.465,2023,7,4,6,3,0,9
23.043,48.495,2023,7,4,6,3,0,9
23.038,48.522,2023,7,4,6,3,0,9
23.035,48.528,2023,7,4,6,3,0,9
23.032,48.58,2023,7,4,6,3,0,9
23.032,48.512,2023,7,4,6,3,0,9
23.031,48.612,2023,7,4,6,3,0,9
23.028,48.595,2023,7,4,6,3,0,9
23.023,48.594,2023,7,4,6,3,0,9
23.016,48.594,2023,7,4,6,3,0,9
23.01,48.595,2023,7,4,6,3,0,9
23.006,48.789,2023,7,4,6,3,0,9
22.998,48.81,2023,7,4,6,3,0,9
22.987,48.941,2023,7,4,6,3,0,9
22.978,49.062,2023,7,4,6,3,0,9
22.974,49.07,2023,7,4,6,3,0,9
22.969,49.006,2023,7,4,6,3,0,9
22.96,48.989,2023,7,4,6,3,0,9
22.954,48.96,2023,7,4,6,3,0,9
22.947,48.891,2023,7,4,6,3,0,9
22.941,48.863,2023,7,4,7,3,0,9
22.938,48.86,2023,7,4,7,3,0,9
22.935,48.857,2023,7,4,7,3,0,9
22.936,48.859,2023,7,4,7,3,0,9
22.94,48.859,2023,7,4,7,3,0,9
22.943,48.859,2023,7,4,7,3,0,9
22.949,48.857,2023,7,4,7,3,0,9
22.955,48.856,2023,7,4,7,3,0,9
22.97,48.855,2023,7,4,7,3,0,9
22.981,48.855,2023,7,4,7,3,0,9
22.998,48.854,2023,7,4,7,3,0,9
23.007,48.937,2023,7,4,7,3,0,9
23.026,49.082,2023,7,4,7,3,0,9
23.038,49.295,2023,7,4,7,3,0,9
23.057,49.851,2023,7,4,7,3,0,9
23.067,50.074,2023,7,4,7,3,0,9
23.066,50.02,2023,7,4,7,3,0,9
23.064,49.933,2023,7,4,7,3,0,9
23.071,49.768,2023,7,4,7,3,0,9
23.063,49.751,2023,7,4,7,3,0,9
23.055,49.744,2023,7,4,7,3,0,9
23.061,49.639,2023,7,4,7,3,0,9
23.08,49.539,2023,7,4,7,3,0,9
23.106,49.26,2023,7,4,7,3,0,9
23.132,49.115,2023,7,4,7,3,0,9
23.157,48.998,2023,7,4,7,3,0,9
23.177,48.926,2023,7,4,7,3,0,9
23.191,48.805,2023,7,4,7,3,0,9
23.205,48.752,2023,7,4,7,3,0,9
23.212,48.443,2023,7,4,7,3,0,9
23.219,48.24,2023,7,4,8,3,0,9
23.228,48.029,2023,7,4,8,3,0,9
23.237,48.005,2023,7,4,8,3,0,9
23.253,47.848,2023,7,4,8,3,0,9
23.277,47.836,2023,7,4,8,3,0,9
23.294,47.689,2023,7,4,8,3,0,9
23.307,47.592,2023,7,4,8,3,0,9
23.328,47.647,2023,7,4,8,3,0,9
23.354,47.438,2023,7,4,8,3,0,9
23.389,47.489,2023,7,4,8,3,0,9
23.432,47.53,2023,7,4,8,3,0,9
23.477,47.537,2023,7,4,8,3,0,9
23.527,47.317,2023,7,4,8,3,0,9
23.564,47.195,2023,7,4,8,3,0,9
23.605,47.221,2023,7,4,8,3,0,9
23.654,47.196,2023,7,4,8,3,0,9
23.691,47.216,2023,7,4,8,3,0,8
23.727,47.057,2023,7,4,8,3,0,8
23.758,47.196,2023,7,4,8,3,0,8
23.796,47.175,2023,7,4,8,3,0,8
23.838,46.921,2023,7,4,8,3,0,8
23.875,46.603,2023,7,4,8,3,0,8
23.918,46.724,2023,7,4,8,3,0,8
23.962,46.77,2023,7,4,8,3,0,8
24.014,46.843,2023,7,4,8,3,0,8
24.061,46.676,2023,7,4,8,3,0,8
24.118,46.711,2023,7,4,8,3,0,8
24.177,46.659,2023,7,4,8,3,0,8
24.231,46.681,2023,7,4,8,3,0,8
24.282,46.431,2023,7,4,8,3,0,8
24.329,46.404,2023,7,4,9,3,0,8
24.384,46.087,2023,7,4,9,3,0,8
24.436,46.01,2023,7,4,9,3,0,8
24.493,45.931,2023,7,4,9,3,0,8
24.554,45.818,2023,7,4,9,3,0,8
24.616,46.007,2023,7,4,9,3,0,8
24.678,45.906,2023,7,4,9,3,0,8
24.738,45.614,2023,7,4,9,3,0,8
24.803,45.631,2023,7,4,9,3,0,7
24.868,45.695,2023,7,4,9,3,0,7
24.939,45.679,2023,7,4,9,3,0,7
24.996,45.548,2023,7,4,9,3,0,7
25.037,45.305,2023,7,4,9,3,0,7
25.086,45.356,2023,7,4,9,3,0,7
25.146,45.358,2023,7,4,9,3,0,7
25.19,45.212,2023,7,4,9,3,0,7
25.231,45.084,2023,7,4,9,3,0,7
25.287,44.929,2023,7,4,9,3,0,7
25.34,44.785,2023,7,4,9,3,0,7
25.395,44.586,2023,7,4,9,3,0,7
25.458,44.388,2023,7,4,9,3,0,7
25.535,44.248,2023,7,4,9,3,0,7
25.624,44.215,2023,7,4,9,3,0,7
25.711,44.266,2023,7,4,9,3,0,7
25.782,43.94,2023,7,4,9,3,0,7
25.851,43.621,2023,7,4,9,3,0,7
25.915,43.277,2023,7,4,9,3,0,6
25.981,43.299,2023,7,4,9,3,0,6
26.044,43.125,2023,7,4,9,3,0,6
26.102,42.75,2023,7,4,9,3,0,6
26.162,42.777,2023,7,4,10,3,0,6
26.219,42.959,2023,7,4,10,3,0,6
26.255,42.413,2023,7,4,10,3,0,6
26.283,42.184,2023,7,4,10,3,0,6
26.321,41.746,2023,7,4,10,3,0,6
26.375,41.991,2023,7,4,10,3,0,6
26.419,41.756,2023,7,4,10,3,0,6
26.451,41.303,2023,7,4,10,3,0,6
26.495,40.929,2023,7,4,10,3,0,6
26.542,41.032,2023,7,4,10,3,0,6
26.602,40.66,2023,7,4,10,3,0,6
26.66,40.427,2023,7,4,10,3,0,6
26.717,39.904,2023,7,4,10,3,0,6
26.777,39.797,2023,7,4,10,3,0,6
26.846,39.777,2023,7,4,10,3,0,6
26.909,39.815,2023,7,4,10,3,0,6
26.963,39.686,2023,7,4,10,3,0,5
27.005,39.233,2023,7,4,10,3,0,5
27.053,38.655,2023,7,4,10,3,0,5
27.108,38.428,2023,7,4,10,3,0,5
27.165,37.94,2023,7,4,10,3,0,5
27.221,37.59,2023,7,4,10,3,0,5
27.278,37.423,2023,7,4,10,3,0,5
27.343,36.845,2023,7,4,10,3,0,5
27.398,36.735,2023,7,4,10,3,0,5
27.45,36.682,2023,7,4,10,3,0,4
27.49,36.898,2023,7,4,10,3,0,5
27.536,36.796,2023,7,4,10,3,0,4
27.584,36.531,2023,7,4,10,3,0,4
27.626,36.824,2023,7,4,10,3,0,4
27.659,36.565,2023,7,4,11,3,0,4
27.687,36.19,2023,7,4,11,3,0,4
27.711,35.719,2023,7,4,11,3,0,4
27.735,35.614,2023,7,4,11,3,0,4
27.748,35.07,2023,7,4,11,3,0,4
27.771,35.18,2023,7,4,11,3,0,4
27.802,34.969,2023,7,4,11,3,0,4
27.843,35.082,2023,7,4,11,3,0,4
27.884,34.668,2023,7,4,11,3,0,4
27.922,34.435,2023,7,4,11,3,0,4
27.961,34.575,2023,7,4,11,3,0,4
27.998,34.586,2023,7,4,11,3,0,4
28.041,34.45,2023,7,4,11,3,0,4
28.098,34.488,2023,7,4,11,3,0,4
28.148,34.329,2023,7,4,11,3,0,4
28.185,33.944,2023,7,4,11,3,0,4
28.217,33.994,2023,7,4,11,3,0,4
28.242,34.093,2023,7,4,11,3,0,4
28.271,34.283,2023,7,4,11,3,0,4
28.279,33.747,2023,7,4,11,3,0,3
28.287,33.574,2023,7,4,11,3,0,3
28.304,33.308,2023,7,4,11,3,0,3
28.334,33.199,2023,7,4,11,3,0,3
28.35,33.16,2023,7,4,11,3,0,3
28.377,33.346,2023,7,4,11,3,0,3
28.397,33.129,2023,7,4,11,3,0,3
28.415,33.492,2023,7,4,11,3,0,3
28.428,33.429,2023,7,4,11,3,0,3
28.434,33.444,2023,7,4,11,3,0,3
28.428,32.981,2023,7,4,11,3,0,3
28.423,32.747,2023,7,4,12,3,0,3
28.43,32.928,2023,7,4,12,3,0,3
28.453,32.532,2023,7,4,12,3,0,3
28.477,32.447,2023,7,4,12,3,0,3
28.498,32.923,2023,7,4,12,3,0,3
28.506,32.548,2023,7,4,12,3,0,3
28.511,32.532,2023,7,4,12,3,0,3
28.518,32.515,2023,7,4,12,3,0,3
28.523,32.331,2023,7,4,12,3,0,3
28.513,31.77,2023,7,4,12,3,0,3
28.524,31.985,2023,7,4,12,3,0,3
28.557,31.941,2023,7,4,12,3,0,3
28.579,31.755,2023,7,4,12,3,0,3
28.609,32.219,2023,7,4,12,3,0,3
28.642,32.544,2023,7,4,12,3,0,3
28.664,32.663,2023,7,4,12,3,0,3
28.689,32.468,2023,7,4,12,3,0,3
28.713,32.774,2023,7,4,12,3,0,3
28.73,32.788,2023,7,4,12,3,0,3
28.746,32.102,2023,7,4,12,3,0,3
28.767,32.225,2023,7,4,12,3,0,3
28.789,32.401,2023,7,4,12,3,0,3
28.797,32.409,2023,7,4,12,3,0,3
28.794,32.196,2023,7,4,12,3,0,3
28.787,32.24,2023,7,4,12,3,0,3
28.787,32.268,2023,7,4,12,3,0,3
28.788,32.55,2023,7,4,12,3,0,3
28.782,32.516,2023,7,4,12,3,0,3
28.768,32.643,2023,7,4,12,3,0,3
28.759,32.76,2023,7,4,12,3,0,3
28.748,32.553,2023,7,4,13,3,0,3
28.734,32.385,2023,7,4,13,3,0,3
28.733,32.711,2023,7,4,13,3,0,3
28.737,32.861,2023,7,4,13,3,0,3
28.742,32.724,2023,7,4,13,3,0,3
28.755,32.708,2023,7,4,13,3,0,3
28.777,32.863,2023,7,4,13,3,0,3
28.792,32.738,2023,7,4,13,3,0,3
28.798,32.751,2023,7,4,13,3,0,3
28.798,32.403,2023,7,4,13,3,0,3
28.799,32.223,2023,7,4,13,3,0,3
28.818,32.144,2023,7,4,13,3,0,3
28.844,31.996,2023,7,4,13,3,0,3
28.859,31.781,2023,7,4,13,3,0,3
28.868,32.27,2023,7,4,13,3,0,3
28.853,32.243,2023,7,4,13,3,0,3
28.831,31.88,2023,7,4,13,3,0,3
28.792,31.46,2023,7,4,13,3,0,3
28.765,31.384,2023,7,4,13,3,0,3
28.751,31.401,2023,7,4,13,3,0,3
28.738,31.44,2023,7,4,13,3,0,3
28.724,31.569,2023,7,4,13,3,0,3
28.714,31.542,2023,7,4,13,3,0,3
28.69,31.484,2023,7,4,13,3,0,3
28.666,31.478,2023,7,4,13,3,0,3
28.654,31.439,2023,7,4,13,3,0,3
28.63,31.208,2023,7,4,13,3,0,3
28.617,31.606,2023,7,4,13,3,0,3
28.604,31.371,2023,7,4,13,3,0,3
28.587,31.189,2023,7,4,13,3,0,3
28.574,31.3,2023,7,4,14,3,0,3
28.567,31.295,2023,7,4,14,3,0,3
28.558,31.285,2023,7,4,14,3,0,3
28.561,31.473,2023,7,4,14,3,0,3
28.56,31.481,2023,7,4,14,3,0,3
28.548,31.581,2023,7,4,14,3,0,3
28.534,31.617,2023,7,4,14,3,0,3
28.519,31.623,2023,7,4,14,3,0,3
28.497,31.277,2023,7,4,14,3,0,3
28.484,31.37,2023,7,4,14,3,0,3
28.476,31.394,2023,7,4,14,3,0,3
28.466,31.344,2023,7,4,14,3,0,3
28.449,31.195,2023,7,4,14,3,0,3
28.425,31.095,2023,7,4,14,3,0,3
28.412,31.292,2023,7,4,14,3,0,3
28.407,31.224,2023,7,4,14,3,0,3
28.402,31.599,2023,7,4,14,3,0,3
28.386,31.648,2023,7,4,14,3,0,3
28.366,31.631,2023,7,4,14,3,0,3
28.353,31.498,2023,7,4,14,3,0,3
28.344,31.585,2023,7,4,14,3,0,3
28.336,31.747,2023,7,4,14,3,0,3
28.333,31.618,2023,7,4,14,3,0,3
28.338,31.605,2023,7,4,14,3,0,3
28.342,32.011,2023,7,4,14,3,0,3
28.337,31.766,2023,7,4,14,3,0,3
28.314,31.823,2023,7,4,14,3,0,3
28.287,31.453,2023,7,4,14,3,0,3
28.256,31.516,2023,7,4,14,3,0,3
28.221,31.386,2023,7,4,14,3,0,3
28.2,31.253,2023,7,4,15,3,0,3
28.184,31.319,2023,7,4,15,3,0,3
28.172,31.456,2023,7,4,15,3,0,3
28.16,31.44,2023,7,4,15,3,0,3
28.156,31.579,2023,7,4,15,3,0,3
28.162,31.531,2023,7,4,15,3,0,3
28.167,31.623,2023,7,4,15,3,0,3
28.176,31.729,2023,7,4,15,3,0,3
28.182,31.502,2023,7,4,15,3,0,3
28.183,31.668,2023,7,4,15,3,0,3
28.181,31.773,2023,7,4,15,3,0,3
28.173,31.828,2023,7,4,15,3,0,3
28.168,31.887,2023,7,4,15,3,0,3
28.162,31.849,2023,7,4,15,3,0,3
28.146,31.828,2023,7,4,15,3,0,3
28.135,31.578,2023,7,4,15,3,0,3
28.128,31.3,2023,7,4,15,3,0,3
28.121,31.718,2023,7,4,15,3,0,3
28.118,31.733,2023,7,4,15,3,0,3
28.105,31.638,2023,7,4,15,3,0,3
28.094,31.923,2023,7,4,15,3,0,3
28.092,31.676,2023,7,4,15,3,0,3
28.091,31.476,2023,7,4,15,3,0,3
28.086,31.466,2023,7,4,15,3,0,3
28.083,31.409,2023,7,4,15,3,0,3
28.076,31.543,2023,7,4,15,3,0,3
28.077,31.49,2023,7,4,15,3,0,3
28.083,31.511,2023,7,4,15,3,0,3
28.089,31.582,2023,7,4,15,3,0,3
28.097,31.6,2023,7,4,15,3,0,3
28.098,31.536,2023,7,4,16,3,0,3
28.087,31.602,2023,7,4,16,3,0,3
28.082,31.685,2023,7,4,16,3,0,3
28.083,31.704,2023,7,4,16,3,0,3
28.085,31.444,2023,7,4,16,3,0,3
28.089,31.444,2023,7,4,16,3,0,3
28.098,31.308,2023,7,4,16,3,0,3
28.111,31.276,2023,7,4,16,3,0,3
28.124,31.502,2023,7,4,16,3,0,3
28.133,31.585,2023,7,4,16,3,0,3
28.149,31.845,2023,7,4,16,3,0,3
28.155,31.546,2023,7,4,16,3,0,3
28.151,31.256,2023,7,4,16,3,0,3
28.143,30.858,2023,7,4,16,3,0,3
28.134,31.087,2023,7,4,16,3,0,3
28.133,30.952,2023,7,4,16,3,0,3
28.146,31.054,2023,7,4,16,3,0,3
28.159,31.48,2023,7,4,16,3,0,3
28.164,31.502,2023,7,4,16,3,0,3
28.168,31.499,2023,7,4,16,3,0,3
28.168,31.551,2023,7,4,16,3,0,3
28.173,31.499,2023,7,4,16,3,0,3
28.182,31.289,2023,7,4,16,3,0,3
28.188,31.587,2023,7,4,16,3,0,3
28.191,31.449,2023,7,4,16,3,0,3
28.193,31.491,2023,7,4,16,3,0,3
28.195,31.446,2023,7,4,16,3,0,3
28.202,31.244,2023,7,4,16,3,0,3
28.208,31.12,2023,7,4,16,3,0,3
28.215,30.931,2023,7,4,16,3,0,3
28.226,30.96,2023,7,4,17,3,0,3
28.238,31.0,2023,7,4,17,3,0,3
28.249,30.752,2023,7,4,17,3,0,3
28.269,31.152,2023,7,4,17,3,0,3
28.283,31.129,2023,7,4,17,3,0,3
28.29,31.012,2023,7,4,17,3,0,3
28.302,31.084,2023,7,4,17,3,0,3
28.311,31.176,2023,7,4,17,3,0,3
28.314,30.764,2023,7,4,17,3,0,3
28.297,30.754,2023,7,4,17,3,0,3
28.277,30.774,2023,7,4,17,3,0,3
28.247,30.94,2023,7,4,17,3,0,3
28.213,30.945,2023,7,4,17,3,0,3
28.189,30.913,2023,7,4,17,3,0,3
28.166,30.515,2023,7,4,17,3,0,3
28.143,30.379,2023,7,4,17,3,0,3
28.131,30.697,2023,7,4,17,3,0,3
28.12,30.65,2023,7,4,17,3,0,3
28.104,31.187,2023,7,4,17,3,0,3
28.106,31.069,2023,7,4,17,3,0,3
28.103,30.625,2023,7,4,17,3,0,3
28.102,30.309,2023,7,4,17,3,0,3
28.111,30.298,2023,7,4,17,3,0,3
28.11,30.053,2023,7,4,17,3,0,3
28.1,30.062,2023,7,4,17,3,0,3
28.081,30.04,2023,7,4,17,3,0,3
28.06,30.224,2023,7,4,17,3,0,3
28.045,30.059,2023,7,4,17,3,0,3
28.037,30.131,2023,7,4,17,3,0,3
28.036,30.088,2023,7,4,17,3,0,3
28.042,30.405,2023,7,4,18,3,0,3
28.045,30.237,2023,7,4,18,3,0,3
28.052,30.207,2023,7,4,18,3,0,3
28.072,30.535,2023,7,4,18,3,0,3
28.088,30.496,2023,7,4,18,3,0,3
28.095,30.121,2023,7,4,18,3,0,3
28.096,29.848,2023,7,4,18,3,0,3
28.106,29.569,2023,7,4,18,3,0,3
28.123,29.527,2023,7,4,18,3,0,3
28.136,29.432,2023,7,4,18,3,0,3
28.138,29.181,2023,7,4,18,3,0,3
28.146,29.644,2023,7,4,18,3,0,3
28.156,29.726,2023,7,4,18,3,0,3
28.159,29.487,2023,7,4,18,3,0,3
28.16,29.005,2023,7,4,18,3,0,3
28.163,28.862,2023,7,4,18,3,0,3
28.164,28.675,2023,7,4,18,3,0,3
28.171,28.765,2023,7,4,18,3,0,3
28.181,28.729,2023,7,4,18,3,0,3
28.189,28.958,2023,7,4,18,3,0,3
28.199,29.015,2023,7,4,18,3,0,3
28.219,28.863,2023,7,4,18,3,0,3
28.23,28.818,2023,7,4,18,3,0,3
28.247,28.843,2023,7,4,18,3,0,3
28.262,28.696,2023,7,4,18,3,0,3
28.269,28.527,2023,7,4,18,3,0,3
28.273,28.352,2023,7,4,18,3,0,3
28.278,28.693,2023,7,4,18,3,0,3
28.281,28.784,2023,7,4,18,3,0,3
28.284,28.455,2023,7,4,18,3,0,3
28.292,28.47,2023,7,4,19,3,0,3
28.3,28.513,2023,7,4,19,3,0,3
28.301,28.452,2023,7,4,19,3,0,3
28.307,28.462,2023,7,4,19,3,0,3
28.315,28.893,2023,7,4,19,3,0,3
28.319,29.423,2023,7,4,19,3,0,3
28.31,29.827,2023,7,4,19,3,0,3
28.302,30.162,2023,7,4,19,3,0,3
28.288,30.169,2023,7,4,19,3,0,3
28.286,30.073,2023,7,4,19,3,0,3
28.293,30.035,2023,7,4,19,3,0,3
28.294,30.188,2023,7,4,19,3,0,3
28.303,30.345,2023,7,4,19,3,0,3
28.306,30.604,2023,7,4,19,3,0,3
28.308,30.815,2023,7,4,19,3,0,3
28.31,31.044,2023,7,4,19,3,0,3
28.307,31.106,2023,7,4,19,3,0,3
28.304,31.16,2023,7,4,19,3,0,3
28.286,31.047,2023,7,4,19,3,0,3
28.269,31.147,2023,7,4,19,3,0,3
28.253,31.276,2023,7,4,19,3,0,3
28.243,31.446,2023,7,4,19,3,0,3
28.232,31.477,2023,7,4,19,3,0,3
28.214,31.655,2023,7,4,19,3,0,3
28.207,31.755,2023,7,4,19,3,0,3
28.2,31.777,2023,7,4,19,3,0,3
28.196,31.927,2023,7,4,19,3,0,3
28.194,31.882,2023,7,4,19,3,0,3
28.188,31.86,2023,7,4,19,3,0,3
28.173,32.031,2023,7,4,20,3,0,3
28.168,32.135,2023,7,4,20,3,0,3
28.167,32.256,2023,7,4,20,3,0,3
28.169,32.325,2023,7,4,20,3,0,3
28.169,32.558,2023,7,4,20,3,0,3
28.166,32.764,2023,7,4,20,3,0,3
28.165,32.547,2023,7,4,20,3,0,3
28.161,32.341,2023,7,4,20,3,0,3
28.157,32.193,2023,7,4,20,3,0,3
28.147,32.125,2023,7,4,20,3,0,3
28.138,32.238,2023,7,4,20,3,0,3
28.132,32.188,2023,7,4,20,3,0,3
28.121,32.348,2023,7,4,20,3,0,3
28.094,32.475,2023,7,4,20,3,0,3
28.069,32.712,2023,7,4,20,3,0,3
28.057,32.8,2023,7,4,20,3,0,3
28.049,32.836,2023,7,4,20,3,0,3
28.047,33.019,2023,7,4,20,3,0,3
28.046,33.153,2023,7,4,20,3,0,3
28.045,33.522,2023,7,4,20,3,0,3
28.041,33.275,2023,7,4,20,3,0,3
28.023,32.987,2023,7,4,20,3,0,3
27.999,32.93,2023,7,4,20,3,0,3
27.98,32.954,2023,7,4,20,3,0,3
27.974,33.364,2023,7,4,20,3,0,3
27.972,33.785,2023,7,4,20,3,0,4
27.973,33.813,2023,7,4,20,3,0,4
27.964,33.726,2023,7,4,20,3,0,4
27.938,33.758,2023,7,4,20,3,0,4
27.917,34.013,2023,7,4,20,3,0,4
27.904,34.143,2023,7,4,21,3,0,4
27.888,34.455,2023,7,4,21,3,0,4
27.865,34.429,2023,7,4,21,3,0,4
27.856,34.757,2023,7,4,21,3,0,4
27.853,34.889,2023,7,4,21,3,0,4
27.845,34.877,2023,7,4,21,3,0,4
27.829,34.725,2023,7,4,21,3,0,4
27.806,34.491,2023,7,4,21,3,0,4
27.786,34.581,2023,7,4,21,3,0,4
27.771,34.913,2023,7,4,21,3,0,4
27.758,35.161,2023,7,4,21,3,0,4
27.747,35.315,2023,7,4,21,3,0,4
27.729,35.438,2023,7,4,21,3,0,4
27.721,35.607,2023,7,4,21,3,0,4
27.719,35.94,2023,7,4,21,3,0,4
27.723,36.24,2023,7,4,21,3,0,4
27.725,36.259,2023,7,4,21,3,0,4
27.715,36.269,2023,7,4,21,3,0,4
27.697,36.264,2023,7,4,21,3,0,4
27.672,36.308,2023,7,4,21,3,0,4
27.653,36.342,2023,7,4,21,3,0,4
27.637,36.507,2023,7,4,21,3,0,4
27.627,36.734,2023,7,4,21,3,0,4
27.613,36.637,2023,7,4,21,3,0,4
27.599,36.726,2023,7,4,21,3,0,4
27.585,36.65,2023,7,4,21,3,0,4
27.56,36.784,2023,7,4,21,3,0,4
27.538,36.943,2023,7,4,21,3,0,4
27.516,36.984,2023,7,4,21,3,0,4
27.487,37.453,2023,7,4,21,3,0,5
27.445,37.917,2023,7,4,22,3,0,5
27.412,38.289,2023,7,4,22,3,0,5
27.373,38.702,2023,7,4,22,3,0,5
27.348,38.945,2023,7,4,22,3,0,5
27.332,39.025,2023,7,4,22,3,0,5
27.317,39.155,2023,7,4,22,3,0,5
27.303,39.184,2023,7,4,22,3,0,5
27.29,39.651,2023,7,4,22,3,0,5
27.268,40.005,2023,7,4,22,3,0,5
27.249,40.288,2023,7,4,22,3,0,5
27.228,40.362,2023,7,4,22,3,0,5
27.22,40.346,2023,7,4,22,3,0,5
27.217,40.238,2023,7,4,22,3,0,5
27.213,40.039,2023,7,4,22,3,0,5
27.2,40.325,2023,7,4,22,3,0,5
27.191,40.096,2023,7,4,22,3,0,5
27.181,40.141,2023,7,4,22,3,0,5
27.168,40.127,2023,7,4,22,3,0,5
27.152,40.141,2023,7,4,22,3,0,5
27.126,40.462,2023,7,4,22,3,0,5
27.108,40.724,2023,7,4,22,3,0,5
27.088,40.686,2023,7,4,22,3,0,5
27.074,40.731,2023,7,4,22,3,0,5
27.055,40.918,2023,7,4,22,3,0,5
27.037,41.196,2023,7,4,22,3,0,5
27.014,41.346,2023,7,4,22,3,0,5
26.991,41.591,2023,7,4,22,3,0,6
26.965,41.531,2023,7,4,22,3,0,6
26.93,41.703,2023,7,4,22,3,0,6
26.905,41.896,2023,7,4,22,3,0,6
26.878,42.359,2023,7,4,23,3,0,6
26.83,42.686,2023,7,4,23,3,0,6
26.763,42.59,2023,7,4,23,3,0,6
26.713,42.141,2023,7,4,23,3,0,6
26.675,41.785,2023,7,4,23,3,0,6
26.662,41.53,2023,7,4,23,3,0,6
26.658,41.375,2023,7,4,23,3,0,6
26.658,41.236,2023,7,4,23,3,0,6
26.657,40.964,2023,7,4,23,3,0,6
26.66,40.742,2023,7,4,23,3,0,6
26.661,40.715,2023,7,4,23,3,0,6
26.665,40.619,2023,7,4,23,3,0,6
26.684,40.469,2023,7,4,23,3,0,6
26.702,40.405,2023,7,4,23,3,0,6
26.72,40.329,2023,7,4,23,3,0,6
26.733,40.278,2023,7,4,23,3,0,6
26.742,40.25,2023,7,4,23,3,0,6
26.742,40.104,2023,7,4,23,3,0,6
26.758,40.024,2023,7,4,23,3,0,6
26.767,39.971,2023,7,4,23,3,0,6
26.767,39.969,2023,7,4,23,3,0,6
26.749,39.997,2023,7,4,23,3,0,6
26.733,40.081,2023,7,4,23,3,0,6
26.72,40.133,2023,7,4,23,3,0,6
26.711,40.143,2023,7,4,23,3,0,6
26.709,40.142,2023,7,4,23,3,0,6
26.705,40.143,2023,7,4,23,3,0,6
26.695,40.203,2023,7,4,23,3,0,6
26.682,40.224,2023,7,4,23,3,0,6
26.671,40.266,2023,7,4,23,3,0,6
26.662,40.202,2023,7,5,0,3,1,6
26.652,40.186,2023,7,5,0,3,1,6
26.637,40.246,2023,7,5,0,3,1,6
26.631,40.174,2023,7,5,0,3,1,6
26.616,40.169,2023,7,5,0,3,1,6
26.6,40.13,2023,7,5,0,3,1,6
26.576,40.178,2023,7,5,0,3,1,6
26.554,40.222,2023,7,5,0,3,1,6
26.545,40.372,2023,7,5,0,3,1,6
26.53,40.591,2023,7,5,0,3,1,6
26.52,40.753,2023,7,5,0,3,1,6
26.514,40.824,2023,7,5,0,3,1,6
26.508,40.983,2023,7,5,0,3,1,6
26.496,41.1,2023,7,5,0,3,1,6
26.481,41.149,2023,7,5,0,3,1,6
26.466,41.316,2023,7,5,0,3,1,6
26.452,41.421,2023,7,5,0,3,1,6
26.445,41.497,2023,7,5,0,3,1,6
26.435,41.56,2023,7,5,0,3,1,6
26.422,41.676,2023,7,5,0,3,1,6
26.405,41.691,2023,7,5,0,3,1,6
26.394,41.896,2023,7,5,0,3,1,6
26.392,42.032,2023,7,5,0,3,1,6
26.389,42.176,2023,7,5,0,3,1,6
26.377,42.197,2023,7,5,0,3,1,6
26.362,42.181,2023,7,5,0,3,1,6
26.357,42.386,2023,7,5,0,3,1,6
26.349,42.461,2023,7,5,0,3,1,6
26.337,42.545,2023,7,5,0,3,1,6
26.334,42.753,2023,7,5,0,3,1,6
26.337,42.807,2023,7,5,1,3,1,6
26.342,42.873,2023,7,5,1,3,1,6
26.341,42.934,2023,7,5,1,3,1,6
26.338,42.854,2023,7,5,1,3,1,6
26.333,42.856,2023,7,5,1,3,1,6
26.325,42.947,2023,7,5,1,3,1,6
26.324,42.993,2023,7,5,1,3,1,6
26.319,42.993,2023,7,5,1,3,1,6
26.315,43.028,2023,7,5,1,3,1,6
26.315,43.091,2023,7,5,1,3,1,6
26.315,43.084,2023,7,5,1,3,1,6
26.306,42.984,2023,7,5,1,3,1,6
26.303,43.19,2023,7,5,1,3,1,6
26.296,43.156,2023,7,5,1,3,1,6
26.275,43.207,2023,7,5,1,3,1,6
26.252,43.159,2023,7,5,1,3,1,6
26.231,43.247,2023,7,5,1,3,1,6
26.222,43.359,2023,7,5,1,3,1,6
26.198,43.338,2023,7,5,1,3,1,6
26.171,43.415,2023,7,5,1,3,1,6
26.154,43.404,2023,7,5,1,3,1,6
26.146,43.463,2023,7,5,1,3,1,6
26.142,43.522,2023,7,5,1,3,1,6
26.137,44.214,2023,7,5,1,3,1,6
26.122,44.842,2023,7,5,1,3,1,6
26.1,45.232,2023,7,5,1,3,1,6
26.072,45.284,2023,7,5,1,3,1,6
26.054,45.511,2023,7,5,1,3,1,6
26.025,45.512,2023,7,5,1,3,1,6
26.008,45.648,2023,7,5,1,3,1,6
25.993,45.73,2023,7,5,2,3,1,6
25.983,45.8,2023,7,5,2,3,1,6
25.978,45.885,2023,7,5,2,3,1,6
25.979,45.846,2023,7,5,2,3,1,6
25.981,45.651,2023,7,5,2,3,1,6
25.983,45.346,2023,7,5,2,3,1,6
25.987,45.787,2023,7,5,2,3,1,6
25.99,45.773,2023,7,5,2,3,1,6
25.987,45.746,2023,7,5,2,3,1,6
25.984,45.655,2023,7,5,2,3,1,6
25.977,45.616,2023,7,5,2,3,1,6
25.973,45.552,2023,7,5,2,3,1,6
25.968,45.43,2023,7,5,2,3,1,6
25.966,45.397,2023,7,5,2,3,1,6
25.959,45.27,2023,7,5,2,3,1,6
25.956,45.254,2023,7,5,2,3,1,6
25.946,45.284,2023,7,5,2,3,1,6
25.941,45.291,2023,7,5,2,3,1,6
25.932,45.297,2023,7,5,2,3,1,6
25.922,45.239,2023,7,5,2,3,1,6
25.916,45.288,2023,7,5,2,3,1,6
25.909,45.38,2023,7,5,2,3,1,6
25.899,45.326,2023,7,5,2,3,1,6
25.884,45.388,2023,7,5,2,3,1,7
25.878,45.415,2023,7,5,2,3,1,7
25.869,45.525,2023,7,5,2,3,1,7
25.858,45.612,2023,7,5,2,3,1,7
25.849,45.689,2023,7,5,2,3,1,7
25.824,45.978,2023,7,5,2,3,1,7
25.801,46.131,2023,7,5,2,3,1,7
25.783,46.47,2023,7,5,3,3,1,7
25.765,46.652,2023,7,5,3,3,1,7
25.749,46.7,2023,7,5,3,3,1,7
25.744,46.824,2023,7,5,3,3,1,7
25.735,46.977,2023,7,5,3,3,1,7
25.727,47.084,2023,7,5,3,3,1,7
25.716,47.114,2023,7,5,3,3,1,7
25.71,47.292,2023,7,5,3,3,1,7
25.701,47.375,2023,7,5,3,3,1,7
25.691,47.439,2023,7,5,3,3,1,7
25.681,47.508,2023,7,5,3,3,1,7
25.678,47.564,2023,7,5,3,3,1,7
25.668,47.571,2023,7,5,3,3,1,7
25.663,47.495,2023,7,5,3,3,1,7
25.662,47.407,2023,7,5,3,3,1,7
25.659,47.473,2023,7,5,3,3,1,7
25.659,47.523,2023,7,5,3,3,1,7
25.65,47.627,2023,7,5,3,3,1,7
25.647,47.716,2023,7,5,3,3,1,7
25.643,47.739,2023,7,5,3,3,1,7
25.637,47.836,2023,7,5,3,3,1,7
25.637,47.87,2023,7,5,3,3,1,7
25.633,47.968,2023,7,5,3,3,1,7
25.616,47.996,2023,7,5,3,3,1,7
25.599,47.97,2023,7,5,3,3,1,7
25.586,47.999,2023,7,5,3,3,1,7
25.578,47.995,2023,7,5,3,3,1,7
25.568,48.002,2023,7,5,3,3,1,7
25.554,48.004,2023,7,5,3,3,1,7
25.542,48.083,2023,7,5,3,3,1,7
25.524,48.129,2023,7,5,4,3,1,7
25.501,48.243,2023,7,5,4,3,1,7
25.473,48.311,2023,7,5,4,3,1,7
25.452,48.434,2023,7,5,4,3,1,7
25.435,48.562,2023,7,5,4,3,1,7
25.426,48.631,2023,7,5,4,3,1,7
25.422,48.651,2023,7,5,4,3,1,7
25.415,48.678,2023,7,5,4,3,1,7
25.398,48.863,2023,7,5,4,3,1,7
25.388,48.907,2023,7,5,4,3,1,7
25.38,48.874,2023,7,5,4,3,1,7
25.373,48.804,2023,7,5,4,3,1,7
25.363,48.737,2023,7,5,4,3,1,7
25.352,48.697,2023,7,5,4,3,1,7
25.34,48.565,2023,7,5,4,3,1,7
25.334,48.424,2023,7,5,4,3,1,7
25.33,48.434,2023,7,5,4,3,1,7
25.324,48.522,2023,7,5,4,3,1,7
25.304,48.631,2023,7,5,4,3,1,7
25.281,48.757,2023,7,5,4,3,1,7
25.269,48.786,2023,7,5,4,3,1,7
25.251,48.826,2023,7,5,4,3,1,7
25.23,48.805,2023,7,5,4,3,1,7
25.213,48.689,2023,7,5,4,3,1,7
25.193,48.673,2023,7,5,4,3,1,7
25.178,48.564,2023,7,5,4,3,1,7
25.157,48.548,2023,7,5,4,3,1,7
25.139,48.609,2023,7,5,4,3,1,7
25.12,48.669,2023,7,5,4,3,1,7
25.11,48.677,2023,7,5,4,3,1,7
25.111,48.678,2023,7,5,5,3,1,7
25.108,48.678,2023,7,5,5,3,1,7
25.106,48.678,2023,7,5,5,3,1,7
25.105,48.678,2023,7,5,5,3,1,7
25.109,48.678,2023,7,5,5,3,1,7
25.108,48.631,2023,7,5,5,3,1,7
25.109,48.638,2023,7,5,5,3,1,7
25.096,48.692,2023,7,5,5,3,1,7
25.09,48.688,2023,7,5,5,3,1,7
25.082,48.682,2023,7,5,5,3,1,7
25.065,48.638,2023,7,5,5,3,1,7
25.048,48.545,2023,7,5,5,3,1,7
25.028,48.476,2023,7,5,5,3,1,7
25.009,48.419,2023,7,5,5,3,1,7
24.991,48.313,2023,7,5,5,3,1,7
24.973,48.198,2023,7,5,5,3,1,7
24.958,48.181,2023,7,5,5,3,1,7
24.949,48.2,2023,7,5,5,3,1,7
24.939,48.33,2023,7,5,5,3,1,7
24.921,48.494,2023,7,5,5,3,1,7
24.9,48.559,2023,7,5,5,3,1,7
24.881,48.569,2023,7,5,5,3,1,7
24.864,48.491,2023,7,5,5,3,1,7
24.849,48.448,2023,7,5,5,3,1,7
24.84,48.444,2023,7,5,5,3,1,7
24.831,48.432,2023,7,5,5,3,1,7
24.822,48.364,2023,7,5,5,3,1,7
24.81,48.326,2023,7,5,5,3,1,7
24.801,48.315,2023,7,5,5,3,1,7
24.796,48.266,2023,7,5,5,3,1,7
24.79,48.295,2023,7,5,6,3,1,7
24.788,48.317,2023,7,5,6,3,1,7
24.782,48.404,2023,7,5,6,3,1,7
24.784,48.495,2023,7,5,6,3,1,7
24.78,48.56,2023,7,5,6,3,1,7
24.777,48.579,2023,7,5,6,3,1,8
24.77,48.66,2023,7,5,6,3,1,8
24.761,48.699,2023,7,5,6,3,1,8
24.742,48.706,2023,7,5,6,3,1,8
24.724,48.709,2023,7,5,6,3,1,8
24.714,48.809,2023,7,5,6,3,1,8
24.709,48.826,2023,7,5,6,3,1,8
24.708,48.836,2023,7,5,6,3,1,8
24.709,48.837,2023,7,5,6,3,1,8
24.704,48.834,2023,7,5,6,3,1,8
24.704,48.766,2023,7,5,6,3,1,8
24.696,48.819,2023,7,5,6,3,1,8
24.687,48.837,2023,7,5,6,3,1,8
24.677,48.853,2023,7,5,6,3,1,8
24.661,48.946,2023,7,5,6,3,1,8
24.649,49.013,2023,7,5,6,3,1,8
24.648,49.089,2023,7,5,6,3,1,8
24.648,49.072,2023,7,5,6,3,1,8
24.65,49.079,2023,7,5,6,3,1,8
24.662,48.94,2023,7,5,6,3,1,8
24.669,48.854,2023,7,5,6,3,1,8
24.677,48.801,2023,7,5,6,3,1,8
24.68,48.721,2023,7,5,6,3,1,8
24.681,48.712,2023,7,5,6,3,1,8
24.681,48.711,2023,7,5,6,3,1,8
24.684,48.474,2023,7,5,7,3,1,8
24.69,48.228,2023,7,5,7,3,1,8
24.697,48.059,2023,7,5,7,3,1,8
24.701,47.959,2023,7,5,7,3,1,8
24.705,47.984,2023,7,5,7,3,1,8
24.713,47.785,2023,7,5,7,3,1,8
24.72,47.641,2023,7,5,7,3,1,8
24.723,47.772,2023,7,5,7,3,1,8
24.725,47.982,2023,7,5,7,3,1,8
24.715,47.989,2023,7,5,7,3,1,8
24.71,48.139,2023,7,5,7,3,1,8
24.701,48.328,2023,7,5,7,3,1,8
24.697,48.374,2023,7,5,7,3,1,8
24.701,48.452,2023,7,5,7,3,1,8
24.712,48.567,2023,7,5,7,3,1,8
24.72,48.58,2023,7,5,7,3,1,8
24.723,48.563,2023,7,5,7,3,1,8
24.727,48.334,2023,7,5,7,3,1,8
24.721,48.404,2023,7,5,7,3,1,8
24.715,48.605,2023,7,5,7,3,1,8
24.701,48.736,2023,7,5,7,3,1,8
24.694,48.934,2023,7,5,7,3,1,8
24.694,49.067,2023,7,5,7,3,1,8
24.693,49.18,2023,7,5,7,3,1,8
24.689,49.352,2023,7,5,7,3,1,8
24.69,49.341,2023,7,5,7,3,1,8
24.69,49.291,2023,7,5,7,3,1,8
24.693,49.32,2023,7,5,7,3,1,8
24.712,49.326,2023,7,5,7,3,1,8
24.727,49.229,2023,7,5,7,3,1,8
24.758,49.154,2023,7,5,8,3,1,8
24.785,49.096,2023,7,5,8,3,1,7
24.822,49.017,2023,7,5,8,3,1,7
24.861,48.934,2023,7,5,8,3,1,7
24.893,48.891,2023,7,5,8,3,1,7
24.925,48.676,2023,7,5,8,3,1,7
24.96,48.578,2023,7,5,8,3,1,7
25.0,48.589,2023,7,5,8,3,1,7
25.043,48.572,2023,7,5,8,3,1,7
25.088,48.542,2023,7,5,8,3,1,7
25.148,48.471,2023,7,5,8,3,1,7
25.195,48.422,2023,7,5,8,3,1,7
25.249,48.283,2023,7,5,8,3,1,7
25.303,47.375,2023,7,5,8,3,1,7
25.344,47.213,2023,7,5,8,3,1,7
25.387,46.882,2023,7,5,8,3,1,7
25.426,46.794,2023,7,5,8,3,1,7
25.47,46.527,2023,7,5,8,3,1,7
25.51,46.456,2023,7,5,8,3,1,7
25.548,46.392,2023,7,5,8,3,1,7
25.581,46.338,2023,7,5,8,3,1,7
25.615,46.232,2023,7,5,8,3,1,7
25.645,46.213,2023,7,5,8,3,1,7
25.686,46.209,2023,7,5,8,3,1,7
25.716,46.206,2023,7,5,8,3,1,7
25.735,46.203,2023,7,5,8,3,1,7
25.746,46.203,2023,7,5,8,3,1,7
25.764,46.206,2023,7,5,8,3,1,7
25.805,46.29,2023,7,5,8,3,1,7
25.872,46.316,2023,7,5,9,3,1,7
25.943,46.326,2023,7,5,9,3,1,6
26.036,46.495,2023,7,5,9,3,1,6
26.121,46.338,2023,7,5,9,3,1,6
26.21,46.253,2023,7,5,9,3,1,6
26.296,46.318,2023,7,5,9,3,1,6
26.395,46.506,2023,7,5,9,3,1,6
26.487,46.418,2023,7,5,9,3,1,6
26.575,46.331,2023,7,5,9,3,1,6
26.66,46.269,2023,7,5,9,3,1,6
26.735,46.253,2023,7,5,9,3,1,6
26.823,46.225,2023,7,5,9,3,1,6
26.912,46.075,2023,7,5,9,3,1,6
27.009,45.991,2023,7,5,9,3,1,5
27.107,45.849,2023,7,5,9,3,1,5
27.207,45.727,2023,7,5,9,3,1,5
27.293,45.607,2023,7,5,9,3,1,5
27.377,45.514,2023,7,5,9,3,1,5
27.463,45.456,2023,7,5,9,3,1,5
27.543,45.335,2023,7,5,9,3,1,5
27.617,45.273,2023,7,5,9,3,1,5
27.695,45.222,2023,7,5,9,3,1,5
27.773,45.245,2023,7,5,9,3,1,5
27.857,45.167,2023,7,5,9,3,1,5
27.939,45.105,2023,7,5,9,3,1,5
28.017,45.1,2023,7,5,9,3,1,5
28.107,45.002,2023,7,5,9,3,1,5
28.188,44.927,2023,7,5,9,3,1,5
28.264,44.783,2023,7,5,9,3,1,5
28.319,44.506,2023,7,5,9,3,1,5
28.342,44.189,2023,7,5,10,3,1,5
28.353,44.021,2023,7,5,10,3,1,5
28.36,43.922,2023,7,5,10,3,1,5
28.374,43.842,2023,7,5,10,3,1,5
28.397,43.957,2023,7,5,10,3,1,5
28.415,44.056,2023,7,5,10,3,1,5
28.433,44.184,2023,7,5,10,3,1,5
28.468,44.107,2023,7,5,10,3,1,5
28.522,44.043,2023,7,5,10,3,1,5
28.594,43.76,2023,7,5,10,3,1,5
28.683,44.031,2023,7,5,10,3,1,5
28.735,43.986,2023,7,5,10,3,1,5
28.776,43.809,2023,7,5,10,3,1,5
28.822,43.799,2023,7,5,10,3,1,5
28.879,43.656,2023,7,5,10,3,1,5
28.918,43.238,2023,7,5,10,3,1,5
28.942,42.697,2023,7,5,10,3,1,5
28.995,42.391,2023,7,5,10,3,1,5
29.071,42.374,2023,7,5,10,3,1,5
29.153,42.264,2023,7,5,10,3,1,5
29.228,41.86,2023,7,5,10,3,1,5
29.292,41.444,2023,7,5,10,3,1,5
29.367,40.816,2023,7,5,10,3,1,5
29.437,40.584,2023,7,5,10,3,1,5
29.492,40.637,2023,7,5,10,3,1,5
29.553,40.853,2023,7,5,10,3,1,5
29.604,40.541,2023,7,5,10,3,1,5
29.643,39.969,2023,7,5,10,3,1,5
29.68,39.429,2023,7,5,10,3,1,4
29.742,39.449,2023,7,5,10,3,1,5
29.809,39.433,2023,7,5,11,3,1,4
29.868,38.959,2023,7,5,11,3,1,4
29.931,39.046,2023,7,5,11,3,1,4
29.994,39.099,2023,7,5,11,3,1,4
30.043,39.101,2023,7,5,11,3,1,4
30.064,39.259,2023,7,5,11,3,1,4
30.073,39.225,2023,7,5,11,3,1,4
30.077,39.4,2023,7,5,11,3,1,4
30.075,39.487,2023,7,5,11,3,1,5
30.065,39.493,2023,7,5,11,3,1,5
30.08,39.572,2023,7,5,11,3,1,5
30.128,39.873,2023,7,5,11,3,1,5
30.173,40.045,2023,7,5,11,3,1,5
30.213,40.119,2023,7,5,11,3,1,5
30.247,40.137,2023,7,5,11,3,1,5
30.292,39.994,2023,7,5,11,3,1,5
30.345,39.682,2023,7,5,11,3,1,5
30.404,39.71,2023,7,5,11,3,1,5
30.467,39.948,2023,7,5,11,3,1,5
30.499,40.009,2023,7,5,11,3,1,5
30.513,39.848,2023,7,5,11,3,1,5
30.521,39.579,2023,7,5,11,3,1,5
30.528,39.025,2023,7,5,11,3,1,4
30.566,38.915,2023,7,5,11,3,1,4
30.624,38.884,2023,7,5,11,3,1,4
30.694,38.756,2023,7,5,11,3,1,4
30.769,38.61,2023,7,5,11,3,1,4
30.848,38.746,2023,7,5,11,3,1,4
30.913,38.415,2023,7,5,11,3,1,4
30.975,38.81,2023,7,5,11,3,1,4
31.028,38.726,2023,7,5,12,3,1,4
31.061,38.796,2023,7,5,12,3,1,4
31.081,38.552,2023,7,5,12,3,1,4
31.109,38.376,2023,7,5,12,3,1,4
31.147,38.858,2023,7,5,12,3,1,4
31.178,38.857,2023,7,5,12,3,1,4
31.194,39.182,2023,7,5,12,3,1,4
31.204,39.008,2023,7,5,12,3,1,4
31.2,38.855,2023,7,5,12,3,1,4
31.204,38.51,2023,7,5,12,3,1,4
31.217,38.317,2023,7,5,12,3,1,4
31.248,38.388,2023,7,5,12,3,1,4
31.286,38.163,2023,7,5,12,3,1,4
31.309,37.951,2023,7,5,12,3,1,4
31.328,37.61,2023,7,5,12,3,1,4
31.346,37.267,2023,7,5,12,3,1,4
31.374,37.784,2023,7,5,12,3,1,4
31.391,37.793,2023,7,5,12,3,1,4
31.416,37.847,2023,7,5,12,3,1,4
31.432,37.824,2023,7,5,12,3,1,4
31.458,37.835,2023,7,5,12,3,1,4
31.493,38.263,2023,7,5,12,3,1,4
31.51,37.76,2023,7,5,12,3,1,4
31.537,37.652,2023,7,5,12,3,1,4
31.588,37.926,2023,7,5,12,3,1,4
31.635,38.122,2023,7,5,12,3,1,4
31.661,38.323,2023,7,5,12,3,1,4
31.682,38.001,2023,7,5,12,3,1,4
31.706,38.514,2023,7,5,12,3,1,4
31.719,38.818,2023,7,5,12,3,1,4
31.723,37.613,2023,7,5,13,3,1,4
31.744,37.14,2023,7,5,13,3,1,4
31.785,37.815,2023,7,5,13,3,1,4
31.806,37.494,2023,7,5,13,3,1,4
31.825,37.372,2023,7,5,13,3,1,4
31.838,37.246,2023,7,5,13,3,1,4
31.841,37.248,2023,7,5,13,3,1,4
31.842,37.109,2023,7,5,13,3,1,4
31.847,36.971,2023,7,5,13,3,1,4
31.841,36.638,2023,7,5,13,3,1,4
31.832,36.468,2023,7,5,13,3,1,4
31.809,36.306,2023,7,5,13,3,1,4
31.783,35.974,2023,7,5,13,3,1,4
31.773,35.816,2023,7,5,13,3,1,4
31.787,35.873,2023,7,5,13,3,1,4
31.814,35.712,2023,7,5,13,3,1,4
31.847,35.746,2023,7,5,13,3,1,4
31.87,35.679,2023,7,5,13,3,1,4
31.874,35.527,2023,7,5,13,3,1,4
31.859,35.557,2023,7,5,13,3,1,4
31.826,35.27,2023,7,5,13,3,1,4
31.792,34.953,2023,7,5,13,3,1,4
31.755,34.655,2023,7,5,13,3,1,4
31.732,34.845,2023,7,5,13,3,1,4
31.718,35.006,2023,7,5,13,3,1,4
31.704,34.919,2023,7,5,13,3,1,4
31.698,34.985,2023,7,5,13,3,1,4
31.691,34.997,2023,7,5,13,3,1,4
31.672,35.05,2023,7,5,13,3,1,4
31.649,35.051,2023,7,5,13,3,1,4
31.621,34.978,2023,7,5,14,3,1,4
31.607,34.96,2023,7,5,14,3,1,4
31.589,34.94,2023,7,5,14,3,1,4
31.575,35.029,2023,7,5,14,3,1,4
31.565,35.106,2023,7,5,14,3,1,4
31.547,35.525,2023,7,5,14,3,1,4
31.525,35.787,2023,7,5,14,3,1,4
31.48,34.952,2023,7,5,14,3,1,4
31.44,34.405,2023,7,5,14,3,1,4
31.442,34.093,2023,7,5,14,3,1,4
31.451,34.598,2023,7,5,14,3,1,4
31.406,35.246,2023,7,5,14,3,1,4
31.364,35.834,2023,7,5,14,3,1,4
31.355,36.39,2023,7,5,14,3,1,4
31.351,36.703,2023,7,5,14,3,1,4
31.33,36.752,2023,7,5,14,3,1,4
31.304,36.715,2023,7,5,14,3,1,4
31.263,37.059,2023,7,5,14,3,1,4
31.224,37.405,2023,7,5,14,3,1,4
31.173,37.782,2023,7,5,14,3,1,4
31.124,38.158,2023,7,5,14,3,1,4
31.091,38.444,2023,7,5,14,3,1,4
31.072,38.661,2023,7,5,14,3,1,4
31.065,38.553,2023,7,5,14,3,1,4
31.098,38.339,2023,7,5,14,3,1,4
31.116,38.402,2023,7,5,14,3,1,4
31.11,38.086,2023,7,5,14,3,1,4
31.095,37.791,2023,7,5,14,3,1,4
31.097,38.042,2023,7,5,14,3,1,4
31.136,38.295,2023,7,5,14,3,1,4
31.189,38.433,2023,7,5,15,3,1,4
31.256,38.412,2023,7,5,15,3,1,4
31.305,38.354,2023,7,5,15,3,1,4
31.336,38.335,2023,7,5,15,3,1,4
31.366,38.331,2023,7,5,15,3,1,4
31.385,38.335,2023,7,5,15,3,1,4
31.417,38.398,2023,7,5,15,3,1,4
31.424,38.358,2023,7,5,15,3,1,4
31.386,38.42,2023,7,5,15,3,1,4
31.345,38.567,2023,7,5,15,3,1,4
31.309,38.613,2023,7,5,15,3,1,4
31.255,38.475,2023,7,5,15,3,1,4
31.232,38.538,2023,7,5,15,3,1,4
31.208,38.416,2023,7,5,15,3,1,4
31.174,38.345,2023,7,5,15,3,1,4
31.131,38.56,2023,7,5,15,3,1,4
31.103,38.686,2023,7,5,15,3,1,4
31.085,38.811,2023,7,5,15,3,1,4
31.056,38.973,2023,7,5,15,3,1,4
31.045,39.221,2023,7,5,15,3,1,4
31.038,39.176,2023,7,5,15,3,1,4
31.037,39.308,2023,7,5,15,3,1,4
31.052,39.188,2023,7,5,15,3,1,4
31.058,38.933,2023,7,5,15,3,1,4
31.037,39.059,2023,7,5,15,3,1,4
31.016,39.345,2023,7,5,15,3,1,4
31.021,39.489,2023,7,5,15,3,1,5
31.049,39.422,2023,7,5,15,3,1,4
31.067,39.412,2023,7,5,15,3,1,4
31.077,39.602,2023,7,5,15,3,1,5
31.081,39.437,2023,7,5,16,3,1,4
31.091,39.394,2023,7,5,16,3,1,4
31.09,38.784,2023,7,5,16,3,1,4
31.077,39.372,2023,7,5,16,3,1,4
31.064,39.638,2023,7,5,16,3,1,5
31.058,39.586,2023,7,5,16,3,1,5
31.07,39.891,2023,7,5,16,3,1,5
31.079,39.106,2023,7,5,16,3,1,4
31.083,38.778,2023,7,5,16,3,1,4
31.08,38.704,2023,7,5,16,3,1,4
31.08,39.077,2023,7,5,16,3,1,4
31.084,38.924,2023,7,5,16,3,1,4
31.082,38.839,2023,7,5,16,3,1,4
31.083,38.799,2023,7,5,16,3,1,4
31.075,39.095,2023,7,5,16,3,1,4
31.07,39.175,2023,7,5,16,3,1,4
31.075,39.181,2023,7,5,16,3,1,4
31.082,39.314,2023,7,5,16,3,1,4
31.095,39.499,2023,7,5,16,3,1,5
31.11,39.618,2023,7,5,16,3,1,5
31.113,39.389,2023,7,5,16,3,1,4
31.11,38.917,2023,7,5,16,3,1,4
31.108,38.979,2023,7,5,16,3,1,4
31.105,39.008,2023,7,5,16,3,1,4
31.109,38.941,2023,7,5,16,3,1,4
31.106,38.873,2023,7,5,16,3,1,4
31.093,38.824,2023,7,5,16,3,1,4
31.081,38.955,2023,7,5,16,3,1,4
31.057,39.086,2023,7,5,16,3,1,4
31.043,39.318,2023,7,5,16,3,1,4
31.031,39.694,2023,7,5,17,3,1,5
31.029,39.559,2023,7,5,17,3,1,5
31.008,39.662,2023,7,5,17,3,1,5
30.99,40.267,2023,7,5,17,3,1,5
30.983,40.579,2023,7,5,17,3,1,5
30.991,40.734,2023,7,5,17,3,1,5
30.993,40.586,2023,7,5,17,3,1,5
31.011,41.005,2023,7,5,17,3,1,5
31.035,40.896,2023,7,5,17,3,1,5
31.038,41.348,2023,7,5,17,3,1,5
31.043,41.606,2023,7,5,17,3,1,5
31.042,41.723,2023,7,5,17,3,1,5
31.047,41.854,2023,7,5,17,3,1,5
31.053,41.683,2023,7,5,17,3,1,5
31.069,41.766,2023,7,5,17,3,1,5
31.08,41.263,2023,7,5,17,3,1,5
31.087,40.825,2023,7,5,17,3,1,5
31.083,40.395,2023,7,5,17,3,1,5
31.067,40.49,2023,7,5,17,3,1,5
31.054,40.767,2023,7,5,17,3,1,5
31.051,40.994,2023,7,5,17,3,1,5
31.054,41.388,2023,7,5,17,3,1,5
31.055,41.78,2023,7,5,17,3,1,5
31.051,42.071,2023,7,5,17,3,1,5
31.053,42.225,2023,7,5,17,3,1,5
31.069,42.274,2023,7,5,17,3,1,5
31.084,42.379,2023,7,5,17,3,1,5
31.091,42.409,2023,7,5,17,3,1,5
31.094,42.64,2023,7,5,17,3,1,5
31.084,42.8,2023,7,5,17,3,1,5
31.07,42.959,2023,7,5,18,3,1,5
31.043,43.12,2023,7,5,18,3,1,5
31.022,43.328,2023,7,5,18,3,1,5
31.021,43.391,2023,7,5,18,3,1,5
31.016,43.597,2023,7,5,18,3,1,5
31.002,43.748,2023,7,5,18,3,1,5
30.996,44.063,2023,7,5,18,3,1,5
30.986,43.931,2023,7,5,18,3,1,5
30.986,44.269,2023,7,5,18,3,1,5
30.993,44.412,2023,7,5,18,3,1,5
30.998,44.224,2023,7,5,18,3,1,5
31.001,44.063,2023,7,5,18,3,1,5
31.002,43.866,2023,7,5,18,3,1,5
31.002,43.58,2023,7,5,18,3,1,5
30.996,43.423,2023,7,5,18,3,1,5
30.986,43.217,2023,7,5,18,3,1,5
30.979,43.098,2023,7,5,18,3,1,5
30.981,43.056,2023,7,5,18,3,1,5
30.986,43.25,2023,7,5,18,3,1,5
30.986,43.813,2023,7,5,18,3,1,5
30.991,45.066,2023,7,5,18,3,1,5
30.995,45.392,2023,7,5,18,3,1,5
30.997,44.231,2023,7,5,18,3,1,5
30.996,44.73,2023,7,5,18,3,1,5
30.992,44.317,2023,7,5,18,3,1,5
30.989,43.692,2023,7,5,18,3,1,5
30.986,43.468,2023,7,5,18,3,1,5
30.988,43.535,2023,7,5,18,3,1,5
30.99,43.158,2023,7,5,18,3,1,5
30.979,43.398,2023,7,5,18,3,1,5
30.964,43.592,2023,7,5,19,3,1,5
30.945,43.852,2023,7,5,19,3,1,5
30.932,44.095,2023,7,5,19,3,1,5
30.915,44.198,2023,7,5,19,3,1,5
30.903,44.323,2023,7,5,19,3,1,5
30.9,44.272,2023,7,5,19,3,1,5
30.896,44.282,2023,7,5,19,3,1,5
30.891,44.3,2023,7,5,19,3,1,5
30.89,44.197,2023,7,5,19,3,1,5
30.882,44.216,2023,7,5,19,3,1,5
30.877,44.188,2023,7,5,19,3,1,5
30.875,44.129,2023,7,5,19,3,1,5
30.87,44.176,2023,7,5,19,3,1,5
30.863,44.241,2023,7,5,19,3,1,5
30.855,44.367,2023,7,5,19,3,1,5
30.839,44.841,2023,7,5,19,3,1,5
30.824,45.547,2023,7,5,19,3,1,5
30.811,45.639,2023,7,5,19,3,1,5
30.805,45.714,2023,7,5,19,3,1,5
30.796,46.217,2023,7,5,19,3,1,5
30.785,46.283,2023,7,5,19,3,1,5
30.777,46.049,2023,7,5,19,3,1,5
30.777,46.235,2023,7,5,19,3,1,5
30.78,46.196,2023,7,5,19,3,1,5
30.777,45.751,2023,7,5,19,3,1,5
30.776,45.246,2023,7,5,19,3,1,5
30.78,45.221,2023,7,5,19,3,1,5
30.779,45.567,2023,7,5,19,3,1,5
30.777,45.578,2023,7,5,19,3,1,5
30.776,45.091,2023,7,5,19,3,1,5
30.773,44.737,2023,7,5,20,3,1,5
30.765,44.37,2023,7,5,20,3,1,5
30.759,44.153,2023,7,5,20,3,1,5
30.752,44.002,2023,7,5,20,3,1,5
30.749,43.85,2023,7,5,20,3,1,5
30.75,43.793,2023,7,5,20,3,1,5
30.748,43.807,2023,7,5,20,3,1,5
30.746,43.803,2023,7,5,20,3,1,5
30.747,43.813,2023,7,5,20,3,1,5
30.741,43.802,2023,7,5,20,3,1,5
30.735,43.764,2023,7,5,20,3,1,5
30.731,43.709,2023,7,5,20,3,1,5
30.72,43.522,2023,7,5,20,3,1,5
30.706,43.346,2023,7,5,20,3,1,5
30.688,43.211,2023,7,5,20,3,1,5
30.672,43.092,2023,7,5,20,3,1,5
30.656,43.121,2023,7,5,20,3,1,5
30.65,43.034,2023,7,5,20,3,1,5
30.638,43.079,2023,7,5,20,3,1,5
30.635,43.086,2023,7,5,20,3,1,5
30.634,43.088,2023,7,5,20,3,1,5
30.624,43.105,2023,7,5,20,3,1,5
30.611,43.116,2023,7,5,20,3,1,5
30.603,43.242,2023,7,5,20,3,1,5
30.596,43.305,2023,7,5,20,3,1,5
30.593,43.402,2023,7,5,20,3,1,5
30.589,43.424,2023,7,5,20,3,1,5
30.582,43.555,2023,7,5,20,3,1,5
30.563,43.655,2023,7,5,20,3,1,5
30.546,43.748,2023,7,5,21,3,1,5
30.531,43.818,2023,7,5,21,3,1,5
30.521,43.716,2023,7,5,21,3,1,5
30.502,43.726,2023,7,5,21,3,1,5
30.471,44.075,2023,7,5,21,3,1,5
30.455,44.267,2023,7,5,21,3,1,5
30.442,44.648,2023,7,5,21,3,1,5
30.42,44.921,2023,7,5,21,3,1,5
30.394,45.248,2023,7,5,21,3,1,5
30.362,46.003,2023,7,5,21,3,1,5
30.331,46.722,2023,7,5,21,3,1,5
30.295,47.328,2023,7,5,21,3,1,5
30.257,47.893,2023,7,5,21,3,1,5
30.214,48.391,2023,7,5,21,3,1,5
30.157,48.822,2023,7,5,21,3,1,5
30.09,49.331,2023,7,5,21,3,1,5
30.037,49.549,2023,7,5,21,3,1,5
29.983,49.668,2023,7,5,21,3,1,5
29.943,50.308,2023,7,5,21,3,1,5
29.911,50.38,2023,7,5,21,3,1,5
29.892,50.35,2023,7,5,21,3,1,5
29.88,50.484,2023,7,5,21,3,1,5
29.871,50.581,2023,7,5,21,3,1,5
29.859,52.058,2023,7,5,21,3,1,5
29.846,51.927,2023,7,5,21,3,1,5
29.842,53.533,2023,7,5,21,3,1,5
29.838,52.73,2023,7,5,21,3,1,5
29.838,52.605,2023,7,5,21,3,1,5
29.848,54.866,2023,7,5,21,3,1,5
29.856,54.078,2023,7,5,21,3,1,5
29.866,52.868,2023,7,5,22,3,1,5
29.87,53.445,2023,7,5,22,3,1,5
29.875,52.846,2023,7,5,22,3,1,5
29.877,53.19,2023,7,5,22,3,1,5
29.882,54.392,2023,7,5,22,3,1,5
29.888,53.496,2023,7,5,22,3,1,5
29.885,52.548,2023,7,5,22,3,1,5
29.881,52.615,2023,7,5,22,3,1,5
29.877,51.946,2023,7,5,22,3,1,5
29.859,51.772,2023,7,5,22,3,1,5
29.834,51.526,2023,7,5,22,3,1,5
29.806,51.582,2023,7,5,22,3,1,5
29.778,51.355,2023,7,5,22,3,1,5
29.742,51.478,2023,7,5,22,3,1,5
29.702,51.198,2023,7,5,22,3,1,5
29.669,51.398,2023,7,5,22,3,1,5
29.644,51.076,2023,7,5,22,3,1,5
29.622,50.826,2023,7,5,22,3,1,5
29.596,50.498,2023,7,5,22,3,1,5
29.568,50.185,2023,7,5,22,3,1,5
29.538,50.113,2023,7,5,22,3,1,5
29.51,49.91,2023,7,5,22,3,1,5
29.482,49.888,2023,7,5,22,3,1,5
29.446,49.732,2023,7,5,22,3,1,5
29.421,49.891,2023,7,5,22,3,1,5
29.398,49.814,2023,7,5,22,3,1,5
29.376,49.755,2023,7,5,22,3,1,5
29.347,49.804,2023,7,5,22,3,1,5
29.321,49.895,2023,7,5,22,3,1,5
29.296,49.87,2023,7,5,22,3,1,5
29.279,49.865,2023,7,5,23,3,1,5
29.254,49.879,2023,7,5,23,3,1,5
29.225,49.895,2023,7,5,23,3,1,5
29.193,49.903,2023,7,5,23,3,1,5
29.16,50.097,2023,7,5,23,3,1,5
29.115,49.997,2023,7,5,23,3,1,5
29.071,50.02,2023,7,5,23,3,1,5
29.031,50.012,2023,7,5,23,3,1,5
28.989,49.934,2023,7,5,23,3,1,5
28.96,50.03,2023,7,5,23,3,1,5
28.946,50.074,2023,7,5,23,3,1,5
28.943,50.156,2023,7,5,23,3,1,5
28.943,50.239,2023,7,5,23,3,1,5
28.944,50.233,2023,7,5,23,3,1,5
28.942,50.255,2023,7,5,23,3,1,5
28.942,50.287,2023,7,5,23,3,1,5
28.94,50.451,2023,7,5,23,3,1,5
28.937,50.582,2023,7,5,23,3,1,5
28.929,50.766,2023,7,5,23,3,1,5
28.913,50.939,2023,7,5,23,3,1,5
28.893,50.952,2023,7,5,23,3,1,5
28.875,50.971,2023,7,5,23,3,1,5
28.858,51.036,2023,7,5,23,3,1,5
28.84,51.076,2023,7,5,23,3,1,5
28.817,51.164,2023,7,5,23,3,1,5
28.801,51.186,2023,7,5,23,3,1,5
28.79,51.247,2023,7,5,23,3,1,5
28.779,51.304,2023,7,5,23,3,1,5
28.761,51.264,2023,7,5,23,3,1,5
28.753,51.409,2023,7,5,23,3,1,5
26.529,71.984,2023,7,0,0,3,0,4
26.512,71.68,2023,7,0,0,3,0,4
26.51,72.381,2023,7,0,0,3,0,4
26.515,72.577,2023,7,0,0,3,0,4
26.524,72.345,2023,7,0,0,3,0,4
26.525,71.863,2023,7,0,0,3,0,4
26.523,71.296,2023,7,0,0,3,0,4
26.52,71.09,2023,7,0,0,3,0,4
26.543,70.953,2023,7,0,0,3,0,4
26.591,70.745,2023,7,0,0,3,0,4
26.643,70.558,2023,7,0,0,3,0,4
26.693,70.338,2023,7,0,0,3,0,4
26.736,70.058,2023,7,0,0,3,0,4
26.788,69.837,2023,7,0,0,3,0,4
26.823,69.592,2023,7,0,0,3,0,4
26.865,69.299,2023,7,0,0,3,0,4
26.892,69.014,2023,7,0,0,3,0,4
26.92,68.77,2023,7,0,0,3,0,4
26.952,68.658,2023,7,0,0,3,0,4
26.98,68.506,2023,7,0,0,3,0,4
27.005,68.326,2023,7,0,0,3,0,4
27.029,68.078,2023,7,0,0,3,0,4
27.043,67.853,2023,7,0,0,3,0,4
27.058,67.727,2023,7,0,0,3,0,4
27.071,67.503,2023,7,0,0,3,0,4
27.082,67.31,2023,7,0,0,3,0,4
27.095,67.159,2023,7,0,0,3,0,4
27.102,67.014,2023,7,0,0,3,0,4
27.106,66.988,2023,7,0,0,3,0,4
27.108,66.898,2023,7,0,0,3,0,4
27.112,66.838,2023,7,0,1,3,0,4
27.115,66.645,2023,7,0,1,3,0,4
27.118,66.615,2023,7,0,1,3,0,4
27.124,66.609,2023,7,0,1,3,0,4
27.129,66.55,2023,7,0,1,3,0,4
27.136,66.397,2023,7,0,1,3,0,4
27.14,66.348,2023,7,0,1,3,0,4
27.148,66.255,2023,7,0,1,3,0,4
27.155,66.195,2023,7,0,1,3,0,4
27.16,66.126,2023,7,0,1,3,0,4
27.165,66.097,2023,7,0,1,3,0,4
27.171,65.988,2023,7,0,1,3,0,4
27.175,65.971,2023,7,0,1,3,0,4
27.18,65.932,2023,7,0,1,3,0,4
27.178,65.853,2023,7,0,1,3,0,4
27.172,65.743,2023,7,0,1,3,0,4
27.166,65.628,2023,7,0,1,3,0,4
27.165,65.437,2023,7,0,1,3,0,4
27.166,65.348,2023,7,0,1,3,0,4
27.163,65.248,2023,7,0,1,3,0,4
27.16,65.22,2023,7,0,1,3,0,4
27.158,65.189,2023,7,0,1,3,0,4
27.159,65.189,2023,7,0,1,3,0,4
27.157,65.203,2023,7,0,1,3,0,4
27.159,65.254,2023,7,0,1,3,0,4
27.158,65.325,2023,7,0,1,3,0,4
27.161,65.334,2023,7,0,1,3,0,4
27.162,65.304,2023,7,0,1,3,0,4
27.164,65.328,2023,7,0,1,3,0,4
27.164,65.255,2023,7,0,1,3,0,4
27.165,65.208,2023,7,0,2,3,0,4
27.163,65.12,2023,7,0,2,3,0,4
27.163,65.08,2023,7,0,2,3,0,4
27.165,65.012,2023,7,0,2,3,0,4
27.167,64.944,2023,7,0,2,3,0,4
27.169,64.841,2023,7,0,2,3,0,4
27.173,64.739,2023,7,0,2,3,0,4
27.178,64.633,2023,7,0,2,3,0,5
27.182,64.575,2023,7,0,2,3,0,5
27.18,64.506,2023,7,0,2,3,0,5
27.175,64.442,2023,7,0,2,3,0,5
27.171,64.33,2023,7,0,2,3,0,5
27.166,64.296,2023,7,0,2,3,0,5
27.163,64.304,2023,7,0,2,3,0,5
27.16,64.247,2023,7,0,2,3,0,5
27.154,64.244,2023,7,0,2,3,0,5
27.145,64.308,2023,7,0,2,3,0,5
27.139,64.317,2023,7,0,2,3,0,5
27.137,64.364,2023,7,0,2,3,0,5
27.136,64.44,2023,7,0,2,3,0,5
27.133,64.533,2023,7,0,2,3,0,5
27.133,64.567,2023,7,0,2,3,0,5
27.127,64.67,2023,7,0,2,3,0,5
27.125,64.735,2023,7,0,2,3,0,5
27.12,64.813,2023,7,0,2,3,0,5
27.118,64.826,2023,7,0,2,3,0,5
27.115,64.916,2023,7,0,2,3,0,5
27.111,64.95,2023,7,0,2,3,0,5
27.108,64.845,2023,7,0,2,3,0,5
27.105,65.033,2023,7,0,3,3,0,4
27.1,65.079,2023,7,0,3,3,0,4
27.093,65.086,2023,7,0,3,3,0,5
27.082,65.089,2023,7,0,3,3,0,5
27.075,65.087,2023,7,0,3,3,0,5
27.072,65.087,2023,7,0,3,3,0,5
27.069,65.008,2023,7,0,3,3,0,5
27.069,65.024,2023,7,0,3,3,0,5
27.066,65.022,2023,7,0,3,3,0,5
27.058,65.066,2023,7,0,3,3,0,5
27.048,65.094,2023,7,0,3,3,0,5
27.04,65.091,2023,7,0,3,3,0,5
27.034,65.074,2023,7,0,3,3,0,5
27.027,65.014,2023,7,0,3,3,0,5
27.019,64.972,2023,7,0,3,3,0,5
27.011,64.823,2023,7,0,3,3,0,5
27.008,64.726,2023,7,0,3,3,0,5
27.005,64.621,2023,7,0,3,3,0,5
26.997,64.503,2023,7,0,3,3,0,5
26.988,64.379,2023,7,0,3,3,0,5
26.985,64.241,2023,7,0,3,3,0,5
26.979,64.2,2023,7,0,3,3,0,5
26.975,64.057,2023,7,0,3,3,0,5
26.972,64.008,2023,7,0,3,3,0,5
26.969,63.915,2023,7,0,3,3,0,5
26.965,63.852,2023,7,0,3,3,0,5
26.96,63.83,2023,7,0,3,3,0,5
26.949,63.728,2023,7,0,3,3,0,5
26.942,63.77,2023,7,0,3,3,0,5
26.937,63.748,2023,7,0,3,3,0,5
26.934,63.744,2023,7,0,4,3,0,5
26.927,63.721,2023,7,0,4,3,0,5
26.925,63.618,2023,7,0,4,3,0,5
26.919,63.504,2023,7,0,4,3,0,5
26.908,63.456,2023,7,0,4,3,0,5
26.895,63.375,2023,7,0,4,3,0,5
26.887,63.313,2023,7,0,4,3,0,5
26.873,63.242,2023,7,0,4,3,0,5
26.858,63.13,2023,7,0,4,3,0,5
26.844,63.022,2023,7,0,4,3,0,5
26.83,62.943,2023,7,0,4,3,0,5
26.821,62.804,2023,7,0,4,3,0,5
26.814,62.643,2023,7,0,4,3,0,5
26.801,62.142,2023,7,0,4,3,0,5
26.775,61.636,2023,7,0,4,3,0,5
26.746,60.828,2023,7,0,4,3,0,6
26.725,60.322,2023,7,0,4,3,0,6
26.702,59.962,2023,7,0,4,3,0,6
26.684,59.745,2023,7,0,4,3,0,6
26.669,59.428,2023,7,0,4,3,0,6
26.651,59.337,2023,7,0,4,3,0,6
26.626,59.153,2023,7,0,4,3,0,6
26.59,59.177,2023,7,0,4,3,0,6
26.559,59.116,2023,7,0,4,3,0,6
26.53,59.093,2023,7,0,4,3,0,6
26.51,59.128,2023,7,0,4,3,0,6
26.485,58.991,2023,7,0,4,3,0,6
26.471,58.919,2023,7,0,4,3,0,6
26.455,58.843,2023,7,0,4,3,0,6
26.445,58.694,2023,7,0,4,3,0,6
26.433,58.645,2023,7,0,5,3,0,6
26.41,58.644,2023,7,0,5,3,0,6
26.397,58.628,2023,7,0,5,3,0,6
26.387,58.654,2023,7,0,5,3,0,6
26.372,58.695,2023,7,0,5,3,0,6
26.358,58.704,2023,7,0,5,3,0,6
26.347,58.654,2023,7,0,5,3,0,6
26.331,58.547,2023,7,0,5,3,0,6
26.313,58.49,2023,7,0,5,3,0,6
26.297,58.375,2023,7,0,5,3,0,6
26.281,58.288,2023,7,0,5,3,0,6
26.255,58.245,2023,7,0,5,3,0,6
26.236,58.153,2023,7,0,5,3,0,6
26.226,57.983,2023,7,0,5,3,0,6
26.222,57.95,2023,7,0,5,3,0,6
26.208,58.018,2023,7,0,5,3,0,6
26.202,57.997,2023,7,0,5,3,0,6
26.196,58.004,2023,7,0,5,3,0,6
26.181,57.936,2023,7,0,5,3,0,6
26.157,57.92,2023,7,0,5,3,0,6
26.146,57.913,2023,7,0,5,3,0,6
26.14,57.81,2023,7,0,5,3,0,6
26.128,57.8,2023,7,0,5,3,0,6
26.119,57.689,2023,7,0,5,3,0,6
26.109,57.709,2023,7,0,5,3,0,6
26.104,57.671,2023,7,0,5,3,0,6
26.098,57.643,2023,7,0,5,3,0,6
26.086,57.609,2023,7,0,5,3,0,6
26.073,57.66,2023,7,0,5,3,0,6
26.06,57.774,2023,7,0,6,3,0,6
26.04,57.904,2023,7,0,6,3,0,6
26.028,58.028,2023,7,0,6,3,0,6
26.021,58.095,2023,7,0,6,3,0,6
26.015,58.052,2023,7,0,6,3,0,6
26.01,58.038,2023,7,0,6,3,0,6
25.996,58.081,2023,7,0,6,3,0,6
25.991,58.173,2023,7,0,6,3,0,6
25.985,58.179,2023,7,0,6,3,0,6
25.974,58.209,2023,7,0,6,3,0,6
25.968,58.303,2023,7,0,6,3,0,6
25.957,58.345,2023,7,0,6,3,0,6
25.935,58.388,2023,7,0,6,3,0,6
25.918,58.446,2023,7,0,6,3,0,6
25.898,58.493,2023,7,0,6,3,0,6
25.888,58.446,2023,7,0,6,3,0,7
25.881,58.539,2023,7,0,6,3,0,7
25.879,58.448,2023,7,0,6,3,0,7
25.864,58.353,2023,7,0,6,3,0,7
25.86,58.202,2023,7,0,6,3,0,7
25.859,58.173,2023,7,0,6,3,0,7
25.86,58.103,2023,7,0,6,3,0,7
25.863,58.093,2023,7,0,6,3,0,7
25.868,57.896,2023,7,0,6,3,0,7
25.86,57.798,2023,7,0,6,3,0,7
25.853,57.629,2023,7,0,6,3,0,7
25.83,57.571,2023,7,0,6,3,0,7
25.807,57.559,2023,7,0,6,3,0,7
25.796,57.525,2023,7,0,6,3,0,7
25.79,57.47,2023,7,0,6,3,0,7
25.781,57.487,2023,7,0,7,3,0,7
25.77,57.447,2023,7,0,7,3,0,7
25.761,57.434,2023,7,0,7,3,0,7
25.749,57.412,2023,7,0,7,3,0,7
25.744,57.296,2023,7,0,7,3,0,7
25.739,57.221,2023,7,0,7,3,0,7
25.739,57.117,2023,7,0,7,3,0,7
25.731,57.038,2023,7,0,7,3,0,7
25.721,56.885,2023,7,0,7,3,0,7
25.706,56.895,2023,7,0,7,3,0,7
25.698,56.925,2023,7,0,7,3,0,7
25.692,56.832,2023,7,0,7,3,0,7
25.683,56.774,2023,7,0,7,3,0,7
25.665,56.679,2023,7,0,7,3,0,7
25.648,56.492,2023,7,0,7,3,0,7
25.626,56.515,2023,7,0,7,3,0,7
25.612,56.554,2023,7,0,7,3,0,7
25.604,56.584,2023,7,0,7,3,0,7
25.6,56.594,2023,7,0,7,3,0,7
25.598,56.568,2023,7,0,7,3,0,7
25.604,56.609,2023,7,0,7,3,0,7
25.605,56.588,2023,7,0,7,3,0,7
25.596,56.534,2023,7,0,7,3,0,7
25.589,56.556,2023,7,0,7,3,0,7
25.584,56.565,2023,7,0,7,3,0,7
25.586,56.545,2023,7,0,7,3,0,7
25.586,56.551,2023,7,0,7,3,0,7
25.584,56.463,2023,7,0,7,3,0,7
25.58,56.345,2023,7,0,7,3,0,7
25.578,56.241,2023,7,0,8,3,0,7
25.573,56.19,2023,7,0,8,3,0,7
25.558,56.225,2023,7,0,8,3,0,7
25.554,56.303,2023,7,0,8,3,0,7
25.552,56.508,2023,7,0,8,3,0,7
25.552,56.562,2023,7,0,8,3,0,7
25.564,56.567,2023,7,0,8,3,0,7
25.578,56.566,2023,7,0,8,3,0,7
25.597,56.514,2023,7,0,8,3,0,7
25.625,56.157,2023,7,0,8,3,0,7
25.66,56.151,2023,7,0,8,3,0,7
25.691,56.17,2023,7,0,8,3,0,7
25.714,56.17,2023,7,0,8,3,0,7
25.741,55.98,2023,7,0,8,3,0,7
25.759,55.736,2023,7,0,8,3,0,7
25.77,55.714,2023,7,0,8,3,0,7
25.794,55.487,2023,7,0,8,3,0,7
25.813,55.663,2023,7,0,8,3,0,7
25.845,55.76,2023,7,0,8,3,0,7
25.893,55.857,2023,7,0,8,3,0,6
25.957,55.925,2023,7,0,8,3,0,6
26.033,55.894,2023,7,0,8,3,0,6
26.101,55.881,2023,7,0,8,3,0,6
26.165,55.768,2023,7,0,8,3,0,6
26.225,55.689,2023,7,0,8,3,0,6
26.275,55.618,2023,7,0,8,3,0,6
26.313,55.607,2023,7,0,8,3,0,6
26.35,55.602,2023,7,0,8,3,0,6
26.388,55.7,2023,7,0,8,3,0,6
26.432,55.756,2023,7,0,8,3,0,6
26.467,55.724,2023,7,0,9,3,0,6
26.499,55.716,2023,7,0,9,3,0,6
26.532,55.715,2023,7,0,9,3,0,6
26.567,55.632,2023,7,0,9,3,0,6
26.602,55.684,2023,7,0,9,3,0,6
26.645,55.716,2023,7,0,9,3,0,6
26.696,55.702,2023,7,0,9,3,0,6
26.756,55.694,2023,7,0,9,3,0,6
26.825,55.627,2023,7,0,9,3,0,6
26.896,55.49,2023,7,0,9,3,0,6
26.974,55.367,2023,7,0,9,3,0,6
27.045,55.206,2023,7,0,9,3,0,5
27.123,55.075,2023,7,0,9,3,0,5
27.203,54.928,2023,7,0,9,3,0,5
27.272,54.746,2023,7,0,9,3,0,5
27.349,54.602,2023,7,0,9,3,0,5
27.422,54.501,2023,7,0,9,3,0,5
27.498,54.293,2023,7,0,9,3,0,5
27.574,54.253,2023,7,0,9,3,0,5
27.639,54.221,2023,7,0,9,3,0,5
27.714,54.209,2023,7,0,9,3,0,5
27.786,54.152,2023,7,0,9,3,0,5
27.861,54.078,2023,7,0,9,3,0,5
27.933,54.038,2023,7,0,9,3,0,5
28.005,53.942,2023,7,0,9,3,0,5
28.085,53.734,2023,7,0,9,3,0,5
28.137,53.387,2023,7,0,9,3,0,5
28.158,52.078,2023,7,0,9,3,0,5
28.155,50.245,2023,7,0,9,3,0,5
28.034,49.198,2023,7,0,9,3,0,5
27.862,49.072,2023,7,0,10,3,0,5
27.732,49.381,2023,7,0,10,3,0,5
27.664,49.625,2023,7,0,10,3,0,5
27.649,49.712,2023,7,0,10,3,0,5
27.662,49.786,2023,7,0,10,3,0,5
27.67,49.532,2023,7,0,10,3,0,5
27.701,49.647,2023,7,0,10,3,0,5
27.719,49.275,2023,7,0,10,3,0,5
27.739,48.932,2023,7,0,10,3,0,5
27.763,48.862,2023,7,0,10,3,0,5
27.801,48.737,2023,7,0,10,3,0,5
27.88,48.908,2023,7,0,10,3,0,5
27.901,48.568,2023,7,0,10,3,0,5
27.914,48.495,2023,7,0,10,3,0,5
27.946,48.758,2023,7,0,10,3,0,5
27.972,48.722,2023,7,0,10,3,0,5
27.983,48.355,2023,7,0,10,3,0,5
28.006,48.308,2023,7,0,10,3,0,5
28.016,47.477,2023,7,0,10,3,0,5
28.028,47.508,2023,7,0,10,3,0,5
28.053,47.375,2023,7,0,10,3,0,5
28.098,47.613,2023,7,0,10,3,0,5
28.138,47.464,2023,7,0,10,3,0,5
28.17,47.394,2023,7,0,10,3,0,5
28.203,47.378,2023,7,0,10,3,0,5
28.214,46.34,2023,7,0,10,3,0,5
28.15,46.295,2023,7,0,10,3,0,5
28.046,46.568,2023,7,0,10,3,0,5
27.977,46.436,2023,7,0,10,3,0,5
27.902,46.433,2023,7,0,11,3,0,5
27.831,46.664,2023,7,0,11,3,0,5
27.762,46.969,2023,7,0,11,3,0,5
27.666,46.76,2023,7,0,11,3,0,5
27.587,47.171,2023,7,0,11,3,0,5
27.547,47.495,2023,7,0,11,3,0,5
27.512,47.39,2023,7,0,11,3,0,5
27.51,47.668,2023,7,0,11,3,0,5
27.535,47.495,2023,7,0,11,3,0,5
27.562,47.4,2023,7,0,11,3,0,5
27.568,47.176,2023,7,0,11,3,0,5
27.584,47.327,2023,7,0,11,3,0,5
27.594,47.448,2023,7,0,11,3,0,5
27.618,47.73,2023,7,0,11,3,0,5
27.628,47.98,2023,7,0,11,3,0,5
27.574,47.876,2023,7,0,11,3,0,5
27.503,47.758,2023,7,0,11,3,0,5
27.467,47.988,2023,7,0,11,3,0,5
27.478,48.603,2023,7,0,11,3,0,5
27.495,48.348,2023,7,0,11,3,0,5
27.493,48.43,2023,7,0,11,3,0,5
27.486,48.25,2023,7,0,11,3,0,5
27.481,48.333,2023,7,0,11,3,0,5
27.481,48.41,2023,7,0,11,3,0,5
27.496,48.315,2023,7,0,11,3,0,5
27.533,48.294,2023,7,0,11,3,0,5
27.58,48.462,2023,7,0,11,3,0,5
27.609,48.411,2023,7,0,11,3,0,5
27.624,48.14,2023,7,0,11,3,0,5
27.645,48.252,2023,7,0,12,3,0,5
27.668,48.14,2023,7,0,12,3,0,5
27.689,48.08,2023,7,0,12,3,0,5
27.699,47.685,2023,7,0,12,3,0,5
27.666,47.574,2023,7,0,12,3,0,5
27.642,49.538,2023,7,0,12,3,0,5
27.63,48.266,2023,7,0,12,3,0,5
27.588,47.501,2023,7,0,12,3,0,5
27.509,47.574,2023,7,0,12,3,0,5
27.482,48.046,2023,7,0,12,3,0,5
27.481,48.377,2023,7,0,12,3,0,5
27.48,48.076,2023,7,0,12,3,0,5
27.478,47.944,2023,7,0,12,3,0,5
27.472,47.818,2023,7,0,12,3,0,5
27.468,47.329,2023,7,0,12,3,0,5
27.471,47.643,2023,7,0,12,3,0,5
27.484,47.531,2023,7,0,12,3,0,5
27.486,47.545,2023,7,0,12,3,0,5
27.488,47.617,2023,7,0,12,3,0,5
27.503,47.92,2023,7,0,12,3,0,5
27.519,47.944,2023,7,0,12,3,0,5
27.536,47.983,2023,7,0,12,3,0,5
27.568,48.13,2023,7,0,12,3,0,5
27.605,48.078,2023,7,0,12,3,0,5
27.634,47.985,2023,7,0,12,3,0,5
27.65,47.698,2023,7,0,12,3,0,5
27.665,47.804,2023,7,0,12,3,0,5
27.683,47.699,2023,7,0,12,3,0,5
27.696,47.807,2023,7,0,12,3,0,5
27.721,47.85,2023,7,0,12,3,0,5
27.752,47.982,2023,7,0,13,3,0,5
27.76,47.391,2023,7,0,13,3,0,5
27.756,47.347,2023,7,0,13,3,0,5
27.765,47.347,2023,7,0,13,3,0,5
27.77,46.982,2023,7,0,13,3,0,5
27.77,46.983,2023,7,0,13,3,0,5
27.775,47.022,2023,7,0,13,3,0,5
27.757,47.048,2023,7,0,13,3,0,5
27.717,46.988,2023,7,0,13,3,0,5
27.669,47.057,2023,7,0,13,3,0,5
27.618,47.041,2023,7,0,13,3,0,5
27.587,47.289,2023,7,0,13,3,0,5
27.564,47.1,2023,7,0,13,3,0,5
27.53,46.406,2023,7,0,13,3,0,5
27.493,46.069,2023,7,0,13,3,0,5
27.477,46.103,2023,7,0,13,3,0,5
27.464,46.576,2023,7,0,13,3,0,5
27.445,46.048,2023,7,0,13,3,0,5
27.424,45.959,2023,7,0,13,3,0,5
27.414,45.697,2023,7,0,13,3,0,5
27.393,45.774,2023,7,0,13,3,0,5
27.36,46.034,2023,7,0,13,3,0,5
27.351,46.401,2023,7,0,13,3,0,5
27.357,46.64,2023,7,0,13,3,0,5
27.364,46.629,2023,7,0,13,3,0,5
27.371,46.655,2023,7,0,13,3,0,5
27.384,46.443,2023,7,0,13,3,0,5
27.408,46.271,2023,7,0,13,3,0,5
27.435,46.223,2023,7,0,13,3,0,5
27.45,46.136,2023,7,0,13,3,0,5
27.448,46.007,2023,7,0,14,3,0,5
27.427,46.284,2023,7,0,14,3,0,5
27.426,46.48,2023,7,0,14,3,0,5
27.432,46.497,2023,7,0,14,3,0,5
27.434,46.377,2023,7,0,14,3,0,5
27.443,46.674,2023,7,0,14,3,0,5
27.437,46.44,2023,7,0,14,3,0,5
27.41,45.511,2023,7,0,14,3,0,5
27.384,45.439,2023,7,0,14,3,0,5
27.352,45.219,2023,7,0,14,3,0,5
27.296,45.291,2023,7,0,14,3,0,5
27.266,45.288,2023,7,0,14,3,0,5
27.258,45.456,2023,7,0,14,3,0,5
27.256,45.639,2023,7,0,14,3,0,5
27.249,45.463,2023,7,0,14,3,0,5
27.239,45.655,2023,7,0,14,3,0,5
27.228,45.528,2023,7,0,14,3,0,5
27.213,45.678,2023,7,0,14,3,0,5
27.203,45.351,2023,7,0,14,3,0,5
27.193,45.178,2023,7,0,14,3,0,5
27.182,44.874,2023,7,0,14,3,0,5
27.156,45.151,2023,7,0,14,3,0,5
27.158,45.643,2023,7,0,14,3,0,5
27.154,45.703,2023,7,0,14,3,0,5
27.131,45.877,2023,7,0,14,3,0,5
27.118,45.759,2023,7,0,14,3,0,5
27.104,45.408,2023,7,0,14,3,0,5
27.096,45.129,2023,7,0,14,3,0,5
27.08,44.602,2023,7,0,14,3,0,5
27.068,44.429,2023,7,0,15,3,0,5
27.051,44.695,2023,7,0,15,3,0,5
27.054,44.901,2023,7,0,15,3,0,5
27.066,44.813,2023,7,0,15,3,0,5
27.077,45.006,2023,7,0,15,3,0,5
27.088,44.914,2023,7,0,15,3,0,5
27.085,44.657,2023,7,0,15,3,0,5
27.095,44.42,2023,7,0,15,3,0,5
27.111,44.373,2023,7,0,15,3,0,5
27.131,44.715,2023,7,0,15,3,0,5
27.155,44.879,2023,7,0,15,3,0,5
27.157,45.216,2023,7,0,15,3,0,5
27.146,44.85,2023,7,0,15,3,0,5
27.141,44.659,2023,7,0,15,3,0,5
27.133,44.704,2023,7,0,15,3,0,5
27.122,44.813,2023,7,0,15,3,0,5
27.116,44.833,2023,7,0,15,3,0,5
27.123,45.036,2023,7,0,15,3,0,5
27.126,44.985,2023,7,0,15,3,0,5
27.126,44.85,2023,7,0,15,3,0,5
27.14,44.905,2023,7,0,15,3,0,5
27.142,44.652,2023,7,0,15,3,0,5
27.138,44.918,2023,7,0,15,3,0,5
27.121,44.767,2023,7,0,15,3,0,5
27.106,44.78,2023,7,0,15,3,0,5
27.098,45.072,2023,7,0,15,3,0,5
27.082,44.915,2023,7,0,15,3,0,5
27.077,44.728,2023,7,0,15,3,0,5
27.077,44.683,2023,7,0,15,3,0,5
27.096,44.671,2023,7,0,15,3,0,5
27.109,44.632,2023,7,0,16,3,0,5
27.128,44.66,2023,7,0,16,3,0,5
27.148,44.948,2023,7,0,16,3,0,5
27.16,44.775,2023,7,0,16,3,0,5
27.17,44.963,2023,7,0,16,3,0,5
27.188,45.386,2023,7,0,16,3,0,5
27.206,45.631,2023,7,0,16,3,0,5
27.206,45.427,2023,7,0,16,3,0,5
27.212,46.266,2023,7,0,16,3,0,5
27.22,45.287,2023,7,0,16,3,0,5
27.221,45.233,2023,7,0,16,3,0,5
27.23,45.121,2023,7,0,16,3,0,5
27.24,45.417,2023,7,0,16,3,0,5
27.254,46.239,2023,7,0,16,3,0,5
27.257,45.64,2023,7,0,16,3,0,5
27.257,46.688,2023,7,0,16,3,0,5
27.265,47.252,2023,7,0,16,3,0,5
27.264,46.209,2023,7,0,16,3,0,5
27.262,46.648,2023,7,0,16,3,0,5
27.27,45.621,2023,7,0,16,3,0,5
27.265,46.069,2023,7,0,16,3,0,5
27.268,45.853,2023,7,0,16,3,0,5
27.267,45.429,2023,7,0,16,3,0,5
27.253,45.298,2023,7,0,16,3,0,5
27.254,46.224,2023,7,0,16,3,0,5
27.261,46.603,2023,7,0,16,3,0,5
27.271,46.821,2023,7,0,16,3,0,5
27.265,45.967,2023,7,0,16,3,0,5
27.247,45.636,2023,7,0,16,3,0,5
27.239,45.348,2023,7,0,16,3,0,5
27.25,45.424,2023,7,0,17,3,0,5
27.259,45.55,2023,7,0,17,3,0,5
27.265,45.279,2023,7,0,17,3,0,5
27.284,45.65,2023,7,0,17,3,0,5
27.303,45.776,2023,7,0,17,3,0,5
27.309,46.11,2023,7,0,17,3,0,5
27.322,46.034,2023,7,0,17,3,0,5
27.331,46.482,2023,7,0,17,3,0,5
27.346,47.336,2023,7,0,17,3,0,5
27.367,46.132,2023,7,0,17,3,0,5
27.375,46.398,2023,7,0,17,3,0,5
27.38,46.354,2023,7,0,17,3,0,5
27.406,47.744,2023,7,0,17,3,0,5
27.432,47.541,2023,7,0,17,3,0,5
27.458,49.041,2023,7,0,17,3,0,5
27.483,48.688,2023,7,0,17,3,0,5
27.522,49.692,2023,7,0,17,3,0,5
27.555,47.196,2023,7,0,17,3,0,5
27.581,50.666,2023,7,0,17,3,0,5
27.586,48.107,2023,7,0,17,3,0,5
27.591,48.622,2023,7,0,17,3,0,5
27.601,48.592,2023,7,0,17,3,0,5
27.607,49.664,2023,7,0,17,3,0,5
27.622,49.989,2023,7,0,17,3,0,5
27.637,48.142,2023,7,0,17,3,0,5
27.666,48.991,2023,7,0,17,3,0,5
27.673,47.011,2023,7,0,17,3,0,5
27.667,45.801,2023,7,0,17,3,0,5
27.666,45.042,2023,7,0,17,3,0,5
27.652,44.557,2023,7,0,18,3,0,5
27.634,44.978,2023,7,0,18,3,0,5
27.626,44.399,2023,7,0,18,3,0,5
27.623,44.526,2023,7,0,18,3,0,5
27.632,44.421,2023,7,0,18,3,0,5
27.636,43.622,2023,7,0,18,3,0,5
27.65,43.45,2023,7,0,18,3,0,5
27.649,43.192,2023,7,0,18,3,0,5
27.62,43.032,2023,7,0,18,3,0,5
27.574,42.869,2023,7,0,18,3,0,5
27.512,43.209,2023,7,0,18,3,0,5
27.485,43.367,2023,7,0,18,3,0,5
27.483,43.773,2023,7,0,18,3,0,5
27.483,43.43,2023,7,0,18,3,0,5
27.47,43.87,2023,7,0,18,3,0,5
27.461,43.422,2023,7,0,18,3,0,5
27.464,43.803,2023,7,0,18,3,0,5
27.478,43.766,2023,7,0,18,3,0,5
27.477,43.971,2023,7,0,18,3,0,5
27.476,44.039,2023,7,0,18,3,0,5
27.483,43.907,2023,7,0,18,3,0,5
27.466,43.658,2023,7,0,18,3,0,5
27.443,43.573,2023,7,0,18,3,0,5
27.417,43.57,2023,7,0,18,3,0,5
27.416,43.748,2023,7,0,18,3,0,5
27.425,43.923,2023,7,0,18,3,0,5
27.437,43.78,2023,7,0,18,3,0,5
27.437,43.365,2023,7,0,18,3,0,5
27.41,43.303,2023,7,0,18,3,0,5
27.364,43.695,2023,7,0,18,3,0,5
27.348,43.229,2023,7,0,19,3,0,5
27.321,43.283,2023,7,0,19,3,0,5
27.286,43.628,2023,7,0,19,3,0,5
27.28,44.021,2023,7,0,19,3,0,5
27.282,44.005,2023,7,0,19,3,0,5
27.267,43.897,2023,7,0,19,3,0,5
27.271,44.245,2023,7,0,19,3,0,5
27.293,44.612,2023,7,0,19,3,0,5
27.33,44.007,2023,7,0,19,3,0,5
27.349,44.297,2023,7,0,19,3,0,5
27.367,44.092,2023,7,0,19,3,0,5
27.377,44.252,2023,7,0,19,3,0,5
27.402,44.56,2023,7,0,19,3,0,5
27.43,44.816,2023,7,0,19,3,0,5
27.457,44.907,2023,7,0,19,3,0,5
27.479,44.895,2023,7,0,19,3,0,5
27.502,44.621,2023,7,0,19,3,0,5
27.523,44.852,2023,7,0,19,3,0,5
27.549,44.675,2023,7,0,19,3,0,5
27.574,44.785,2023,7,0,19,3,0,5
27.598,44.686,2023,7,0,19,3,0,5
27.623,44.757,2023,7,0,19,3,0,5
27.636,44.537,2023,7,0,19,3,0,5
27.633,44.101,2023,7,0,19,3,0,5
27.619,43.576,2023,7,0,19,3,0,5
27.599,44.007,2023,7,0,19,3,0,5
27.588,44.13,2023,7,0,19,3,0,5
27.57,44.189,2023,7,0,19,3,0,5
27.552,44.232,2023,7,0,19,3,0,5
27.529,43.832,2023,7,0,19,3,0,5
27.511,44.054,2023,7,0,20,3,0,5
27.495,44.207,2023,7,0,20,3,0,5
27.49,44.189,2023,7,0,20,3,0,5
27.487,44.215,2023,7,0,20,3,0,5
27.493,44.032,2023,7,0,20,3,0,5
27.493,43.838,2023,7,0,20,3,0,5
27.474,43.919,2023,7,0,20,3,0,5
27.452,44.263,2023,7,0,20,3,0,5
27.444,44.391,2023,7,0,20,3,0,5
27.448,44.341,2023,7,0,20,3,0,5
27.454,43.876,2023,7,0,20,3,0,5
27.457,44.122,2023,7,0,20,3,0,5
27.46,44.157,2023,7,0,20,3,0,5
27.463,44.371,2023,7,0,20,3,0,5
27.481,44.384,2023,7,0,20,3,0,5
27.499,44.459,2023,7,0,20,3,0,5
27.516,44.433,2023,7,0,20,3,0,5
27.528,44.289,2023,7,0,20,3,0,5
27.535,44.377,2023,7,0,20,3,0,5
27.545,44.377,2023,7,0,20,3,0,5
27.54,44.216,2023,7,0,20,3,0,5
27.508,44.231,2023,7,0,20,3,0,5
27.474,44.478,2023,7,0,20,3,0,5
27.452,44.452,2023,7,0,20,3,0,5
27.45,44.445,2023,7,0,20,3,0,5
27.442,44.522,2023,7,0,20,3,0,5
27.438,44.747,2023,7,0,20,3,0,5
27.449,44.512,2023,7,0,20,3,0,5
27.449,44.664,2023,7,0,20,3,0,5
27.455,44.812,2023,7,0,20,3,0,5
27.47,44.957,2023,7,0,21,3,0,5
27.48,45.023,2023,7,0,21,3,0,5
27.492,45.071,2023,7,0,21,3,0,5
27.507,45.044,2023,7,0,21,3,0,5
27.526,45.088,2023,7,0,21,3,0,5
27.538,45.006,2023,7,0,21,3,0,5
27.552,45.113,2023,7,0,21,3,0,5
27.557,45.27,2023,7,0,21,3,0,5
27.562,45.8,2023,7,0,21,3,0,5
27.564,46.002,2023,7,0,21,3,0,5
27.566,46.104,2023,7,0,21,3,0,5
27.571,46.201,2023,7,0,21,3,0,5
27.575,46.535,2023,7,0,21,3,0,5
27.563,46.853,2023,7,0,21,3,0,5
27.531,47.596,2023,7,0,21,3,0,5
27.482,48.22,2023,7,0,21,3,0,5
27.434,48.698,2023,7,0,21,3,0,5
27.392,49.266,2023,7,0,21,3,0,5
27.348,49.647,2023,7,0,21,3,0,5
27.317,50.14,2023,7,0,21,3,0,5
27.289,50.346,2023,7,0,21,3,0,5
27.268,50.473,2023,7,0,21,3,0,5
27.246,50.512,2023,7,0,21,3,0,5
27.208,50.438,2023,7,0,21,3,0,5
27.163,50.13,2023,7,0,21,3,0,5
27.115,49.87,2023,7,0,21,3,0,5
27.086,49.808,2023,7,0,21,3,0,5
27.061,49.915,2023,7,0,21,3,0,5
27.036,49.922,2023,7,0,21,3,0,5
27.01,49.88,2023,7,0,22,3,0,5
26.991,49.731,2023,7,0,22,3,0,6
26.967,49.56,2023,7,0,22,3,0,6
26.931,49.383,2023,7,0,22,3,0,6
26.89,49.242,2023,7,0,22,3,0,6
26.839,49.006,2023,7,0,22,3,0,6
26.794,48.929,2023,7,0,22,3,0,6
26.747,48.94,2023,7,0,22,3,0,6
26.718,49.102,2023,7,0,22,3,0,6
26.686,49.371,2023,7,0,22,3,0,6
26.656,49.509,2023,7,0,22,3,0,6
26.637,49.622,2023,7,0,22,3,0,6
26.636,49.689,2023,7,0,22,3,0,6
26.639,49.703,2023,7,0,22,3,0,6
26.649,49.594,2023,7,0,22,3,0,6
26.66,49.471,2023,7,0,22,3,0,6
26.659,49.387,2023,7,0,22,3,0,6
26.66,49.375,2023,7,0,22,3,0,6
26.663,49.344,2023,7,0,22,3,0,6
26.668,49.355,2023,7,0,22,3,0,6
26.675,49.417,2023,7,0,22,3,0,6
26.684,49.312,2023,7,0,22,3,0,6
26.687,49.239,2023,7,0,22,3,0,6
26.678,49.139,2023,7,0,22,3,0,6
26.663,49.083,2023,7,0,22,3,0,6
26.653,49.068,2023,7,0,22,3,0,6
26.633,48.962,2023,7,0,22,3,0,6
26.603,48.96,2023,7,0,22,3,0,6
26.585,49.18,2023,7,0,22,3,0,6
26.571,49.403,2023,7,0,22,3,0,6
26.567,49.546,2023,7,0,23,3,0,6
26.568,49.656,2023,7,0,23,3,0,6
26.562,49.708,2023,7,0,23,3,0,6
26.558,49.706,2023,7,0,23,3,0,6
26.547,49.603,2023,7,0,23,3,0,6
26.522,49.638,2023,7,0,23,3,0,6
26.492,49.775,2023,7,0,23,3,0,6
26.475,49.857,2023,7,0,23,3,0,6
26.464,49.882,2023,7,0,23,3,0,6
26.463,49.856,2023,7,0,23,3,0,6
26.468,49.851,2023,7,0,23,3,0,6
26.468,49.85,2023,7,0,23,3,0,6
26.453,49.872,2023,7,0,23,3,0,6
26.445,49.854,2023,7,0,23,3,0,6
26.442,49.833,2023,7,0,23,3,0,6
26.436,49.74,2023,7,0,23,3,0,6
26.434,49.685,2023,7,0,23,3,0,6
26.413,49.613,2023,7,0,23,3,0,6
26.381,49.533,2023,7,0,23,3,0,6
26.35,49.498,2023,7,0,23,3,0,6
26.33,49.448,2023,7,0,23,3,0,6
26.323,49.488,2023,7,0,23,3,0,6
26.324,49.575,2023,7,0,23,3,0,6
26.33,49.616,2023,7,0,23,3,0,6
26.331,49.627,2023,7,0,23,3,0,6
26.331,49.609,2023,7,0,23,3,0,6
26.324,49.61,2023,7,0,23,3,0,6
26.308,49.625,2023,7,0,23,3,0,6
26.283,49.655,2023,7,0,23,3,0,6
26.236,49.551,2023,7,0,23,3,0,6
26.173,49.615,2023,7,1,0,3,0,6
26.122,49.853,2023,7,1,0,3,0,6
26.073,49.895,2023,7,1,0,3,0,6
26.031,49.888,2023,7,1,0,3,0,6
26.002,49.966,2023,7,1,0,3,0,6
25.986,50.01,2023,7,1,0,3,0,6
25.981,50.02,2023,7,1,0,3,0,6
25.978,50.132,2023,7,1,0,3,0,6
25.979,50.314,2023,7,1,0,3,0,6
25.99,50.488,2023,7,1,0,3,0,6
26.02,50.498,2023,7,1,0,3,0,6
26.056,50.439,2023,7,1,0,3,0,6
26.083,50.31,2023,7,1,0,3,0,6
26.116,50.248,2023,7,1,0,3,0,6
26.146,50.094,2023,7,1,0,3,0,6
26.173,50.116,2023,7,1,0,3,0,6
26.201,49.922,2023,7,1,0,3,0,6
26.219,49.875,2023,7,1,0,3,0,6
26.235,49.802,2023,7,1,0,3,0,6
26.251,49.732,2023,7,1,0,3,0,6
26.265,49.632,2023,7,1,0,3,0,6
26.282,49.623,2023,7,1,0,3,0,6
26.292,49.488,2023,7,1,0,3,0,6
26.293,49.423,2023,7,1,0,3,0,6
26.294,49.358,2023,7,1,0,3,0,6
26.296,49.24,2023,7,1,0,3,0,6
26.296,49.188,2023,7,1,0,3,0,6
26.297,48.984,2023,7,1,0,3,0,6
26.289,48.88,2023,7,1,0,3,0,6
26.275,48.79,2023,7,1,0,3,0,6
26.267,48.773,2023,7,1,1,3,0,6
26.259,48.841,2023,7,1,1,3,0,6
26.257,48.846,2023,7,1,1,3,0,6
26.256,48.847,2023,7,1,1,3,0,6
26.257,48.847,2023,7,1,1,3,0,6
26.258,48.847,2023,7,1,1,3,0,6
26.261,48.846,2023,7,1,1,3,0,6
26.259,48.961,2023,7,1,1,3,0,6
26.269,48.966,2023,7,1,1,3,0,6
26.278,48.972,2023,7,1,1,3,0,6
26.286,48.911,2023,7,1,1,3,0,6
26.291,48.856,2023,7,1,1,3,0,6
26.296,48.926,2023,7,1,1,3,0,6
26.298,49.015,2023,7,1,1,3,0,6
26.304,48.865,2023,7,1,1,3,0,6
26.3,48.844,2023,7,1,1,3,0,6
26.298,48.853,2023,7,1,1,3,0,6
26.29,48.842,2023,7,1,1,3,0,6
26.279,48.748,2023,7,1,1,3,0,6
26.264,48.628,2023,7,1,1,3,0,6
26.249,48.594,2023,7,1,1,3,0,6
26.232,48.631,2023,7,1,1,3,0,6
26.218,48.602,2023,7,1,1,3,0,6
26.208,48.686,2023,7,1,1,3,0,6
26.191,48.748,2023,7,1,1,3,0,6
26.175,48.832,2023,7,1,1,3,0,6
26.167,48.781,2023,7,1,1,3,0,6
26.157,48.701,2023,7,1,1,3,0,6
26.15,48.685,2023,7,1,1,3,0,6
26.146,48.606,2023,7,1,1,3,0,6
26.145,48.173,2023,7,1,2,3,0,6
26.13,47.919,2023,7,1,2,3,0,6
26.099,47.971,2023,7,1,2,3,0,6
26.079,47.737,2023,7,1,2,3,0,6
26.061,47.863,2023,7,1,2,3,0,6
26.041,47.929,2023,7,1,2,3,0,6
26.023,48.096,2023,7,1,2,3,0,6
26.013,48.09,2023,7,1,2,3,0,6
26.004,48.106,2023,7,1,2,3,0,6
26.002,48.11,2023,7,1,2,3,0,6
25.993,48.105,2023,7,1,2,3,0,6
25.985,48.015,2023,7,1,2,3,0,6
25.969,47.979,2023,7,1,2,3,0,6
25.959,48.083,2023,7,1,2,3,0,6
25.957,47.743,2023,7,1,2,3,0,6
25.945,47.845,2023,7,1,2,3,0,6
25.927,47.928,2023,7,1,2,3,0,6
25.922,48.119,2023,7,1,2,3,0,6
25.918,48.318,2023,7,1,2,3,0,6
25.915,48.465,2023,7,1,2,3,0,6
25.914,48.616,2023,7,1,2,3,0,6
25.91,48.73,2023,7,1,2,3,0,6
25.909,48.845,2023,7,1,2,3,0,6
25.912,48.974,2023,7,1,2,3,0,6
25.915,49.025,2023,7,1,2,3,0,6
25.921,49.009,2023,7,1,2,3,0,6
25.922,49.025,2023,7,1,2,3,0,6
25.926,48.823,2023,7,1,2,3,0,6
25.925,48.582,2023,7,1,2,3,0,6
25.924,48.501,2023,7,1,3,3,0,6
25.918,48.334,2023,7,1,3,3,0,6
25.899,48.299,2023,7,1,3,3,0,6
25.884,48.078,2023,7,1,3,3,0,7
25.862,47.913,2023,7,1,3,3,0,7
25.835,47.953,2023,7,1,3,3,0,7
25.81,48.026,2023,7,1,3,3,0,7
25.792,48.034,2023,7,1,3,3,0,7
25.779,47.822,2023,7,1,3,3,0,7
25.75,47.947,2023,7,1,3,3,0,7
25.731,48.049,2023,7,1,3,3,0,7
25.724,48.092,2023,7,1,3,3,0,7
25.715,47.988,2023,7,1,3,3,0,7
25.712,48.039,2023,7,1,3,3,0,7
25.7,48.026,2023,7,1,3,3,0,7
25.678,48.093,2023,7,1,3,3,0,7
25.655,48.022,2023,7,1,3,3,0,7
25.64,48.057,2023,7,1,3,3,0,7
25.629,47.958,2023,7,1,3,3,0,7
25.609,48.055,2023,7,1,3,3,0,7
25.593,48.058,2023,7,1,3,3,0,7
25.583,48.125,2023,7,1,3,3,0,7
25.58,48.268,2023,7,1,3,3,0,7
25.584,48.15,2023,7,1,3,3,0,7
25.579,48.117,2023,7,1,3,3,0,7
25.575,48.044,2023,7,1,3,3,0,7
25.564,48.048,2023,7,1,3,3,0,7
25.555,48.032,2023,7,1,3,3,0,7
25.551,47.92,2023,7,1,3,3,0,7
25.544,47.94,2023,7,1,3,3,0,7
25.533,47.988,2023,7,1,4,3,0,7
25.528,47.946,2023,7,1,4,3,0,7
25.517,48.114,2023,7,1,4,3,0,7
25.513,48.086,2023,7,1,4,3,0,7
25.508,48.034,2023,7,1,4,3,0,7
25.505,48.07,2023,7,1,4,3,0,7
25.504,48.144,2023,7,1,4,3,0,7
25.505,48.038,2023,7,1,4,3,0,7
25.484,48.086,2023,7,1,4,3,0,7
25.471,48.21,2023,7,1,4,3,0,7
25.461,48.237,2023,7,1,4,3,0,7
25.448,48.273,2023,7,1,4,3,0,7
25.443,48.386,2023,7,1,4,3,0,7
25.441,48.397,2023,7,1,4,3,0,7
25.436,48.403,2023,7,1,4,3,0,7
25.431,48.423,2023,7,1,4,3,0,7
25.426,48.663,2023,7,1,4,3,0,7
25.424,48.678,2023,7,1,4,3,0,7
25.423,48.539,2023,7,1,4,3,0,7
25.404,48.525,2023,7,1,4,3,0,7
25.398,48.587,2023,7,1,4,3,0,7
25.396,48.529,2023,7,1,4,3,0,7
25.386,48.523,2023,7,1,4,3,0,7
25.371,48.482,2023,7,1,4,3,0,7
25.363,48.462,2023,7,1,4,3,0,7
25.358,48.519,2023,7,1,4,3,0,7
25.341,48.552,2023,7,1,4,3,0,7
25.337,48.571,2023,7,1,4,3,0,7
25.332,48.549,2023,7,1,4,3,0,7
25.325,48.536,2023,7,1,4,3,0,7
25.317,48.437,2023,7,1,5,3,0,7
25.301,48.473,2023,7,1,5,3,0,7
25.275,48.554,2023,7,1,5,3,0,7
25.265,48.598,2023,7,1,5,3,0,7
25.252,48.688,2023,7,1,5,3,0,7
25.249,48.674,2023,7,1,5,3,0,7
25.244,48.682,2023,7,1,5,3,0,7
25.239,48.722,2023,7,1,5,3,0,7
25.228,48.783,2023,7,1,5,3,0,7
25.218,48.88,2023,7,1,5,3,0,7
25.215,48.888,2023,7,1,5,3,0,7
25.213,48.937,2023,7,1,5,3,0,7
25.215,48.922,2023,7,1,5,3,0,7
25.215,48.832,2023,7,1,5,3,0,7
25.209,48.897,2023,7,1,5,3,0,7
25.207,48.706,2023,7,1,5,3,0,7
25.192,48.717,2023,7,1,5,3,0,7
25.178,48.791,2023,7,1,5,3,0,7
25.165,48.819,2023,7,1,5,3,0,7
25.157,48.888,2023,7,1,5,3,0,7
25.157,48.934,2023,7,1,5,3,0,7
25.166,48.968,2023,7,1,5,3,0,7
25.175,48.819,2023,7,1,5,3,0,7
25.177,48.803,2023,7,1,5,3,0,7
25.172,48.885,2023,7,1,5,3,0,7
25.168,48.893,2023,7,1,5,3,0,7
25.164,48.918,2023,7,1,5,3,0,7
25.156,48.929,2023,7,1,5,3,0,7
25.152,49.031,2023,7,1,5,3,0,7
25.164,48.951,2023,7,1,6,3,0,7
25.157,48.937,2023,7,1,6,3,0,7
25.147,49.036,2023,7,1,6,3,0,7
25.141,49.058,2023,7,1,6,3,0,7
25.132,49.061,2023,7,1,6,3,0,7
25.12,49.061,2023,7,1,6,3,0,7
25.107,49.173,2023,7,1,6,3,0,7
25.1,49.186,2023,7,1,6,3,0,7
25.096,49.191,2023,7,1,6,3,0,7
25.091,49.191,2023,7,1,6,3,0,7
25.089,49.192,2023,7,1,6,3,0,7
25.085,49.209,2023,7,1,6,3,0,7
25.079,49.307,2023,7,1,6,3,0,7
25.075,49.401,2023,7,1,6,3,0,7
25.082,49.332,2023,7,1,6,3,0,7
25.071,49.428,2023,7,1,6,3,0,7
25.062,49.457,2023,7,1,6,3,0,7
25.059,49.523,2023,7,1,6,3,0,7
25.061,49.572,2023,7,1,6,3,0,7
25.066,49.622,2023,7,1,6,3,0,7
25.076,49.612,2023,7,1,6,3,0,7
25.084,49.673,2023,7,1,6,3,0,7
25.09,49.688,2023,7,1,6,3,0,7
25.099,49.714,2023,7,1,6,3,0,7
25.113,49.678,2023,7,1,6,3,0,7
25.13,49.635,2023,7,1,6,3,0,7
25.14,49.611,2023,7,1,6,3,0,7
25.147,49.689,2023,7,1,6,3,0,7
25.161,49.694,2023,7,1,6,3,0,7
25.168,49.698,2023,7,1,6,3,0,7
25.174,49.762,2023,7,1,7,3,0,7
25.188,49.706,2023,7,1,7,3,0,7
25.201,49.675,2023,7,1,7,3,0,7
25.203,49.689,2023,7,1,7,3,0,7
25.21,49.707,2023,7,1,7,3,0,7
25.219,49.748,2023,7,1,7,3,0,7
25.218,49.702,2023,7,1,7,3,0,7
25.232,49.617,2023,7,1,7,3,0,7
25.239,49.606,2023,7,1,7,3,0,7
25.242,49.629,2023,7,1,7,3,0,7
25.242,49.747,2023,7,1,7,3,0,7
25.258,49.768,2023,7,1,7,3,0,7
25.271,49.786,2023,7,1,7,3,0,7
25.282,49.801,2023,7,1,7,3,0,7
25.285,49.867,2023,7,1,7,3,0,7
25.285,49.917,2023,7,1,7,3,0,7
25.283,49.882,2023,7,1,7,3,0,7
25.3,49.91,2023,7,1,7,3,0,7
25.316,49.946,2023,7,1,7,3,0,7
25.32,50.016,2023,7,1,7,3,0,7
25.326,50.085,2023,7,1,7,3,0,7
25.329,50.193,2023,7,1,7,3,0,7
25.329,50.236,2023,7,1,7,3,0,7
25.331,50.262,2023,7,1,7,3,0,7
25.332,50.299,2023,7,1,7,3,0,7
25.342,50.326,2023,7,1,7,3,0,7
25.357,50.346,2023,7,1,7,3,0,7
25.374,50.393,2023,7,1,7,3,0,7
25.388,50.408,2023,7,1,7,3,0,7
25.416,50.42,2023,7,1,7,3,0,7
25.436,50.324,2023,7,1,8,3,0,7
25.452,50.31,2023,7,1,8,3,0,7
25.464,50.31,2023,7,1,8,3,0,7
25.47,50.368,2023,7,1,8,3,0,7
25.479,50.364,2023,7,1,8,3,0,7
25.484,50.463,2023,7,1,8,3,0,7
25.495,50.523,2023,7,1,8,3,0,7
25.522,50.597,2023,7,1,8,3,0,7
25.548,50.56,2023,7,1,8,3,0,7
25.559,50.663,2023,7,1,8,3,0,7
25.573,50.732,2023,7,1,8,3,0,7
25.581,50.807,2023,7,1,8,3,0,7
25.583,50.859,2023,7,1,8,3,0,7
25.593,50.99,2023,7,1,8,3,0,7
25.61,51.036,2023,7,1,8,3,0,7
25.635,51.123,2023,7,1,8,3,0,7
25.671,51.167,2023,7,1,8,3,0,7
25.709,51.027,2023,7,1,8,3,0,7
25.73,51.035,2023,7,1,8,3,0,7
25.748,51.16,2023,7,1,8,3,0,7
25.782,51.381,2023,7,1,8,3,0,7
25.832,51.378,2023,7,1,8,3,0,7
25.863,51.401,2023,7,1,8,3,0,7
25.893,51.422,2023,7,1,8,3,0,6
25.915,51.512,2023,7,1,8,3,0,6
25.983,51.497,2023,7,1,8,3,0,6
26.027,51.409,2023,7,1,8,3,0,6
26.046,51.407,2023,7,1,8,3,0,6
26.063,51.525,2023,7,1,8,3,0,6
26.085,51.551,2023,7,1,9,3,0,6
26.113,51.533,2023,7,1,9,3,0,6
26.151,51.528,2023,7,1,9,3,0,6
26.202,51.524,2023,7,1,9,3,0,6
26.243,51.52,2023,7,1,9,3,0,6
26.29,51.576,2023,7,1,9,3,0,6
26.332,51.544,2023,7,1,9,3,0,6
26.371,51.587,2023,7,1,9,3,0,6
26.414,51.393,2023,7,1,9,3,0,6
26.474,51.221,2023,7,1,9,3,0,6
26.541,51.018,2023,7,1,9,3,0,6
26.565,50.988,2023,7,1,9,3,0,6
26.568,51.07,2023,7,1,9,3,0,6
26.57,51.158,2023,7,1,9,3,0,6
26.595,51.169,2023,7,1,9,3,0,6
26.625,51.114,2023,7,1,9,3,0,6
26.652,50.995,2023,7,1,9,3,0,6
26.674,50.98,2023,7,1,9,3,0,6
26.709,50.973,2023,7,1,9,3,0,6
26.74,50.869,2023,7,1,9,3,0,6
26.79,50.839,2023,7,1,9,3,0,6
26.843,50.834,2023,7,1,9,3,0,6
26.907,50.753,2023,7,1,9,3,0,6
26.989,50.682,2023,7,1,9,3,0,6
27.079,50.5,2023,7,1,9,3,0,5
27.163,50.212,2023,7,1,9,3,0,5
27.24,50.026,2023,7,1,9,3,0,5
27.307,49.785,2023,7,1,9,3,0,5
27.382,50.028,2023,7,1,9,3,0,5
27.447,50.169,2023,7,1,9,3,0,5
27.512,50.225,2023,7,1,10,3,0,5
27.581,50.116,2023,7,1,10,3,0,5
27.636,50.012,2023,7,1,10,3,0,5
27.708,49.829,2023,7,1,10,3,0,5
27.764,49.598,2023,7,1,10,3,0,5
27.826,49.024,2023,7,1,10,3,0,5
27.879,48.709,2023,7,1,10,3,0,5
27.919,48.562,2023,7,1,10,3,0,5
27.967,48.533,2023,7,1,10,3,0,5
28.03,47.816,2023,7,1,10,3,0,5
28.097,46.964,2023,7,1,10,3,0,5
28.145,46.913,2023,7,1,10,3,0,5
28.158,46.61,2023,7,1,10,3,0,5
28.124,46.474,2023,7,1,10,3,0,5
28.06,46.663,2023,7,1,10,3,0,5
28.012,46.9,2023,7,1,10,3,0,5
27.979,46.973,2023,7,1,10,3,0,5
27.97,47.143,2023,7,1,10,3,0,5
27.975,47.258,2023,7,1,10,3,0,5
27.981,47.188,2023,7,1,10,3,0,5
27.999,47.086,2023,7,1,10,3,0,5
28.029,47.237,2023,7,1,10,3,0,5
28.074,47.292,2023,7,1,10,3,0,5
28.11,47.268,2023,7,1,10,3,0,5
28.149,47.254,2023,7,1,10,3,0,5
